5.1999999999999997e-05,-1.7000000000000000e-05,1.0302039999999999e+00,-1.0210000000000000e-03,-3.3119999999999998e-03,-1.6451000000000000e-02,9.9985900000000005e-01,2.3568300000000000e-01,4.7479999999999996e-03,1.2813600000000000e-01,1.9195100000000001e-01,-2.9585400000000001e-01,-3.0222100000000002e-01,6.0899999999999995e-04,6.7997000000000002e-02,2.3760300000000001e-01,-2.6296500000000000e-01,-1.4900000000000000e-03,-4.9709999999999997e-03,1.7650120000000000e+00,2.4224300000000001e-01,1.3574459999999999e+00,-1.0014800000000000e-01,-1.6004350000000001e+00,-2.9581700000000000e-01,1.2638010000000000e+00
1.8300000000000000e-04,-6.2000000000000003e-05,1.0280879999999999e+00,-1.0260000000000000e-03,-4.4949999999999999e-03,-1.5318999999999999e-02,9.9987199999999998e-01,2.6002900000000001e-01,8.5229999999999993e-03,1.3672500000000001e-01,1.8021400000000001e-01,-3.1584499999999999e-01,-3.3990999999999999e-01,-5.2040000000000003e-03,7.5152999999999998e-02,2.2656200000000001e-01,-2.7964200000000000e-01,-3.5750000000000001e-03,7.0770000000000000e-02,1.7303440000000001e+00,4.7072300000000000e-01,1.2752390000000000e+00,-4.9417999999999997e-02,-1.5335960000000000e+00,-5.5926600000000004e-01,1.1406570000000000e+00
-1.4700000000000000e-04,-2.7200000000000000e-04,1.0272509999999999e+00,-9.8999999999999999e-04,-4.7640000000000000e-03,-1.4182999999999999e-02,9.9988800000000000e-01,2.6307399999999997e-01,9.6810000000000004e-03,1.3787900000000000e-01,1.7931100000000000e-01,-3.2057400000000003e-01,-3.4921999999999997e-01,-6.6740000000000002e-03,7.6561000000000004e-02,2.2509399999999999e-01,-2.8315600000000002e-01,-5.5440000000000003e-03,1.5042700000000001e-01,1.6831490000000000e+00,6.8362000000000001e-01,1.1942649999999999e+00,2.0100000000000001e-03,-1.4718770000000001e+00,-7.4964600000000003e-01,1.0435909999999999e+00
-6.1899999999999998e-04,-5.0199999999999995e-04,1.0269889999999999e+00,-9.3700000000000001e-04,-4.9449999999999997e-03,-1.3335000000000000e-02,9.9989799999999995e-01,2.6202300000000001e-01,9.9930000000000001e-03,1.3786599999999999e-01,1.7960100000000001e-01,-3.2157900000000000e-01,-3.5199100000000000e-01,-6.9319999999999998e-03,7.6775999999999997e-02,2.2513000000000000e-01,-2.8406999999999999e-01,-7.1329999999999996e-03,2.1254799999999999e-01,1.6372840000000000e+00,8.4605900000000001e-01,1.1198360000000001e+00,3.5944999999999998e-02,-1.4305870000000001e+00,-8.5885199999999995e-01,9.7843700000000000e-01
-1.1119999999999999e-03,-7.5400000000000000e-04,1.0269189999999999e+00,-9.0799999999999995e-04,-5.1190000000000003e-03,-1.2688000000000000e-02,9.9990599999999996e-01,2.6063500000000001e-01,1.0196000000000000e-02,1.3762600000000000e-01,1.7988999999999999e-01,-3.2178200000000001e-01,-3.5330400000000001e-01,-6.7819999999999998e-03,7.6835000000000001e-02,2.2521200000000000e-01,-2.8447600000000001e-01,-8.3610000000000004e-03,2.5102999999999998e-01,1.6037680000000001e+00,9.4577699999999998e-01,1.0649420000000001e+00,5.5240999999999998e-02,-1.4079670000000000e+00,-9.1349899999999995e-01,9.4105399999999995e-01
-1.6180000000000001e-03,-1.0369999999999999e-03,1.0269090000000001e+00,-9.2699999999999998e-04,-5.2909999999999997e-03,-1.2182000000000000e-02,9.9991099999999999e-01,2.5949899999999998e-01,1.0510000000000000e-02,1.3727900000000001e-01,1.8008299999999999e-01,-3.2177600000000001e-01,-3.5423600000000000e-01,-6.3990000000000002e-03,7.6982999999999996e-02,2.2506699999999999e-01,-2.8471299999999999e-01,-9.3439999999999999e-03,2.7120699999999998e-01,1.5833379999999999e+00,9.9795900000000004e-01,1.0309900000000001e+00,6.5430000000000002e-02,-1.3968290000000001e+00,-9.3889400000000001e-01,9.2151799999999995e-01
-2.1389999999999998e-03,-1.3480000000000000e-03,1.0269200000000001e+00,-1.0160000000000000e-03,-5.4260000000000003e-03,-1.1707000000000000e-02,9.9991600000000003e-01,2.5862299999999999e-01,1.0992000000000000e-02,1.3692199999999999e-01,1.7987300000000001e-01,-3.2158599999999998e-01,-3.5520400000000002e-01,-5.8019999999999999e-03,7.7266000000000001e-02,2.2457800000000000e-01,-2.8483399999999998e-01,-1.0173000000000000e-02,2.7990700000000002e-01,1.5717660000000000e+00,1.0221579999999999e+00,1.0118659999999999e+00,7.0524000000000003e-02,-1.3916720000000000e+00,-9.5008099999999995e-01,9.1173700000000002e-01
-2.6790000000000000e-03,-1.6739999999999999e-03,1.0269239999999999e+00,-1.1670000000000001e-03,-5.5979999999999997e-03,-1.1354000000000000e-02,9.9991900000000000e-01,2.5799100000000003e-01,1.1631000000000001e-02,1.3670599999999999e-01,1.7947600000000000e-01,-3.2145299999999999e-01,-3.5610199999999997e-01,-5.0850000000000001e-03,7.7654000000000001e-02,2.2400900000000001e-01,-2.8495799999999999e-01,-1.0859000000000001e-02,2.8255700000000000e-01,1.5652699999999999e+00,1.0319149999999999e+00,1.0017849999999999e+00,7.2694999999999996e-02,-1.3894029999999999e+00,-9.5447599999999999e-01,9.0680799999999995e-01
-3.2360000000000002e-03,-2.0079999999999998e-03,1.0269029999999999e+00,-1.3820000000000000e-03,-5.8139999999999997e-03,-1.1179000000000000e-02,9.9992000000000003e-01,2.5763700000000000e-01,1.2416000000000000e-02,1.3668800000000000e-01,1.7893899999999999e-01,-3.2156800000000002e-01,-3.5677999999999999e-01,-4.2630000000000003e-03,7.8063999999999995e-02,2.2353100000000001e-01,-2.8520699999999999e-01,-1.1344999999999999e-02,2.8250700000000001e-01,1.5616300000000001e+00,1.0347010000000001e+00,9.9683299999999997e-01,7.3271000000000003e-02,-1.3885190000000001e+00,-9.5555599999999996e-01,9.0421799999999997e-01
-3.8089999999999999e-03,-2.3620000000000000e-03,1.0268450000000000e+00,-1.6590000000000001e-03,-6.0809999999999996e-03,-1.1209999999999999e-02,9.9991699999999994e-01,2.5764500000000001e-01,1.3386000000000000e-02,1.3682000000000000e-01,1.7840200000000001e-01,-3.2212000000000002e-01,-3.5714899999999999e-01,-3.3070000000000000e-03,7.8572000000000003e-02,2.2308400000000000e-01,-2.8568700000000002e-01,-1.1627999999999999e-02,2.8161799999999998e-01,1.5597630000000000e+00,1.0342350000000000e+00,9.9477700000000002e-01,7.2781999999999999e-02,-1.3882369999999999e+00,-9.5515200000000000e-01,9.0263499999999997e-01
-4.4050000000000001e-03,-2.7529999999999998e-03,1.0267670000000000e+00,-2.0279999999999999e-03,-6.3749999999999996e-03,-1.1524000000000000e-02,9.9991099999999999e-01,2.5826199999999999e-01,1.4664999999999999e-02,1.3694899999999999e-01,1.7798700000000001e-01,-3.2304500000000003e-01,-3.5708499999999999e-01,-2.0769999999999999e-03,7.9263000000000000e-02,2.2240199999999999e-01,-2.8618800000000000e-01,-1.1724999999999999e-02,2.8092299999999998e-01,1.5589350000000000e+00,1.0330560000000000e+00,9.9436400000000003e-01,7.1441000000000004e-02,-1.3881289999999999e+00,-9.5374999999999999e-01,9.0141600000000000e-01
-5.0429999999999997e-03,-3.1449999999999998e-03,1.0266999999999999e+00,-2.3560000000000000e-03,-6.5120000000000004e-03,-1.2241999999999999e-02,9.9990100000000004e-01,2.5957700000000000e-01,1.5781000000000000e-02,1.3693200000000000e-01,1.7738699999999999e-01,-3.2400800000000002e-01,-3.5605900000000001e-01,-7.0899999999999999e-04,7.9030000000000003e-02,2.2255100000000000e-01,-2.8681299999999998e-01,-1.1577000000000000e-02,2.8160000000000002e-01,1.5580290000000001e+00,1.0330820000000001e+00,9.9465899999999996e-01,6.9045999999999996e-02,-1.3881960000000000e+00,-9.5133699999999999e-01,9.0049299999999999e-01
-5.7180000000000000e-03,-3.5070000000000001e-03,1.0266610000000000e+00,-2.6619999999999999e-03,-6.5490000000000001e-03,-1.3140000000000001e-02,9.9988900000000003e-01,2.6122699999999999e-01,1.6726000000000001e-02,1.3678299999999999e-01,1.7661099999999999e-01,-3.2471699999999998e-01,-3.5448499999999999e-01,6.8599999999999998e-04,7.8245999999999996e-02,2.2316500000000000e-01,-2.8740399999999999e-01,-1.1169000000000000e-02,2.8289999999999998e-01,1.5568940000000000e+00,1.0346740000000001e+00,9.9482000000000004e-01,6.6143999999999994e-02,-1.3883179999999999e+00,-9.4868300000000005e-01,8.9989600000000003e-01
-6.4159999999999998e-03,-3.8370000000000001e-03,1.0266439999999999e+00,-2.8960000000000001e-03,-6.5960000000000003e-03,-1.4050000000000000e-02,9.9987499999999996e-01,2.6282800000000001e-01,1.7451000000000001e-02,1.3656599999999999e-01,1.7594499999999999e-01,-3.2509100000000002e-01,-3.5286099999999998e-01,1.8720000000000000e-03,7.7322000000000002e-02,2.2393299999999999e-01,-2.8796899999999997e-01,-1.0558000000000000e-02,2.8427400000000003e-01,1.5557380000000001e+00,1.0371210000000000e+00,9.9432699999999996e-01,6.3563999999999996e-02,-1.3884390000000000e+00,-9.4626399999999999e-01,8.9942599999999995e-01
-7.1300000000000001e-03,-4.1500000000000000e-03,1.0266480000000000e+00,-3.0850000000000001e-03,-6.5620000000000001e-03,-1.4943000000000000e-02,9.9986200000000003e-01,2.6429900000000001e-01,1.8006000000000001e-02,1.3594200000000001e-01,1.7566100000000001e-01,-3.2533099999999998e-01,-3.5130800000000001e-01,3.0019999999999999e-03,7.6198000000000002e-02,2.2472300000000001e-01,-2.8850500000000001e-01,-9.8519999999999996e-03,2.8596300000000002e-01,1.5549130000000000e+00,1.0393269999999999e+00,9.9350400000000005e-01,6.1287000000000001e-02,-1.3884590000000001e+00,-9.4448299999999996e-01,8.9890700000000001e-01
-7.8580000000000004e-03,-4.4479999999999997e-03,1.0266640000000000e+00,-3.2650000000000001e-03,-6.4359999999999999e-03,-1.5751000000000001e-02,9.9985000000000002e-01,2.6549200000000001e-01,1.8461000000000002e-02,1.3464899999999999e-01,1.7620900000000000e-01,-3.2574599999999998e-01,-3.5001300000000002e-01,4.1489999999999999e-03,7.4850000000000000e-02,2.2558900000000001e-01,-2.8903400000000001e-01,-9.1210000000000006e-03,2.8760000000000002e-01,1.5543020000000001e+00,1.0407590000000000e+00,9.9200299999999997e-01,5.9506999999999997e-02,-1.3882960000000000e+00,-9.4326100000000002e-01,8.9843399999999995e-01
-8.5909999999999997e-03,-4.7260000000000002e-03,1.0266890000000000e+00,-3.4520000000000002e-03,-6.1869999999999998e-03,-1.6435000000000002e-02,9.9983999999999995e-01,2.6629999999999998e-01,1.8821999999999998e-02,1.3253000000000001e-01,1.7778700000000000e-01,-3.2647100000000001e-01,-3.4877599999999997e-01,5.3880000000000004e-03,7.3272000000000004e-02,2.2651399999999999e-01,-2.8953800000000002e-01,-8.4530000000000004e-03,2.8908299999999998e-01,1.5537909999999999e+00,1.0414710000000000e+00,9.9004800000000004e-01,5.8157000000000000e-02,-1.3879820000000000e+00,-9.4246700000000005e-01,8.9798100000000003e-01
-9.3050000000000008e-03,-4.9750000000000003e-03,1.0267219999999999e+00,-3.5980000000000001e-03,-5.8770000000000003e-03,-1.6974000000000000e-02,9.9983200000000005e-01,2.6681700000000003e-01,1.9029999999999998e-02,1.3019900000000001e-01,1.7954999999999999e-01,-3.2722499999999999e-01,-3.4768500000000002e-01,6.5399999999999998e-03,7.1663000000000004e-02,2.2733200000000001e-01,-2.8999500000000000e-01,-7.9000000000000008e-03,2.9003699999999999e-01,1.5533889999999999e+00,1.0416200000000000e+00,9.8817500000000003e-01,5.7091000000000003e-02,-1.3874919999999999e+00,-9.4184400000000001e-01,8.9740900000000001e-01
-9.9810000000000003e-03,-5.1859999999999996e-03,1.0267670000000000e+00,-3.6920000000000000e-03,-5.5719999999999997e-03,-1.7321000000000000e-02,9.9982800000000005e-01,2.6718799999999998e-01,1.9109999999999999e-02,1.2818299999999999e-01,1.8072600000000000e-01,-3.2766400000000001e-01,-3.4701500000000002e-01,7.4879999999999999e-03,7.0262000000000005e-02,2.2783999999999999e-01,-2.9034300000000002e-01,-7.5040000000000003e-03,2.9012399999999999e-01,1.5528420000000001e+00,1.0412589999999999e+00,9.8626800000000003e-01,5.6195000000000002e-02,-1.3868900000000000e+00,-9.4110000000000005e-01,8.9675099999999996e-01
-1.0621999999999999e-02,-5.3429999999999997e-03,1.0268280000000001e+00,-3.7180000000000000e-03,-5.2800000000000000e-03,-1.7500000000000002e-02,9.9982599999999999e-01,2.6735799999999998e-01,1.8988999999999999e-02,1.2649400000000000e-01,1.8135499999999999e-01,-3.2774900000000001e-01,-3.4676499999999999e-01,8.1799999999999998e-03,6.8943000000000004e-02,2.2818800000000000e-01,-2.9055700000000001e-01,-7.2719999999999998e-03,2.8921700000000000e-01,1.5523499999999999e+00,1.0403140000000000e+00,9.8431999999999997e-01,5.5287000000000003e-02,-1.3863930000000000e+00,-9.4010800000000005e-01,8.9589600000000003e-01
-1.1218000000000001e-02,-5.4460000000000003e-03,1.0269130000000000e+00,-3.7339999999999999e-03,-4.9569999999999996e-03,-1.7531000000000001e-02,9.9982700000000002e-01,2.6736599999999999e-01,1.8741000000000001e-02,1.2497400000000000e-01,1.8157999999999999e-01,-3.2753300000000002e-01,-3.4691800000000000e-01,8.7589999999999994e-03,6.7659999999999998e-02,2.2835600000000000e-01,-2.9052600000000001e-01,-7.1549999999999999e-03,2.8707600000000000e-01,1.5518240000000001e+00,1.0391410000000001e+00,9.8200600000000005e-01,5.4233999999999997e-02,-1.3857999999999999e+00,-9.3924600000000003e-01,8.9466000000000001e-01
-1.1756000000000001e-02,-5.5110000000000003e-03,1.0270130000000000e+00,-3.7529999999999998e-03,-4.5909999999999996e-03,-1.7503000000000001e-02,9.9982899999999997e-01,2.6731300000000002e-01,1.8475999999999999e-02,1.2350999999999999e-01,1.8161700000000000e-01,-3.2710200000000000e-01,-3.4729199999999999e-01,9.2999999999999992e-03,6.6471000000000002e-02,2.2822700000000001e-01,-2.9026800000000003e-01,-7.1230000000000000e-03,2.8451199999999999e-01,1.5512509999999999e+00,1.0379590000000001e+00,9.7944299999999995e-01,5.3113000000000000e-02,-1.3850739999999999e+00,-9.3842700000000001e-01,8.9302400000000004e-01
-1.2232000000000000e-02,-5.5550000000000000e-03,1.0271079999999999e+00,-3.7139999999999999e-03,-4.2240000000000003e-03,-1.7513999999999998e-02,9.9983100000000003e-01,2.6727800000000002e-01,1.8141999999999998e-02,1.2218300000000000e-01,1.8165600000000001e-01,-3.2664100000000001e-01,-3.4733300000000000e-01,9.7219999999999997e-03,6.5157000000000007e-02,2.2835800000000001e-01,-2.9011199999999998e-01,-7.1450000000000003e-03,2.8231400000000001e-01,1.5507210000000000e+00,1.0368120000000001e+00,9.7685100000000002e-01,5.1873000000000002e-02,-1.3842779999999999e+00,-9.3743299999999996e-01,8.9093999999999995e-01
-1.2649000000000001e-02,-5.5840000000000004e-03,1.0271880000000000e+00,-3.6430000000000000e-03,-3.9259999999999998e-03,-1.7579999999999998e-02,9.9983100000000003e-01,2.6723400000000003e-01,1.7815999999999999e-02,1.2117700000000001e-01,1.8161300000000000e-01,-3.2621899999999998e-01,-3.4712500000000002e-01,1.0015000000000000e-02,6.3918000000000003e-02,2.2863700000000001e-01,-2.9005999999999998e-01,-7.1760000000000001e-03,2.8033700000000000e-01,1.5502260000000001e+00,1.0357580000000000e+00,9.7422799999999998e-01,5.0623000000000001e-02,-1.3835459999999999e+00,-9.3626100000000001e-01,8.8860300000000003e-01
-1.3008000000000000e-02,-5.6049999999999997e-03,1.0272570000000001e+00,-3.5560000000000001e-03,-3.6809999999999998e-03,-1.7617000000000001e-02,9.9983200000000005e-01,2.6719799999999999e-01,1.7475999999999998e-02,1.2030800000000000e-01,1.8165100000000001e-01,-3.2587400000000000e-01,-3.4700999999999999e-01,1.0215000000000000e-02,6.2742999999999993e-02,2.2907500000000000e-01,-2.9005399999999998e-01,-7.1859999999999997e-03,2.7840700000000002e-01,1.5497300000000001e+00,1.0350109999999999e+00,9.7165100000000004e-01,4.9357999999999999e-02,-1.3829160000000000e+00,-9.3511900000000003e-01,8.8619400000000004e-01
-1.3302000000000000e-02,-5.6249999999999998e-03,1.0273140000000001e+00,-3.4610000000000001e-03,-3.4529999999999999e-03,-1.7655000000000001e-02,9.9983200000000005e-01,2.6722000000000001e-01,1.7111999999999999e-02,1.1948800000000000e-01,1.8180900000000000e-01,-3.2564900000000002e-01,-3.4699300000000000e-01,1.0357000000000000e-02,6.1644999999999998e-02,2.2955400000000001e-01,-2.9007400000000000e-01,-7.2170000000000003e-03,2.7654699999999999e-01,1.5492020000000000e+00,1.0347249999999999e+00,9.6901800000000005e-01,4.8053999999999999e-02,-1.3823730000000001e+00,-9.3416600000000005e-01,8.8389099999999998e-01
-1.3525000000000001e-02,-5.6480000000000002e-03,1.0273550000000000e+00,-3.3690000000000000e-03,-3.2560000000000002e-03,-1.7646999999999999e-02,9.9983299999999997e-01,2.6722600000000002e-01,1.6767000000000001e-02,1.1879000000000001e-01,1.8198400000000001e-01,-3.2556900000000000e-01,-3.4693700000000000e-01,1.0437000000000000e-02,6.0797999999999998e-02,2.2986200000000001e-01,-2.9011100000000001e-01,-7.2919999999999999e-03,2.7473799999999998e-01,1.5485720000000001e+00,1.0346750000000000e+00,9.6623599999999998e-01,4.6822000000000003e-02,-1.3819120000000000e+00,-9.3356499999999998e-01,8.8198600000000005e-01
-1.3670000000000000e-02,-5.6839999999999998e-03,1.0273810000000001e+00,-3.3029999999999999e-03,-3.1080000000000001e-03,-1.7536000000000000e-02,9.9983599999999995e-01,2.6709899999999998e-01,1.6545000000000001e-02,1.1824600000000000e-01,1.8213900000000000e-01,-3.2557199999999997e-01,-3.4696399999999999e-01,1.0508999999999999e-02,6.0308000000000000e-02,2.2995699999999999e-01,-2.9015900000000000e-01,-7.4170000000000000e-03,2.7299400000000001e-01,1.5479520000000000e+00,1.0346210000000000e+00,9.6331199999999995e-01,4.5810999999999998e-02,-1.3813820000000001e+00,-9.3368799999999996e-01,8.8037900000000002e-01
-1.3742000000000001e-02,-5.7279999999999996e-03,1.0273960000000000e+00,-3.2590000000000002e-03,-2.9970000000000001e-03,-1.7344999999999999e-02,9.9983999999999995e-01,2.6684700000000000e-01,1.6424999999999999e-02,1.1782600000000000e-01,1.8229100000000001e-01,-3.2562000000000002e-01,-3.4715600000000002e-01,1.0591000000000000e-02,6.0016000000000000e-02,2.3003799999999999e-01,-2.9021400000000003e-01,-7.5640000000000004e-03,2.7135999999999999e-01,1.5473770000000000e+00,1.0343530000000001e+00,9.6019800000000000e-01,4.5372000000000003e-02,-1.3807920000000000e+00,-9.3418400000000001e-01,8.7881200000000004e-01
-1.3743999999999999e-02,-5.7710000000000001e-03,1.0274070000000000e+00,-3.2290000000000001e-03,-2.9099999999999998e-03,-1.7092000000000000e-02,9.9984399999999996e-01,2.6648600000000000e-01,1.6374000000000000e-02,1.1746500000000000e-01,1.8251500000000001e-01,-3.2568000000000003e-01,-3.4730699999999998e-01,1.0680000000000000e-02,5.9741000000000002e-02,2.3034199999999999e-01,-2.9027599999999998e-01,-7.7010000000000004e-03,2.6954899999999998e-01,1.5468850000000001e+00,1.0339750000000001e+00,9.5711599999999997e-01,4.5589999999999999e-02,-1.3801460000000001e+00,-9.3481800000000004e-01,8.7722199999999995e-01
-1.3679000000000000e-02,-5.8120000000000003e-03,1.0274150000000000e+00,-3.1819999999999999e-03,-2.8620000000000000e-03,-1.6868999999999999e-02,9.9984899999999999e-01,2.6616200000000001e-01,1.6358999999999999e-02,1.1728300000000000e-01,1.8270200000000000e-01,-3.2572800000000002e-01,-3.4706799999999999e-01,1.0741000000000001e-02,5.9291999999999997e-02,2.3124000000000000e-01,-2.9036699999999999e-01,-7.8460000000000005e-03,2.6810800000000001e-01,1.5466279999999999e+00,1.0335500000000000e+00,9.5440300000000000e-01,4.5745000000000001e-02,-1.3794109999999999e+00,-9.3536799999999998e-01,8.7573400000000001e-01
-1.3542000000000000e-02,-5.8199999999999997e-03,1.0274160000000001e+00,-3.1480000000000002e-03,-2.8490000000000000e-03,-1.6683000000000000e-02,9.9985199999999996e-01,2.6588499999999998e-01,1.6312000000000000e-02,1.1733900000000000e-01,1.8276100000000001e-01,-3.2576500000000003e-01,-3.4653699999999998e-01,1.0694000000000000e-02,5.8888999999999997e-02,2.3228699999999999e-01,-2.9048400000000002e-01,-7.9850000000000008e-03,2.6716899999999999e-01,1.5465160000000000e+00,1.0331960000000000e+00,9.5189500000000005e-01,4.5711000000000002e-02,-1.3787940000000001e+00,-9.3584599999999996e-01,8.7450600000000001e-01
-1.3348000000000000e-02,-5.8040000000000001e-03,1.0274099999999999e+00,-3.0829999999999998e-03,-2.8670000000000002e-03,-1.6580000000000001e-02,9.9985400000000002e-01,2.6561099999999999e-01,1.6178999999999999e-02,1.1748100000000000e-01,1.8299499999999999e-01,-3.2586900000000002e-01,-3.4583300000000000e-01,1.0517000000000000e-02,5.8645999999999997e-02,2.3315800000000000e-01,-2.9058499999999998e-01,-8.1099999999999992e-03,2.6654400000000000e-01,1.5464869999999999e+00,1.0331630000000001e+00,9.4933199999999995e-01,4.5449000000000003e-02,-1.3783510000000001e+00,-9.3619399999999997e-01,8.7366699999999997e-01
-1.3105000000000000e-02,-5.7619999999999998e-03,1.0273980000000000e+00,-3.0060000000000000e-03,-2.8999999999999998e-03,-1.6553999999999999e-02,9.9985400000000002e-01,2.6530599999999999e-01,1.6003000000000000e-02,1.1742100000000000e-01,1.8388199999999999e-01,-3.2620300000000002e-01,-3.4508200000000000e-01,1.0265000000000000e-02,5.8546000000000001e-02,2.3383899999999999e-01,-2.9061799999999999e-01,-8.2129999999999998e-03,2.6603599999999999e-01,1.5465139999999999e+00,1.0336590000000001e+00,9.4655900000000004e-01,4.5045000000000002e-02,-1.3781159999999999e+00,-9.3629099999999998e-01,8.7336100000000005e-01
-1.2822999999999999e-02,-5.6930000000000001e-03,1.0273810000000001e+00,-2.9570000000000000e-03,-2.9900000000000000e-03,-1.6615000000000001e-02,9.9985299999999999e-01,2.6526800000000000e-01,1.5873000000000002e-02,1.1732200000000000e-01,1.8521000000000001e-01,-3.2667700000000000e-01,-3.4430500000000003e-01,9.9790000000000000e-03,5.8696999999999999e-02,2.3430200000000001e-01,-2.9056199999999999e-01,-8.3149999999999995e-03,2.6576800000000000e-01,1.5465750000000000e+00,1.0346500000000001e+00,9.4344200000000000e-01,4.4540000000000003e-02,-1.3778960000000000e+00,-9.3627700000000003e-01,8.7318899999999999e-01
-1.2527000000000000e-02,-5.6059999999999999e-03,1.0273650000000001e+00,-2.9120000000000001e-03,-3.1259999999999999e-03,-1.6598000000000002e-02,9.9985299999999999e-01,2.6499800000000001e-01,1.5757000000000000e-02,1.1700800000000000e-01,1.8705800000000000e-01,-3.2714100000000002e-01,-3.4371499999999999e-01,9.6270000000000001e-03,5.9014999999999998e-02,2.3465300000000000e-01,-2.9046000000000000e-01,-8.3540000000000003e-03,2.6581199999999999e-01,1.5466949999999999e+00,1.0360950000000000e+00,9.4010600000000000e-01,4.4100000000000000e-02,-1.3775320000000000e+00,-9.3624399999999997e-01,8.7278000000000000e-01
-1.2224000000000000e-02,-5.5079999999999999e-03,1.0273580000000000e+00,-2.8649999999999999e-03,-3.2560000000000002e-03,-1.6598000000000002e-02,9.9985299999999999e-01,2.6457900000000001e-01,1.5592999999999999e-02,1.1637100000000000e-01,1.8947800000000001e-01,-3.2749200000000001e-01,-3.4332400000000002e-01,9.2460000000000007e-03,5.9336000000000000e-02,2.3495199999999999e-01,-2.9033100000000001e-01,-8.3599999999999994e-03,2.6533400000000001e-01,1.5468480000000000e+00,1.0373030000000001e+00,9.3698700000000001e-01,4.3912000000000000e-02,-1.3770490000000000e+00,-9.3630899999999995e-01,8.7208200000000002e-01
-1.1923000000000000e-02,-5.4110000000000000e-03,1.0273490000000001e+00,-2.8040000000000001e-03,-3.4160000000000002e-03,-1.6667999999999999e-02,9.9985100000000005e-01,2.6417600000000002e-01,1.5422000000000000e-02,1.1559500000000000e-01,1.9227200000000000e-01,-3.2777099999999998e-01,-3.4292000000000000e-01,8.8220000000000000e-03,5.9545000000000001e-02,2.3552500000000001e-01,-2.9031200000000001e-01,-8.3739999999999995e-03,2.6450400000000002e-01,1.5473230000000000e+00,1.0382420000000001e+00,9.3482900000000002e-01,4.3987999999999999e-02,-1.3766259999999999e+00,-9.3625899999999995e-01,8.7119500000000005e-01
-1.1624000000000001e-02,-5.3169999999999997e-03,1.0273289999999999e+00,-2.7560000000000002e-03,-3.5920000000000001e-03,-1.6815000000000000e-02,9.9984799999999996e-01,2.6375100000000001e-01,1.5291000000000001e-02,1.1469100000000000e-01,1.9541500000000001e-01,-3.2814700000000002e-01,-3.4233799999999998e-01,8.4309999999999993e-03,5.9573000000000001e-02,2.3649999999999999e-01,-2.9047899999999999e-01,-8.4049999999999993e-03,2.6364199999999999e-01,1.5481490000000000e+00,1.0383680000000000e+00,9.3385399999999996e-01,4.4214000000000003e-02,-1.3764330000000000e+00,-9.3605099999999997e-01,8.7032100000000001e-01
-1.1324000000000001e-02,-5.2399999999999999e-03,1.0272930000000000e+00,-2.6730000000000000e-03,-3.8070000000000001e-03,-1.7040000000000000e-02,9.9984399999999996e-01,2.6352799999999998e-01,1.5157000000000000e-02,1.1416700000000000e-01,1.9807300000000000e-01,-3.2849099999999998e-01,-3.4153899999999998e-01,7.9900000000000006e-03,5.9485999999999997e-02,2.3782700000000001e-01,-2.9086000000000001e-01,-8.4659999999999996e-03,2.6338600000000001e-01,1.5491330000000001e+00,1.0376420000000000e+00,9.3361200000000000e-01,4.4527999999999998e-02,-1.3764529999999999e+00,-9.3605000000000005e-01,8.6972499999999997e-01
-1.1022000000000001e-02,-5.1820000000000000e-03,1.0272440000000000e+00,-2.5550000000000000e-03,-4.0489999999999996e-03,-1.7287000000000000e-02,9.9983900000000003e-01,2.6358599999999999e-01,1.5030999999999999e-02,1.1433400000000001e-01,1.9956900000000000e-01,-3.2865299999999997e-01,-3.4061700000000000e-01,7.4590000000000004e-03,5.9438999999999999e-02,2.3917600000000000e-01,-2.9135400000000000e-01,-8.5500000000000003e-03,2.6312900000000000e-01,1.5497420000000000e+00,1.0377240000000001e+00,9.3295399999999995e-01,4.4696000000000000e-02,-1.3765970000000001e+00,-9.3599399999999999e-01,8.6929000000000001e-01
-1.0730999999999999e-02,-5.1460000000000004e-03,1.0271910000000000e+00,-2.4930000000000000e-03,-4.3080000000000002e-03,-1.7559000000000002e-02,9.9983299999999997e-01,2.6379399999999997e-01,1.5062000000000001e-02,1.1497200000000000e-01,2.0019500000000001e-01,-3.2879300000000000e-01,-3.3991700000000002e-01,7.0289999999999997e-03,5.9708999999999998e-02,2.4002599999999999e-01,-2.9169600000000001e-01,-8.6429999999999996e-03,2.6217600000000002e-01,1.5496529999999999e+00,1.0389880000000000e+00,9.3118999999999996e-01,4.4790999999999997e-02,-1.3767540000000000e+00,-9.3593099999999996e-01,8.6884200000000000e-01
-1.0468000000000000e-02,-5.1419999999999999e-03,1.0271410000000001e+00,-2.4910000000000002e-03,-4.5610000000000000e-03,-1.7828000000000000e-02,9.9982800000000005e-01,2.6407500000000000e-01,1.5263000000000001e-02,1.1580100000000000e-01,2.0030899999999999e-01,-3.2888499999999998e-01,-3.3940700000000001e-01,6.7570000000000000e-03,6.0241999999999997e-02,2.4038499999999999e-01,-2.9184900000000003e-01,-8.7460000000000003e-03,2.6122499999999998e-01,1.5491079999999999e+00,1.0402890000000000e+00,9.2942499999999995e-01,4.4715999999999999e-02,-1.3768670000000001e+00,-9.3593899999999997e-01,8.6835099999999998e-01
-1.0248000000000000e-02,-5.1690000000000000e-03,1.0270940000000000e+00,-2.5339999999999998e-03,-4.8040000000000001e-03,-1.8100000000000002e-02,9.9982099999999996e-01,2.6437899999999998e-01,1.5580000000000000e-02,1.1662300000000000e-01,2.0029800000000000e-01,-3.2900699999999999e-01,-3.3897200000000000e-01,6.6340000000000001e-03,6.0868999999999999e-02,2.4052000000000001e-01,-2.9190899999999997e-01,-8.8459999999999997e-03,2.6075799999999999e-01,1.5489790000000001e+00,1.0405899999999999e+00,9.2855399999999999e-01,4.4546000000000002e-02,-1.3768100000000001e+00,-9.3595399999999995e-01,8.6794899999999997e-01
-1.0083999999999999e-02,-5.2209999999999999e-03,1.0270500000000000e+00,-2.6150000000000001e-03,-5.0359999999999997e-03,-1.8414000000000000e-02,9.9981399999999998e-01,2.6478000000000002e-01,1.5977999999999999e-02,1.1733600000000000e-01,2.0023400000000000e-01,-3.2922800000000002e-01,-3.3844700000000000e-01,6.6379999999999998e-03,6.1455000000000003e-02,2.4061900000000000e-01,-2.9193300000000000e-01,-8.9440000000000006e-03,2.6076400000000000e-01,1.5493020000000000e+00,1.0394559999999999e+00,9.2903599999999997e-01,4.4301000000000000e-02,-1.3766910000000001e+00,-9.3580099999999999e-01,8.6776299999999995e-01
-9.9699999999999997e-03,-5.3060000000000000e-03,1.0270090000000001e+00,-2.7070000000000002e-03,-5.2170000000000003e-03,-1.8724999999999999e-02,9.9980700000000000e-01,2.6526600000000000e-01,1.6409000000000000e-02,1.1790600000000000e-01,2.0010900000000001e-01,-3.2945099999999999e-01,-3.3786899999999997e-01,6.7629999999999999e-03,6.1976999999999997e-02,2.4061800000000000e-01,-2.9197400000000001e-01,-9.0449999999999992e-03,2.6038299999999998e-01,1.5493410000000001e+00,1.0376300000000001e+00,9.3045000000000000e-01,4.4073000000000001e-02,-1.3766160000000001e+00,-9.3555699999999997e-01,8.6787700000000001e-01
-9.9050000000000006e-03,-5.4250000000000001e-03,1.0269720000000000e+00,-2.7959999999999999e-03,-5.3559999999999997e-03,-1.9040000000000001e-02,9.9980000000000002e-01,2.6589099999999999e-01,1.6857000000000000e-02,1.1840100000000001e-01,1.9980400000000001e-01,-3.2961699999999999e-01,-3.3733800000000003e-01,6.9709999999999998e-03,6.2474000000000002e-02,2.4042700000000000e-01,-2.9205399999999998e-01,-9.1420000000000008e-03,2.5919700000000001e-01,1.5487059999999999e+00,1.0360050000000001e+00,9.3221299999999996e-01,4.3914000000000002e-02,-1.3765890000000001e+00,-9.3537099999999995e-01,8.6832500000000001e-01
-9.8809999999999992e-03,-5.5779999999999996e-03,1.0269379999999999e+00,-2.9009999999999999e-03,-5.4660000000000004e-03,-1.9386000000000000e-02,9.9979300000000004e-01,2.6663399999999998e-01,1.7354000000000001e-02,1.1889300000000000e-01,1.9925699999999999e-01,-3.2969799999999999e-01,-3.3692699999999998e-01,7.2750000000000002e-03,6.3039999999999999e-02,2.3995400000000000e-01,-2.9214600000000002e-01,-9.2219999999999993e-03,2.5789699999999999e-01,1.5476399999999999e+00,1.0347320000000000e+00,9.3385399999999996e-01,4.3826999999999998e-02,-1.3765900000000000e+00,-9.3525300000000000e-01,8.6902599999999997e-01
-9.8919999999999998e-03,-5.7570000000000000e-03,1.0269060000000001e+00,-3.0019999999999999e-03,-5.5640000000000004e-03,-1.9712000000000000e-02,9.9978599999999995e-01,2.6739099999999999e-01,1.7850000000000001e-02,1.1944399999999999e-01,1.9846600000000000e-01,-3.2969300000000001e-01,-3.3668700000000001e-01,7.6049999999999998e-03,6.3698000000000005e-02,2.3921000000000001e-01,-2.9221100000000000e-01,-9.2700000000000005e-03,2.5682400000000000e-01,1.5461430000000000e+00,1.0337440000000000e+00,9.3476599999999999e-01,4.3757999999999998e-02,-1.3764740000000000e+00,-9.3537599999999999e-01,8.6997000000000002e-01
-9.9299999999999996e-03,-5.9610000000000002e-03,1.0268699999999999e+00,-3.1189999999999998e-03,-5.6800000000000002e-03,-2.0015999999999999e-02,9.9977899999999997e-01,2.6815800000000001e-01,1.8398999999999999e-02,1.2008000000000001e-01,1.9752300000000000e-01,-3.2969199999999999e-01,-3.3653499999999997e-01,7.9830000000000005e-03,6.4425999999999997e-02,2.3841300000000001e-01,-2.9230099999999998e-01,-9.2990000000000000e-03,2.5625900000000001e-01,1.5446050000000000e+00,1.0327759999999999e+00,9.3543600000000005e-01,4.3754000000000001e-02,-1.3762840000000001e+00,-9.3578300000000003e-01,8.7108699999999994e-01
-9.9930000000000001e-03,-6.1850000000000004e-03,1.0268240000000000e+00,-3.2640000000000000e-03,-5.8349999999999999e-03,-2.0292000000000001e-02,9.9977199999999999e-01,2.6898000000000000e-01,1.9054999999999999e-02,1.2082800000000000e-01,1.9644600000000001e-01,-3.2980100000000001e-01,-3.3634500000000001e-01,8.4430000000000009e-03,6.5174999999999997e-02,2.3777799999999999e-01,-2.9247299999999998e-01,-9.3209999999999994e-03,2.5601800000000002e-01,1.5433969999999999e+00,1.0316680000000000e+00,9.3633000000000000e-01,4.3940000000000000e-02,-1.3760550000000000e+00,-9.3616800000000000e-01,8.7222400000000000e-01
-1.0085999999999999e-02,-6.4089999999999998e-03,1.0267649999999999e+00,-3.4280000000000001e-03,-6.0780000000000001e-03,-2.0570999999999999e-02,9.9976399999999999e-01,2.6984700000000000e-01,1.9793999999999999e-02,1.2180500000000000e-01,1.9522700000000001e-01,-3.3002500000000001e-01,-3.3606700000000000e-01,8.8920000000000006e-03,6.5928000000000000e-02,2.3743300000000001e-01,-2.9271700000000000e-01,-9.3439999999999999e-03,2.5564199999999998e-01,1.5427370000000000e+00,1.0300180000000001e+00,9.3769400000000003e-01,4.4386000000000002e-02,-1.3758330000000001e+00,-9.3637700000000001e-01,8.7321899999999997e-01
-1.0196000000000000e-02,-6.6210000000000001e-03,1.0267080000000000e+00,-3.5530000000000002e-03,-6.2269999999999999e-03,-2.0854999999999999e-02,9.9975700000000001e-01,2.7064899999999997e-01,2.0390999999999999e-02,1.2275899999999999e-01,1.9375800000000001e-01,-3.3027099999999998e-01,-3.3561099999999999e-01,9.3360000000000005e-03,6.6266000000000005e-02,2.3745300000000000e-01,-2.9305100000000001e-01,-9.3640000000000008e-03,2.5482900000000003e-01,1.5425279999999999e+00,1.0279480000000001e+00,9.3940699999999999e-01,4.5009000000000000e-02,-1.3755269999999999e+00,-9.3670600000000004e-01,8.7401399999999996e-01
-1.0328000000000000e-02,-6.8149999999999999e-03,1.0266590000000000e+00,-3.6350000000000002e-03,-6.2839999999999997e-03,-2.1125000000000001e-02,9.9975000000000003e-01,2.7141300000000002e-01,2.0836000000000000e-02,1.2370000000000000e-01,1.9196600000000000e-01,-3.3042500000000002e-01,-3.3512399999999998e-01,9.7579999999999993e-03,6.6303000000000001e-02,2.3758399999999999e-01,-2.9341299999999998e-01,-9.3720000000000001e-03,2.5392100000000001e-01,1.5425070000000001e+00,1.0257400000000001e+00,9.4127799999999995e-01,4.5384000000000001e-02,-1.3752279999999999e+00,-9.3715400000000004e-01,8.7451400000000001e-01
-1.0484000000000000e-02,-6.9769999999999997e-03,1.0266139999999999e+00,-3.7339999999999999e-03,-6.2859999999999999e-03,-2.1347000000000001e-02,9.9974499999999999e-01,2.7202100000000001e-01,2.1240999999999999e-02,1.2433800000000000e-01,1.9049700000000000e-01,-3.3068500000000001e-01,-3.3463700000000002e-01,1.0233000000000001e-02,6.6141000000000005e-02,2.3785000000000001e-01,-2.9380699999999998e-01,-9.3489999999999997e-03,2.5323699999999999e-01,1.5426370000000000e+00,1.0237099999999999e+00,9.4301000000000001e-01,4.5510000000000002e-02,-1.3749979999999999e+00,-9.3751700000000004e-01,8.7471399999999999e-01
-1.0662000000000000e-02,-7.1029999999999999e-03,1.0265770000000001e+00,-3.8330000000000000e-03,-6.2350000000000001e-03,-2.1544000000000001e-02,9.9974099999999999e-01,2.7251900000000001e-01,2.1565999999999998e-02,1.2470400000000000e-01,1.8931700000000001e-01,-3.3100400000000002e-01,-3.3414800000000000e-01,1.0720000000000000e-02,6.5812999999999997e-02,2.3816300000000001e-01,-2.9417599999999999e-01,-9.3120000000000008e-03,2.5258300000000000e-01,1.5428750000000000e+00,1.0219229999999999e+00,9.4421699999999997e-01,4.5893000000000003e-02,-1.3749080000000000e+00,-9.3799100000000002e-01,8.7486100000000000e-01
-1.0855999999999999e-02,-7.1879999999999999e-03,1.0265560000000000e+00,-3.9189999999999997e-03,-6.1219999999999998e-03,-2.1683000000000001e-02,9.9973800000000002e-01,2.7292899999999998e-01,2.1783000000000000e-02,1.2476700000000000e-01,1.8840599999999999e-01,-3.3129100000000000e-01,-3.3372499999999999e-01,1.1179000000000000e-02,6.5365999999999994e-02,2.3838899999999999e-01,-2.9446000000000000e-01,-9.2709999999999997e-03,2.5161400000000000e-01,1.5431440000000001e+00,1.0204560000000000e+00,9.4458799999999998e-01,4.6560999999999998e-02,-1.3749279999999999e+00,-9.3854099999999996e-01,8.7510600000000005e-01
-1.1065000000000000e-02,-7.2300000000000003e-03,1.0265550000000001e+00,-3.9659999999999999e-03,-5.9600000000000000e-03,-2.1732999999999999e-02,9.9973800000000002e-01,2.7308199999999999e-01,2.1810000000000000e-02,1.2453599999999999e-01,1.8781100000000001e-01,-3.3147199999999999e-01,-3.3347599999999999e-01,1.1545000000000000e-02,6.4795000000000005e-02,2.3854100000000000e-01,-2.9466100000000001e-01,-9.2399999999999999e-03,2.5023200000000001e-01,1.5433770000000000e+00,1.0190340000000000e+00,9.4428500000000004e-01,4.7425000000000002e-02,-1.3751270000000000e+00,-9.3908700000000001e-01,8.7541000000000002e-01
-1.1279000000000001e-02,-7.2309999999999996e-03,1.0265800000000000e+00,-3.9370000000000004e-03,-5.7450000000000001e-03,-2.1697999999999999e-02,9.9973999999999996e-01,2.7298800000000001e-01,2.1573999999999999e-02,1.2400899999999999e-01,1.8755900000000000e-01,-3.3143000000000000e-01,-3.3341799999999999e-01,1.1740000000000000e-02,6.4064999999999997e-02,2.3865700000000001e-01,-2.9477700000000001e-01,-9.2610000000000001e-03,2.4842000000000000e-01,1.5435939999999999e+00,1.0175019999999999e+00,9.4360200000000005e-01,4.8264000000000001e-02,-1.3754480000000000e+00,-9.3949400000000005e-01,8.7563800000000003e-01
-1.1478000000000000e-02,-7.1989999999999997e-03,1.0266230000000001e+00,-3.8370000000000001e-03,-5.4990000000000004e-03,-2.1627000000000000e-02,9.9974399999999997e-01,2.7274900000000002e-01,2.1120000000000000e-02,1.2335500000000001e-01,1.8748999999999999e-01,-3.3116000000000001e-01,-3.3349000000000001e-01,1.1750999999999999e-02,6.3235000000000000e-02,2.3877200000000001e-01,-2.9482100000000000e-01,-9.3410000000000003e-03,2.4639600000000000e-01,1.5438540000000001e+00,1.0158590000000001e+00,9.4286899999999996e-01,4.8939000000000003e-02,-1.3757239999999999e+00,-9.3974000000000002e-01,8.7555700000000003e-01
-1.1639999999999999e-02,-7.1459999999999996e-03,1.0266690000000001e+00,-3.7520000000000001e-03,-5.2529999999999999e-03,-2.1500999999999999e-02,9.9974799999999997e-01,2.7240500000000001e-01,2.0681000000000001e-02,1.2273000000000001e-01,1.8741600000000000e-01,-3.3085399999999998e-01,-3.3366000000000001e-01,1.1733000000000000e-02,6.2517000000000003e-02,2.3886700000000000e-01,-2.9483700000000002e-01,-9.4850000000000004e-03,2.4442900000000001e-01,1.5443860000000000e+00,1.0139870000000000e+00,9.4235300000000000e-01,4.9695000000000003e-02,-1.3759159999999999e+00,-9.3979699999999999e-01,8.7504700000000002e-01
-1.1776000000000000e-02,-7.0840000000000000e-03,1.0267160000000000e+00,-3.6890000000000000e-03,-4.9579999999999997e-03,-2.1328000000000000e-02,9.9975300000000000e-01,2.7201100000000000e-01,2.0257000000000001e-02,1.2198299999999999e-01,1.8739900000000001e-01,-3.3062300000000000e-01,-3.3388200000000001e-01,1.1781000000000000e-02,6.1719000000000003e-02,2.3899000000000001e-01,-2.9483999999999999e-01,-9.6819999999999996e-03,2.4249899999999999e-01,1.5452930000000000e+00,1.0117170000000000e+00,9.4218199999999996e-01,5.0608000000000000e-02,-1.3759870000000001e+00,-9.3972900000000004e-01,8.7414599999999998e-01
-1.1886000000000001e-02,-7.0169999999999998e-03,1.0267620000000000e+00,-3.6440000000000001e-03,-4.6360000000000004e-03,-2.1156000000000001e-02,9.9975899999999995e-01,2.7161900000000000e-01,1.9858000000000001e-02,1.2117900000000000e-01,1.8743099999999999e-01,-3.3045600000000003e-01,-3.3408399999999999e-01,1.1879000000000001e-02,6.0845000000000003e-02,2.3918400000000001e-01,-2.9483900000000002e-01,-9.9120000000000007e-03,2.4080499999999999e-01,1.5464869999999999e+00,1.0090539999999999e+00,9.4227700000000003e-01,5.1180999999999997e-02,-1.3759070000000000e+00,-9.3966600000000000e-01,8.7337200000000004e-01
-1.1971000000000001e-02,-6.9569999999999996e-03,1.0268020000000000e+00,-3.6340000000000001e-03,-4.3340000000000002e-03,-2.1006000000000000e-02,9.9976299999999996e-01,2.7127200000000001e-01,1.9560000000000001e-02,1.2043600000000000e-01,1.8744100000000000e-01,-3.3032800000000001e-01,-3.3418100000000001e-01,1.2043999999999999e-02,6.0007999999999999e-02,2.3945200000000000e-01,-2.9484300000000002e-01,-1.0161000000000000e-02,2.3935600000000001e-01,1.5477700000000001e+00,1.0062540000000000e+00,9.4264199999999998e-01,5.1538000000000000e-02,-1.3757670000000000e+00,-9.3936299999999995e-01,8.7291200000000002e-01
-1.2023000000000001e-02,-6.9140000000000000e-03,1.0268349999999999e+00,-3.6200000000000000e-03,-4.0530000000000002e-03,-2.0903000000000001e-02,9.9976699999999996e-01,2.7111000000000002e-01,1.9328000000000001e-02,1.1980100000000000e-01,1.8740399999999999e-01,-3.3021600000000001e-01,-3.3419500000000002e-01,1.2196000000000000e-02,5.9317000000000002e-02,2.3958299999999999e-01,-2.9485499999999998e-01,-1.0430999999999999e-02,2.3812900000000001e-01,1.5488949999999999e+00,1.0037460000000000e+00,9.4323999999999997e-01,5.1629000000000001e-02,-1.3756630000000001e+00,-9.3873799999999996e-01,8.7287700000000001e-01
-1.2038999999999999e-02,-6.8780000000000004e-03,1.0268610000000000e+00,-3.6059999999999998e-03,-3.7780000000000001e-03,-2.0889999999999999e-02,9.9976799999999999e-01,2.7117700000000000e-01,1.9133000000000001e-02,1.1929800000000000e-01,1.8726999999999999e-01,-3.3010899999999999e-01,-3.3406999999999998e-01,1.2324000000000000e-02,5.8702999999999998e-02,2.3961099999999999e-01,-2.9486800000000002e-01,-1.0694000000000000e-02,2.3741000000000001e-01,1.5497010000000000e+00,1.0017339999999999e+00,9.4392699999999996e-01,5.1440000000000000e-02,-1.3757100000000000e+00,-9.3783700000000003e-01,8.7310800000000000e-01
-1.2023000000000001e-02,-6.8430000000000001e-03,1.0268850000000000e+00,-3.6059999999999998e-03,-3.4840000000000001e-03,-2.0927999999999999e-02,9.9976799999999999e-01,2.7133099999999999e-01,1.8992999999999999e-02,1.1881000000000000e-01,1.8711000000000000e-01,-3.3001399999999997e-01,-3.3383099999999999e-01,1.2499000000000000e-02,5.8074000000000001e-02,2.3965600000000001e-01,-2.9488700000000001e-01,-1.0907999999999999e-02,2.3697499999999999e-01,1.5500050000000001e+00,1.0000380000000000e+00,9.4438299999999997e-01,5.1103000000000003e-02,-1.3757539999999999e+00,-9.3687900000000002e-01,8.7351299999999998e-01
-1.1976000000000001e-02,-6.7980000000000002e-03,1.0269100000000000e+00,-3.6480000000000002e-03,-3.1649999999999998e-03,-2.1045000000000001e-02,9.9976699999999996e-01,2.7156300000000000e-01,1.8914000000000000e-02,1.1826700000000000e-01,1.8702099999999999e-01,-3.2998499999999997e-01,-3.3340799999999998e-01,1.2766000000000000e-02,5.7341999999999997e-02,2.3986099999999999e-01,-2.9490499999999997e-01,-1.1079000000000000e-02,2.3646100000000000e-01,1.5500000000000000e+00,9.9818399999999996e-01,9.4465200000000005e-01,5.0604000000000003e-02,-1.3754700000000000e+00,-9.3609900000000001e-01,8.7395400000000001e-01
-1.1889000000000000e-02,-6.7400000000000003e-03,1.0269440000000001e+00,-3.6830000000000001e-03,-2.7880000000000001e-03,-2.1255000000000000e-02,9.9976299999999996e-01,2.7191199999999999e-01,1.8751000000000000e-02,1.1765399999999999e-01,1.8700500000000000e-01,-3.3000099999999999e-01,-3.3281699999999997e-01,1.3018000000000000e-02,5.6417000000000002e-02,2.4021600000000001e-01,-2.9479600000000000e-01,-1.1223000000000000e-02,2.3571700000000001e-01,1.5495520000000000e+00,9.9665800000000004e-01,9.4488899999999998e-01,5.0164000000000000e-02,-1.3752610000000001e+00,-9.3561200000000000e-01,8.7433799999999995e-01
-1.1750000000000000e-02,-6.6720000000000000e-03,1.0269889999999999e+00,-3.7220000000000000e-03,-2.3430000000000000e-03,-2.1474000000000000e-02,9.9975999999999998e-01,2.7243400000000001e-01,1.8532000000000000e-02,1.1695000000000000e-01,1.8700300000000000e-01,-3.3002799999999999e-01,-3.3235199999999998e-01,1.3257000000000000e-02,5.5513000000000000e-02,2.4035699999999999e-01,-2.9452499999999998e-01,-1.1342000000000000e-02,2.3487500000000000e-01,1.5488630000000001e+00,9.9535300000000004e-01,9.4512700000000005e-01,5.0112999999999998e-02,-1.3751329999999999e+00,-9.3528000000000000e-01,8.7460400000000005e-01
-1.1568000000000000e-02,-6.6100000000000004e-03,1.0270500000000000e+00,-3.7399999999999998e-03,-1.8320000000000001e-03,-2.1728000000000001e-02,9.9975499999999995e-01,2.7316299999999999e-01,1.8260999999999999e-02,1.1613800000000001e-01,1.8705500000000000e-01,-3.3001900000000001e-01,-3.3199699999999999e-01,1.3481000000000000e-02,5.4600000000000003e-02,2.4027699999999999e-01,-2.9410799999999998e-01,-1.1473000000000001e-02,2.3374000000000000e-01,1.5480410000000000e+00,9.9416199999999999e-01,9.4579599999999997e-01,5.0118999999999997e-02,-1.3751130000000000e+00,-9.3490600000000001e-01,8.7466200000000005e-01
-1.1350000000000001e-02,-6.5729999999999998e-03,1.0271380000000001e+00,-3.7130000000000002e-03,-1.2899999999999999e-03,-2.2003999999999999e-02,9.9975000000000003e-01,2.7388299999999999e-01,1.7992000000000001e-02,1.1514500000000000e-01,1.8731600000000001e-01,-3.2970899999999997e-01,-3.3169599999999999e-01,1.3684999999999999e-02,5.3737000000000000e-02,2.3997499999999999e-01,-2.9347299999999998e-01,-1.1622000000000000e-02,2.3234099999999999e-01,1.5472470000000000e+00,9.9277599999999999e-01,9.4724399999999997e-01,5.0077000000000003e-02,-1.3752150000000001e+00,-9.3447800000000003e-01,8.7456000000000000e-01
-1.1093000000000000e-02,-6.5589999999999997e-03,1.0272450000000000e+00,-3.6329999999999999e-03,-8.0900000000000004e-04,-2.2265000000000000e-02,9.9974499999999999e-01,2.7452300000000002e-01,1.7628999999999999e-02,1.1392400000000000e-01,1.8832599999999999e-01,-3.2922200000000001e-01,-3.3129700000000001e-01,1.3805000000000000e-02,5.2888999999999999e-02,2.3993700000000001e-01,-2.9278399999999999e-01,-1.1805000000000000e-02,2.3103000000000001e-01,1.5468230000000001e+00,9.9071900000000002e-01,9.4965500000000003e-01,4.9983000000000000e-02,-1.3753970000000000e+00,-9.3408599999999997e-01,8.7426899999999996e-01
-1.0799000000000000e-02,-6.5649999999999997e-03,1.0273530000000000e+00,-3.5720000000000001e-03,-4.1399999999999998e-04,-2.2481000000000001e-02,9.9974099999999999e-01,2.7475699999999997e-01,1.7361000000000001e-02,1.1240200000000000e-01,1.9028500000000001e-01,-3.2888800000000001e-01,-3.3069999999999999e-01,1.3920999999999999e-02,5.1912000000000000e-02,2.4060899999999999e-01,-2.9216799999999998e-01,-1.1998000000000000e-02,2.2992599999999999e-01,1.5469310000000001e+00,9.8803200000000002e-01,9.5301800000000003e-01,4.9792999999999997e-02,-1.3756070000000000e+00,-9.3387600000000004e-01,8.7363599999999997e-01
-1.0487000000000000e-02,-6.5940000000000000e-03,1.0274630000000000e+00,-3.5070000000000001e-03,-1.2799999999999999e-04,-2.2651999999999999e-02,9.9973699999999999e-01,2.7453100000000003e-01,1.7139999999999999e-02,1.1062000000000000e-01,1.9319300000000000e-01,-3.2875900000000002e-01,-3.2974900000000001e-01,1.4076999999999999e-02,5.0589000000000002e-02,2.4243899999999999e-01,-2.9170400000000002e-01,-1.2179000000000001e-02,2.2908800000000001e-01,1.5475669999999999e+00,9.8488100000000001e-01,9.5682800000000001e-01,4.9556999999999997e-02,-1.3758140000000001e+00,-9.3356300000000003e-01,8.7280400000000002e-01
-1.0178000000000000e-02,-6.6239999999999997e-03,1.0275820000000000e+00,-3.5000000000000001e-03,2.0000000000000002e-05,-2.2831000000000001e-02,9.9973299999999998e-01,2.7378300000000000e-01,1.7037000000000000e-02,1.0848500000000000e-01,1.9731199999999999e-01,-3.2892300000000002e-01,-3.2821099999999997e-01,1.4257000000000001e-02,4.8707000000000000e-02,2.4582399999999999e-01,-2.9114400000000001e-01,-1.2354000000000000e-02,2.2874800000000001e-01,1.5484370000000001e+00,9.8170400000000002e-01,9.6049899999999999e-01,4.9251999999999997e-02,-1.3758710000000001e+00,-9.3271300000000001e-01,8.7205900000000003e-01
-9.8790000000000006e-03,-6.6540000000000002e-03,1.0277270000000001e+00,-3.5590000000000001e-03,1.2700000000000000e-04,-2.3061999999999999e-02,9.9972799999999995e-01,2.7269700000000002e-01,1.7035999999999999e-02,1.0586100000000000e-01,2.0245299999999999e-01,-3.2915200000000000e-01,-3.2627499999999998e-01,1.4510000000000000e-02,4.6299000000000000e-02,2.5022499999999998e-01,-2.9019800000000001e-01,-1.2494999999999999e-02,2.2896700000000000e-01,1.5492800000000000e+00,9.7909700000000000e-01,9.6352499999999996e-01,4.8922000000000000e-02,-1.3757490000000001e+00,-9.3121100000000001e-01,8.7156900000000004e-01
-9.5729999999999999e-03,-6.7190000000000001e-03,1.0278849999999999e+00,-3.5660000000000002e-03,2.3599999999999999e-04,-2.3345999999999999e-02,9.9972099999999997e-01,2.7152500000000002e-01,1.6976999999999999e-02,1.0274000000000000e-01,2.0854100000000000e-01,-3.2894499999999999e-01,-3.2458100000000001e-01,1.4677000000000001e-02,4.4072000000000000e-02,2.5413500000000000e-01,-2.8913299999999997e-01,-1.2518000000000000e-02,2.2951700000000000e-01,1.5497209999999999e+00,9.7734900000000002e-01,9.6545899999999996e-01,4.8364999999999998e-02,-1.3757029999999999e+00,-9.2925700000000000e-01,8.7144400000000000e-01
-9.2630000000000004e-03,-6.8300000000000001e-03,1.0279710000000000e+00,-3.5379999999999999e-03,2.7900000000000001e-04,-2.3758999999999999e-02,9.9971100000000002e-01,2.7042600000000000e-01,1.6945000000000002e-02,9.9311999999999998e-02,2.1562999999999999e-01,-3.2919199999999998e-01,-3.2298300000000002e-01,1.4795000000000001e-02,4.2448000000000000e-02,2.5719599999999998e-01,-2.8872799999999998e-01,-1.2397000000000000e-02,2.3033699999999999e-01,1.5497280000000000e+00,9.7657499999999997e-01,9.6612200000000004e-01,4.6744000000000001e-02,-1.3756450000000000e+00,-9.2689699999999997e-01,8.7182899999999997e-01
-8.9280000000000002e-03,-6.9730000000000000e-03,1.0279380000000000e+00,-3.5349999999999999e-03,1.0700000000000000e-04,-2.4239000000000000e-02,9.9970000000000003e-01,2.6976899999999998e-01,1.7128000000000001e-02,9.7068000000000002e-02,2.2151499999999999e-01,-3.3036399999999999e-01,-3.2144899999999998e-01,1.4814000000000001e-02,4.1699000000000000e-02,2.5970300000000002e-01,-2.8911599999999998e-01,-1.2158000000000000e-02,2.3111699999999999e-01,1.5497010000000000e+00,9.7616999999999998e-01,9.6601300000000001e-01,4.4255000000000003e-02,-1.3753010000000001e+00,-9.2465399999999998e-01,8.7245200000000001e-01
-8.5609999999999992e-03,-7.1679999999999999e-03,1.0278240000000001e+00,-3.5850000000000001e-03,-1.5500000000000000e-04,-2.4753000000000001e-02,9.9968699999999999e-01,2.6973000000000003e-01,1.7620000000000000e-02,9.5964999999999995e-02,2.2566600000000001e-01,-3.3195300000000000e-01,-3.2021200000000000e-01,1.4891000000000000e-02,4.1931999999999997e-02,2.6103900000000002e-01,-2.8979800000000000e-01,-1.1864000000000000e-02,2.3180300000000001e-01,1.5500250000000000e+00,9.7599300000000000e-01,9.6570299999999998e-01,4.1514000000000002e-02,-1.3745559999999999e+00,-9.2262000000000000e-01,8.7270400000000004e-01
-8.2050000000000005e-03,-7.3920000000000001e-03,1.0276780000000001e+00,-3.6370000000000000e-03,-4.8099999999999998e-04,-2.5287000000000000e-02,9.9967300000000003e-01,2.6998899999999998e-01,1.8201999999999999e-02,9.5851000000000006e-02,2.2815400000000000e-01,-3.3346599999999998e-01,-3.1927600000000000e-01,1.4919999999999999e-02,4.2795000000000000e-02,2.6149299999999998e-01,-2.9054400000000002e-01,-1.1568999999999999e-02,2.3246800000000001e-01,1.5506470000000001e+00,9.7595299999999996e-01,9.6529299999999996e-01,3.8801000000000002e-02,-1.3735670000000000e+00,-9.2036499999999999e-01,8.7257499999999999e-01
-7.8810000000000009e-03,-7.6179999999999998e-03,1.0275310000000000e+00,-3.7100000000000002e-03,-7.4500000000000000e-04,-2.5777999999999999e-02,9.9966100000000002e-01,2.7032699999999998e-01,1.8783000000000001e-02,9.6367999999999995e-02,2.2911899999999999e-01,-3.3472400000000002e-01,-3.1863799999999998e-01,1.4992999999999999e-02,4.3735999999999997e-02,2.6155200000000001e-01,-2.9128500000000002e-01,-1.1263000000000000e-02,2.3268300000000000e-01,1.5508660000000001e+00,9.7600799999999999e-01,9.6423099999999995e-01,3.6347999999999998e-02,-1.3723090000000000e+00,-9.1807300000000003e-01,8.7222299999999997e-01
-7.5709999999999996e-03,-7.8630000000000002e-03,1.0274080000000001e+00,-3.7230000000000002e-03,-1.0369999999999999e-03,-2.6157000000000000e-02,9.9965000000000004e-01,2.7130199999999999e-01,1.9380999999999999e-02,9.8250000000000004e-02,2.2740700000000000e-01,-3.3510699999999999e-01,-3.1847700000000001e-01,1.4911000000000001e-02,4.5109000000000003e-02,2.6084700000000000e-01,-2.9178700000000002e-01,-1.0991000000000001e-02,2.3205899999999999e-01,1.5501280000000000e+00,9.7653800000000002e-01,9.6206599999999998e-01,3.4405999999999999e-02,-1.3705909999999999e+00,-9.1609099999999999e-01,8.7135200000000002e-01
-7.2859999999999999e-03,-8.1060000000000004e-03,1.0273010000000000e+00,-3.7520000000000001e-03,-1.4770000000000000e-03,-2.6411000000000000e-02,9.9964299999999995e-01,2.7245300000000000e-01,2.0102999999999999e-02,1.0111400000000000e-01,2.2425800000000001e-01,-3.3497800000000000e-01,-3.1867899999999999e-01,1.4704000000000000e-02,4.7004999999999998e-02,2.5974599999999998e-01,-2.9206599999999999e-01,-1.0774000000000001e-02,2.3077500000000001e-01,1.5492220000000001e+00,9.7658000000000000e-01,9.6023999999999998e-01,3.2663999999999999e-02,-1.3689819999999999e+00,-9.1406399999999999e-01,8.7109199999999998e-01
-7.0460000000000002e-03,-8.3350000000000004e-03,1.0272090000000000e+00,-3.7929999999999999e-03,-1.8150000000000000e-03,-2.6526999999999998e-02,9.9963900000000006e-01,2.7338800000000002e-01,2.0747000000000002e-02,1.0396100000000000e-01,2.2061800000000001e-01,-3.3464500000000003e-01,-3.1910100000000002e-01,1.4555000000000000e-02,4.8760999999999999e-02,2.5852000000000003e-01,-2.9224499999999998e-01,-1.0624000000000000e-02,2.2914599999999999e-01,1.5484800000000001e+00,9.7611400000000004e-01,9.5933299999999999e-01,3.1530000000000002e-02,-1.3677740000000000e+00,-9.1293999999999997e-01,8.7175400000000003e-01
-6.8739999999999999e-03,-8.5800000000000008e-03,1.0271170000000001e+00,-3.8479999999999999e-03,-1.9610000000000001e-03,-2.6449000000000000e-02,9.9964100000000000e-01,2.7400200000000002e-01,2.1422000000000000e-02,1.0628899999999999e-01,2.1691700000000000e-01,-3.3457500000000001e-01,-3.1970900000000002e-01,1.4741000000000001e-02,5.0356999999999999e-02,2.5697999999999999e-01,-2.9254400000000003e-01,-1.0581000000000000e-02,2.2739999999999999e-01,1.5480650000000000e+00,9.7533499999999995e-01,9.5926500000000003e-01,3.1614999999999997e-02,-1.3673169999999999e+00,-9.1334599999999999e-01,8.7310600000000005e-01
-6.7600000000000004e-03,-8.7860000000000004e-03,1.0270150000000000e+00,-3.8750000000000000e-03,-2.0309999999999998e-03,-2.6206000000000000e-02,9.9964699999999995e-01,2.7437000000000000e-01,2.1885999999999999e-02,1.0844700000000000e-01,2.1310100000000001e-01,-3.3451999999999998e-01,-3.2063799999999998e-01,1.4858000000000000e-02,5.2047999999999997e-02,2.5487700000000002e-01,-2.9307000000000000e-01,-1.0668000000000000e-02,2.2579500000000000e-01,1.5479280000000000e+00,9.7469399999999995e-01,9.5947300000000002e-01,3.2451000000000001e-02,-1.3673000000000000e+00,-9.1514799999999996e-01,8.7424500000000005e-01
-6.6790000000000000e-03,-8.9490000000000004e-03,1.0269079999999999e+00,-3.8319999999999999e-03,-2.1080000000000001e-03,-2.5884999999999998e-02,9.9965499999999996e-01,2.7475500000000003e-01,2.2169000000000001e-02,1.1087400000000000e-01,2.0880399999999999e-01,-3.3428400000000003e-01,-3.2195699999999999e-01,1.4763999999999999e-02,5.4086000000000002e-02,2.5202200000000002e-01,-2.9371000000000003e-01,-1.0858000000000000e-02,2.2469500000000001e-01,1.5478430000000001e+00,9.7438300000000000e-01,9.5948000000000000e-01,3.3832000000000001e-02,-1.3674470000000001e+00,-9.1759400000000002e-01,8.7473900000000004e-01
-6.6249999999999998e-03,-9.0480000000000005e-03,1.0268240000000000e+00,-3.6809999999999998e-03,-2.1510000000000001e-03,-2.5503000000000001e-02,9.9966600000000005e-01,2.7540599999999998e-01,2.2169000000000001e-02,1.1375200000000001e-01,2.0350399999999999e-01,-3.3352199999999999e-01,-3.2377600000000001e-01,1.4359000000000000e-02,5.6387000000000000e-02,2.4825800000000001e-01,-2.9411799999999999e-01,-1.1103000000000000e-02,2.2395699999999999e-01,1.5474730000000001e+00,9.7468500000000002e-01,9.5896300000000001e-01,3.5647999999999999e-02,-1.3673350000000000e+00,-9.2079200000000005e-01,8.7461199999999995e-01
-6.6020000000000002e-03,-9.0779999999999993e-03,1.0267820000000001e+00,-3.4280000000000001e-03,-2.1240000000000000e-03,-2.5069999999999999e-02,9.9967799999999996e-01,2.7618300000000001e-01,2.1843999999999999e-02,1.1679700000000000e-01,1.9757400000000000e-01,-3.3223399999999997e-01,-3.2604800000000000e-01,1.3687000000000000e-02,5.8631999999999997e-02,2.4398900000000001e-01,-2.9414899999999999e-01,-1.1358000000000000e-02,2.2319400000000000e-01,1.5465000000000000e+00,9.7593600000000003e-01,9.5770000000000000e-01,3.8188000000000000e-02,-1.3669460000000000e+00,-9.2468600000000001e-01,8.7428200000000000e-01
-6.6290000000000003e-03,-9.0399999999999994e-03,1.0267700000000000e+00,-3.2100000000000002e-03,-2.0100000000000001e-03,-2.4631000000000000e-02,9.9968900000000005e-01,2.7653000000000000e-01,2.1388999999999998e-02,1.1899000000000000e-01,1.9287399999999999e-01,-3.3111600000000002e-01,-3.2824300000000001e-01,1.3103000000000000e-02,6.0297999999999997e-02,2.4034100000000000e-01,-2.9402899999999998e-01,-1.1639999999999999e-02,2.2283000000000000e-01,1.5454070000000000e+00,9.7764099999999998e-01,9.5670200000000005e-01,4.1073999999999999e-02,-1.3664780000000001e+00,-9.2873899999999998e-01,8.7375199999999997e-01
-6.7229999999999998e-03,-8.9440000000000006e-03,1.0267890000000000e+00,-3.0270000000000002e-03,-1.8400000000000001e-03,-2.4183000000000000e-02,9.9970099999999995e-01,2.7630500000000002e-01,2.0820000000000002e-02,1.1997300000000000e-01,1.9015399999999999e-01,-3.3048400000000000e-01,-3.2977400000000001e-01,1.2655000000000000e-02,6.1006999999999999e-02,2.3814500000000000e-01,-2.9389100000000001e-01,-1.2003000000000000e-02,2.2282500000000000e-01,1.5444030000000000e+00,9.7876900000000000e-01,9.5613199999999998e-01,4.3943999999999997e-02,-1.3655930000000001e+00,-9.3210999999999999e-01,8.7257200000000001e-01
-6.8669999999999998e-03,-8.7810000000000006e-03,1.0268670000000000e+00,-2.9020000000000001e-03,-1.4109999999999999e-03,-2.3758000000000001e-02,9.9971299999999996e-01,2.7561799999999997e-01,2.0083000000000000e-02,1.1943700000000000e-01,1.8928300000000001e-01,-3.3024500000000001e-01,-3.3056400000000002e-01,1.2507000000000001e-02,6.0170000000000001e-02,2.3777000000000001e-01,-2.9358800000000002e-01,-1.2430999999999999e-02,2.2237599999999999e-01,1.5410919999999999e+00,9.8121000000000003e-01,9.5491000000000004e-01,4.5585000000000001e-02,-1.3615699999999999e+00,-9.3723999999999996e-01,8.6772199999999999e-01
-7.0819999999999998e-03,-8.5540000000000008e-03,1.0270360000000001e+00,-2.7840000000000000e-03,-8.0599999999999997e-04,-2.3460999999999999e-02,9.9972099999999997e-01,2.7467300000000000e-01,1.9161999999999998e-02,1.1744499999999999e-01,1.9042700000000001e-01,-3.2987699999999998e-01,-3.3063100000000001e-01,1.2520000000000000e-02,5.7970000000000001e-02,2.3892099999999999e-01,-2.9276799999999997e-01,-1.2893999999999999e-02,2.2159100000000001e-01,1.5347260000000000e+00,9.8423899999999998e-01,9.5243800000000001e-01,4.8529000000000003e-02,-1.3540270000000001e+00,-9.3970500000000001e-01,8.6001200000000000e-01
-7.3920000000000001e-03,-8.2579999999999997e-03,1.0272920000000001e+00,-2.6280000000000001e-03,-7.7999999999999999e-05,-2.3355000000000001e-02,9.9972399999999995e-01,2.7382400000000001e-01,1.8010000000000002e-02,1.1463100000000000e-01,1.9254399999999999e-01,-3.2940599999999998e-01,-3.2984100000000000e-01,1.2588000000000000e-02,5.4396000000000000e-02,2.4163599999999999e-01,-2.9142200000000001e-01,-1.3396999999999999e-02,2.2226899999999999e-01,1.5236019999999999e+00,9.8429900000000004e-01,9.4681700000000002e-01,5.4790999999999999e-02,-1.3434710000000001e+00,-9.3757400000000002e-01,8.4808300000000003e-01
-7.8069999999999997e-03,-7.8700000000000003e-03,1.0276200000000000e+00,-2.3070000000000000e-03,7.7700000000000002e-04,-2.3512999999999999e-02,9.9972099999999997e-01,2.7332600000000001e-01,1.6327000000000001e-02,1.1142900000000000e-01,1.9499100000000000e-01,-3.2882899999999998e-01,-3.2829000000000003e-01,1.2385000000000000e-02,4.9445999999999997e-02,2.4568599999999999e-01,-2.8972500000000001e-01,-1.3952000000000001e-02,2.2652800000000001e-01,1.5047900000000001e+00,9.7787599999999997e-01,9.3767400000000001e-01,6.3342999999999997e-02,-1.3292850000000000e+00,-9.2768600000000001e-01,8.3119799999999999e-01
-8.3239999999999998e-03,-7.3910000000000000e-03,1.0280039999999999e+00,-1.6910000000000000e-03,1.8519999999999999e-03,-2.3857000000000000e-02,9.9971200000000005e-01,2.7339500000000000e-01,1.3800000000000000e-02,1.0785400000000001e-01,1.9737900000000000e-01,-3.2805899999999999e-01,-3.2639400000000002e-01,1.1691999999999999e-02,4.3422000000000002e-02,2.5005500000000003e-01,-2.8775200000000001e-01,-1.4618000000000001e-02,2.3397399999999999e-01,1.4784349999999999e+00,9.6576399999999996e-01,9.2622400000000005e-01,7.3913999999999994e-02,-1.3038620000000001e+00,-9.1332700000000000e-01,8.0223199999999995e-01
-8.9330000000000000e-03,-6.8329999999999997e-03,1.0283970000000000e+00,-9.7000000000000005e-04,3.2220000000000000e-03,-2.4100000000000000e-02,9.9970400000000004e-01,2.7349600000000002e-01,1.0793000000000001e-02,1.0347800000000000e-01,2.0004000000000000e-01,-3.2741999999999999e-01,-3.2451600000000003e-01,1.0956000000000000e-02,3.6621000000000001e-02,2.5444000000000000e-01,-2.8594500000000000e-01,-1.5306000000000000e-02,2.3710000000000001e-01,1.4283750000000000e+00,9.5085699999999995e-01,8.8923200000000002e-01,8.4842000000000001e-02,-1.2598160000000000e+00,-8.9483500000000005e-01,7.5839000000000001e-01
-9.5999999999999992e-03,-6.1879999999999999e-03,1.0287370000000000e+00,-2.6899999999999998e-04,4.8609999999999999e-03,-2.3949999999999999e-02,9.9970099999999995e-01,2.7300000000000002e-01,7.5339999999999999e-03,9.8636000000000001e-02,2.0247399999999999e-01,-3.2705299999999998e-01,-3.2308399999999998e-01,1.0352000000000000e-02,2.9234000000000000e-02,2.5904800000000000e-01,-2.8498200000000001e-01,-1.5664999999999998e-02,2.3808599999999999e-01,1.3581280000000000e+00,9.3080399999999996e-01,8.3865999999999996e-01,9.3826999999999994e-02,-1.1985310000000000e+00,-8.5955700000000002e-01,7.1715399999999996e-01
-1.0307999999999999e-02,-5.5170000000000002e-03,1.0289930000000000e+00,2.1100000000000001e-04,6.8259999999999996e-03,-2.3619999999999999e-02,9.9969799999999998e-01,2.7216699999999999e-01,4.5350000000000000e-03,9.3159000000000006e-02,2.0461099999999999e-01,-3.2722800000000002e-01,-3.2216400000000001e-01,1.0420000000000000e-02,2.1933999999999999e-02,2.6275599999999999e-01,-2.8496199999999999e-01,-1.5744000000000001e-02,2.3179100000000000e-01,1.2638760000000000e+00,9.0376599999999996e-01,7.7444700000000000e-01,1.1007800000000000e-01,-1.1191850000000001e+00,-8.2903000000000004e-01,6.5842599999999996e-01
-1.1074000000000001e-02,-4.8450000000000003e-03,1.0291920000000001e+00,4.4200000000000001e-04,8.8260000000000005e-03,-2.3503000000000000e-02,9.9968500000000005e-01,2.7186900000000003e-01,2.0590000000000001e-03,8.7933999999999998e-02,2.0575199999999999e-01,-3.2766800000000001e-01,-3.2134299999999999e-01,1.1076000000000001e-02,1.5044999999999999e-02,2.6573999999999998e-01,-2.8531200000000001e-01,-1.5844000000000000e-02,2.2439999999999999e-01,1.1495919999999999e+00,8.6278900000000003e-01,7.0624200000000004e-01,1.2542000000000000e-01,-1.0213850000000000e+00,-7.8976199999999996e-01,5.9924400000000000e-01
-1.1867000000000001e-02,-4.1560000000000000e-03,1.0293800000000000e+00,3.8699999999999997e-04,1.0808000000000000e-02,-2.3806000000000001e-02,9.9965800000000005e-01,2.7245399999999997e-01,1.7100000000000001e-04,8.3085999999999993e-02,2.0600299999999999e-01,-3.2795900000000000e-01,-3.1999800000000000e-01,1.2286000000000000e-02,8.1580000000000003e-03,2.6884300000000000e-01,-2.8539799999999999e-01,-1.6147999999999999e-02,2.2114800000000001e-01,1.0247830000000000e+00,8.0762199999999995e-01,6.4388000000000001e-01,1.3739399999999999e-01,-9.1126799999999997e-01,-7.3593900000000001e-01,5.5191299999999999e-01
-1.2647000000000000e-02,-3.4719999999999998e-03,1.0295580000000000e+00,1.8900000000000001e-04,1.2697999999999999e-02,-2.4642000000000001e-02,9.9961599999999995e-01,2.7385999999999999e-01,-1.3410000000000000e-03,7.8595999999999999e-02,2.0600499999999999e-01,-3.2823000000000002e-01,-3.1778699999999999e-01,1.3752000000000000e-02,1.3590000000000000e-03,2.7203400000000000e-01,-2.8524300000000002e-01,-1.6695999999999999e-02,2.2291300000000000e-01,8.9367300000000005e-01,7.3768999999999996e-01,5.9348500000000004e-01,1.4733700000000000e-01,-7.9536799999999996e-01,-6.6325400000000001e-01,5.2641800000000005e-01
-1.3346999999999999e-02,-2.7829999999999999e-03,1.0297010000000000e+00,-3.5199999999999999e-04,1.4406000000000000e-02,-2.5366000000000000e-02,9.9957399999999996e-01,2.7507500000000001e-01,-2.0200000000000001e-03,7.4165999999999996e-02,2.0651200000000000e-01,-3.2880900000000002e-01,-3.1563200000000002e-01,1.5748999999999999e-02,-4.6280000000000002e-03,2.7488499999999999e-01,-2.8490599999999999e-01,-1.6854000000000001e-02,2.3033100000000001e-01,7.6407199999999997e-01,6.5326399999999996e-01,5.5898300000000001e-01,1.5836200000000000e-01,-6.8074999999999997e-01,-5.7396300000000000e-01,5.2937800000000002e-01
-1.3912000000000001e-02,-2.0620000000000000e-03,1.0297820000000000e+00,-1.4670000000000000e-03,1.5866000000000002e-02,-2.6169000000000001e-02,9.9953099999999995e-01,2.7603100000000003e-01,-1.4430000000000001e-03,6.9615999999999997e-02,2.0810999999999999e-01,-3.2995600000000003e-01,-3.1357099999999999e-01,1.8599999999999998e-02,-9.4020000000000006e-03,2.7726400000000001e-01,-2.8445799999999999e-01,-1.6458000000000000e-02,2.4165300000000001e-01,6.3909400000000005e-01,5.5543100000000001e-01,5.3994299999999995e-01,1.6652800000000001e-01,-5.6749200000000000e-01,-4.8350700000000002e-01,5.5799500000000002e-01
-1.4267999999999999e-02,-1.3510000000000000e-03,1.0297900000000000e+00,-2.7920000000000002e-03,1.6979999999999999e-02,-2.7238999999999999e-02,9.9948099999999995e-01,2.7692299999999997e-01,-1.9799999999999999e-04,6.5525000000000000e-02,2.1055800000000000e-01,-3.3155000000000001e-01,-3.1127600000000000e-01,2.1548000000000001e-02,-1.2714000000000000e-02,2.7899499999999999e-01,-2.8416200000000003e-01,-1.5754000000000001e-02,2.5864799999999999e-01,5.3431899999999999e-01,4.3011600000000000e-01,5.3927800000000004e-01,1.7238100000000001e-01,-4.5717999999999998e-01,-3.8685700000000001e-01,6.1467600000000000e-01
-1.4350000000000000e-02,-6.7000000000000002e-04,1.0297220000000000e+00,-4.1419999999999998e-03,1.7583999999999999e-02,-2.7817000000000001e-02,9.9944999999999995e-01,2.7702700000000002e-01,1.5540000000000000e-03,6.2617999999999993e-02,2.1322300000000000e-01,-3.3330799999999999e-01,-3.1011000000000000e-01,2.4115999999999999e-02,-1.3823999999999999e-02,2.7962500000000001e-01,-2.8440599999999999e-01,-1.4401000000000001e-02,2.7263100000000001e-01,4.3199599999999999e-01,3.0641499999999999e-01,5.6099699999999997e-01,1.8344800000000000e-01,-3.5150999999999999e-01,-2.7976200000000001e-01,6.8867999999999996e-01
-1.4148000000000001e-02,1.2999999999999999e-05,1.0296920000000001e+00,-5.6049999999999997e-03,1.8283000000000001e-02,-2.7643999999999998e-02,9.9943499999999996e-01,2.7595900000000001e-01,3.6990000000000000e-03,5.9338000000000002e-02,2.1639500000000000e-01,-3.3485599999999999e-01,-3.1016899999999997e-01,2.6804000000000001e-02,-1.4102999999999999e-02,2.7974100000000002e-01,-2.8383399999999998e-01,-1.2743000000000001e-02,2.8306599999999998e-01,3.3173700000000000e-01,1.9545899999999999e-01,5.9236900000000003e-01,1.9954000000000000e-01,-2.5037300000000001e-01,-1.7667200000000000e-01,7.5747600000000004e-01
-1.3776000000000000e-02,8.2299999999999995e-04,1.0297559999999999e+00,-6.6010000000000001e-03,1.9198000000000000e-02,-2.7737000000000001e-02,9.9940899999999999e-01,2.7509800000000001e-01,4.7029999999999997e-03,5.5461999999999997e-02,2.2068299999999999e-01,-3.3648000000000000e-01,-3.0960900000000002e-01,2.8428999999999999e-02,-1.5148000000000000e-02,2.8025299999999997e-01,-2.8176699999999999e-01,-1.2096000000000001e-02,2.8895199999999999e-01,2.2915900000000000e-01,1.1322900000000000e-01,6.4225900000000002e-01,2.2273200000000001e-01,-1.5501899999999999e-01,-7.6780000000000001e-02,8.2436799999999999e-01
-1.3440000000000001e-02,2.0190000000000000e-03,1.0298499999999999e+00,-7.1329999999999996e-03,2.0192999999999999e-02,-2.7660000000000001e-02,9.9938800000000005e-01,2.7392800000000000e-01,4.0010000000000002e-03,5.0966999999999998e-02,2.2621300000000000e-01,-3.3849000000000001e-01,-3.0819299999999999e-01,2.8615000000000002e-02,-1.8291999999999999e-02,2.8352600000000000e-01,-2.7963800000000000e-01,-1.2924000000000000e-02,2.9739599999999999e-01,1.2934999999999999e-01,5.1333999999999998e-02,6.9857899999999995e-01,2.4632100000000001e-01,-8.2421999999999995e-02,-1.1999999999999999e-03,8.8467399999999996e-01
-1.3230000000000000e-02,3.6920000000000000e-03,1.0299060000000000e+00,-7.3899999999999999e-03,2.1492000000000001e-02,-2.7269000000000002e-02,9.9936999999999998e-01,2.7264200000000000e-01,1.8630000000000001e-03,4.6040999999999999e-02,2.3180600000000001e-01,-3.4097800000000000e-01,-3.0610199999999999e-01,2.7879999999999999e-02,-2.3916000000000000e-02,2.8938900000000001e-01,-2.7841100000000002e-01,-1.4813000000000000e-02,3.0641200000000002e-01,4.1563000000000003e-02,5.3680000000000004e-03,7.4980400000000003e-01,2.7516600000000002e-01,-2.2050000000000000e-02,1.3261999999999999e-02,9.2585899999999999e-01
-1.3331000000000001e-02,5.7850000000000002e-03,1.0299309999999999e+00,-7.4370000000000000e-03,2.3244000000000001e-02,-2.7859999999999999e-02,9.9931400000000004e-01,2.7256399999999997e-01,-1.5420000000000000e-03,4.0342999999999997e-02,2.3754800000000001e-01,-3.4384799999999999e-01,-3.0140600000000001e-01,2.6717000000000001e-02,-3.2564999999999997e-02,2.9746899999999998e-01,-2.7793499999999999e-01,-1.8055999999999999e-02,3.1638800000000000e-01,-1.2551000000000000e-02,-5.0416000000000002e-02,7.8080400000000005e-01,2.9334100000000002e-01,-7.5699999999999997e-04,-1.6556000000000001e-02,9.4284400000000002e-01
-1.4017999999999999e-02,8.1419999999999999e-03,1.0299469999999999e+00,-7.0740000000000004e-03,2.4823000000000001e-02,-2.9621999999999999e-02,9.9922800000000001e-01,2.7278000000000002e-01,-6.0740000000000004e-03,3.5543999999999999e-02,2.4212100000000000e-01,-3.4588500000000000e-01,-2.9436699999999999e-01,2.4801000000000000e-02,-4.4392000000000001e-02,3.0924200000000002e-01,-2.7810299999999999e-01,-2.1866000000000000e-02,3.3320499999999997e-01,-2.5635999999999999e-02,-6.0442000000000003e-02,7.6811399999999996e-01,2.9439300000000002e-01,-3.1019000000000001e-02,-2.5460000000000001e-03,9.5384000000000002e-01
-1.5434000000000000e-02,1.0747000000000000e-02,1.0298650000000000e+00,-7.2610000000000001e-03,2.6116000000000000e-02,-3.1988999999999997e-02,9.9912100000000004e-01,2.7448099999999998e-01,-9.7619999999999998e-03,2.8077000000000001e-02,2.5114799999999998e-01,-3.4855199999999997e-01,-2.8613300000000003e-01,2.3955000000000001e-02,-5.9802000000000001e-02,3.2691599999999998e-01,-2.7960200000000002e-01,-2.5281000000000001e-02,3.3983500000000000e-01,1.5994999999999999e-02,-7.9238000000000003e-02,7.5283299999999997e-01,2.8380100000000003e-01,-8.6265999999999995e-02,6.0443999999999998e-02,9.6214800000000000e-01
-1.7585000000000000e-02,1.3447000000000001e-02,1.0297620000000001e+00,-7.4130000000000003e-03,2.7747000000000001e-02,-3.4083000000000002e-02,9.9900599999999995e-01,2.7716099999999999e-01,-1.4024999999999999e-02,1.8710999999999998e-02,2.6029200000000002e-01,-3.5117300000000001e-01,-2.7752399999999999e-01,2.3501999999999999e-02,-7.8397999999999995e-02,3.4745700000000002e-01,-2.8168599999999999e-01,-2.8250000000000001e-02,3.2931800000000000e-01,8.6027999999999993e-02,-1.1439000000000001e-01,7.4004300000000001e-01,2.6841799999999999e-01,-1.5163199999999999e-01,1.3864499999999999e-01,9.6769000000000005e-01
-2.0351999999999999e-02,1.6084999999999999e-02,1.0297350000000001e+00,-7.8160000000000000e-03,3.0070000000000000e-02,-3.6051000000000000e-02,9.9886699999999995e-01,2.7941899999999997e-01,-1.8315000000000001e-02,7.4040000000000000e-03,2.6846399999999998e-01,-3.5317100000000001e-01,-2.6831300000000002e-01,2.4369999999999999e-02,-9.8724999999999993e-02,3.6760199999999998e-01,-2.8320600000000001e-01,-3.0927000000000000e-02,3.0622600000000000e-01,1.5652900000000000e-01,-1.4181600000000000e-01,7.3324800000000001e-01,2.5278899999999999e-01,-2.1463900000000000e-01,1.9806599999999999e-01,9.6553199999999995e-01
-2.3566000000000000e-02,1.8547999999999999e-02,1.0298060000000000e+00,-8.8599999999999998e-03,3.2801999999999998e-02,-3.8287000000000002e-02,9.9868900000000005e-01,2.8173300000000001e-01,-2.1353000000000000e-02,-5.3759999999999997e-03,2.7620699999999998e-01,-3.5503400000000002e-01,-2.5830500000000001e-01,2.7182999999999999e-02,-1.1962500000000000e-01,3.8713799999999998e-01,-2.8437499999999999e-01,-3.3503999999999999e-02,2.7866900000000000e-01,2.0964400000000000e-01,-1.2886700000000001e-01,7.3515500000000000e-01,2.4152299999999999e-01,-2.6099699999999998e-01,2.0778900000000000e-01,9.5072000000000001e-01
-2.7036000000000001e-02,2.0767000000000001e-02,1.0302420000000001e+00,-1.0286000000000000e-02,3.5664000000000001e-02,-4.1013000000000001e-02,9.9846900000000005e-01,2.8561399999999998e-01,-2.3300000000000001e-02,-1.7002000000000000e-02,2.8038400000000002e-01,-3.5606599999999999e-01,-2.4773100000000001e-01,3.1184000000000000e-02,-1.4125099999999999e-01,4.0755900000000000e-01,-2.8422999999999998e-01,-3.5906000000000000e-02,2.5415800000000000e-01,2.5484099999999998e-01,-1.0579600000000000e-01,7.3056299999999996e-01,2.3262200000000000e-01,-2.9345199999999999e-01,1.6667899999999999e-01,9.2236799999999997e-01
-3.0633000000000001e-02,2.2771000000000000e-02,1.0322190000000000e+00,-1.2298000000000000e-02,3.8647000000000001e-02,-4.4535999999999999e-02,9.9818399999999996e-01,2.9152800000000001e-01,-2.3952999999999999e-02,-2.8507000000000001e-02,2.8269000000000000e-01,-3.5695100000000002e-01,-2.3630699999999999e-01,3.5832000000000003e-02,-1.6316800000000001e-01,4.3055900000000003e-01,-2.8197800000000001e-01,-3.8237000000000000e-02,2.3483999999999999e-01,2.9036499999999998e-01,-6.6969000000000001e-02,7.1710900000000000e-01,2.2767799999999999e-01,-3.0740600000000001e-01,8.5026000000000004e-02,8.7791600000000003e-01
-3.4466999999999998e-02,2.4612999999999999e-02,1.0329520000000001e+00,-1.4838000000000000e-02,4.1583000000000002e-02,-4.8746999999999999e-02,9.9783500000000003e-01,2.9920799999999997e-01,-2.3095000000000001e-02,-3.9634000000000003e-02,2.8398600000000002e-01,-3.5868100000000003e-01,-2.2475500000000001e-01,4.2546000000000000e-02,-1.8699299999999999e-01,4.5353700000000002e-01,-2.7883400000000003e-01,-4.0198999999999999e-02,2.2167300000000001e-01,3.1293300000000002e-01,-1.1376000000000001e-02,6.9165299999999996e-01,2.2275300000000001e-01,-3.0558700000000000e-01,-1.0831000000000000e-02,8.2431900000000002e-01
-3.8350000000000002e-02,2.6412000000000001e-02,1.0332380000000001e+00,-1.7292999999999999e-02,4.4549999999999999e-02,-5.3876000000000000e-02,9.9740300000000004e-01,3.0807600000000002e-01,-2.2273999999999999e-02,-5.1706000000000002e-02,2.8751900000000002e-01,-3.6106700000000003e-01,-2.1153600000000000e-01,4.9183999999999999e-02,-2.1412100000000001e-01,4.8066999999999999e-01,-2.7573500000000001e-01,-4.1320999999999997e-02,2.1439300000000000e-01,3.1912400000000002e-01,6.0951999999999999e-02,6.5186200000000005e-01,2.1586200000000000e-01,-2.9565700000000000e-01,-9.4936000000000006e-02,7.6629100000000006e-01
-4.2105999999999998e-02,2.8275999999999999e-02,1.0333889999999999e+00,-1.9983000000000001e-02,4.7419999999999997e-02,-5.9533999999999997e-02,9.9689899999999998e-01,3.1709300000000001e-01,-2.0965000000000001e-02,-6.3822000000000004e-02,2.9182200000000003e-01,-3.6382199999999998e-01,-1.9773800000000000e-01,5.5933999999999998e-02,-2.4244099999999999e-01,5.0960499999999997e-01,-2.7109100000000003e-01,-4.1194000000000001e-02,2.0957899999999999e-01,3.0814399999999997e-01,1.3949800000000001e-01,6.0181899999999999e-01,2.0746800000000001e-01,-2.9007200000000000e-01,-1.3834199999999999e-01,7.1225600000000000e-01
-4.5470999999999998e-02,3.0275000000000000e-02,1.0335460000000001e+00,-2.2577000000000000e-02,4.9831000000000000e-02,-6.5478999999999996e-02,9.9635300000000004e-01,3.2681700000000002e-01,-1.9685999999999999e-02,-7.3568999999999996e-02,2.9443900000000001e-01,-3.6612800000000001e-01,-1.8604499999999999e-01,6.1851999999999997e-02,-2.6737899999999998e-01,5.3404900000000000e-01,-2.6429599999999998e-01,-3.9843999999999997e-02,2.0429300000000000e-01,2.8671300000000000e-01,2.0753900000000000e-01,5.4917199999999999e-01,2.0038800000000001e-01,-2.9559200000000002e-01,-1.3436500000000001e-01,6.6255699999999995e-01
-4.8236000000000001e-02,3.2472000000000001e-02,1.0337280000000000e+00,-2.4537000000000000e-02,5.1512000000000002e-02,-7.1589000000000000e-02,9.9580100000000005e-01,3.3774300000000002e-01,-1.9632000000000000e-02,-7.8833000000000000e-02,2.9327100000000000e-01,-3.6714799999999997e-01,-1.7853100000000000e-01,6.5670999999999993e-02,-2.8484399999999999e-01,5.4868399999999995e-01,-2.5777600000000001e-01,-3.7539000000000003e-02,2.0128099999999999e-01,2.6591999999999999e-01,2.5064599999999998e-01,4.9906699999999998e-01,1.9366300000000000e-01,-3.1445000000000001e-01,-1.0629300000000000e-01,6.1711000000000005e-01
-5.0319000000000003e-02,3.4754000000000000e-02,1.0339309999999999e+00,-2.5839999999999998e-02,5.2239000000000001e-02,-7.6786999999999994e-02,9.9534299999999998e-01,3.4775600000000001e-01,-2.0558000000000000e-02,-7.9351000000000005e-02,2.8854000000000002e-01,-3.6668400000000001e-01,-1.7284200000000000e-01,6.7130999999999996e-02,-2.9197899999999999e-01,5.5070300000000005e-01,-2.5359799999999999e-01,-3.4936000000000002e-02,1.9571400000000000e-01,2.4765999999999999e-01,2.6540700000000000e-01,4.6189700000000000e-01,1.9420999999999999e-01,-3.2431700000000002e-01,-6.7362000000000005e-02,5.7302500000000001e-01
-5.1770999999999998e-02,3.6960000000000000e-02,1.0341070000000001e+00,-2.6794999999999999e-02,5.2024000000000001e-02,-8.0612000000000003e-02,9.9502599999999997e-01,3.5519299999999998e-01,-2.1513999999999998e-02,-7.7450000000000005e-02,2.8407399999999999e-01,-3.6596299999999998e-01,-1.6791100000000000e-01,6.7072999999999994e-02,-2.9040500000000002e-01,5.4350699999999996e-01,-2.5193300000000002e-01,-3.2632000000000001e-02,1.9450899999999999e-01,2.3427600000000001e-01,2.5453700000000001e-01,4.4065900000000002e-01,1.9804800000000000e-01,-3.2118700000000000e-01,-3.7095000000000003e-02,5.3664100000000003e-01
-5.2720999999999997e-02,3.8963999999999999e-02,1.0342840000000000e+00,-2.7793000000000002e-02,5.1214000000000003e-02,-8.2966999999999999e-02,9.9484700000000004e-01,3.6006899999999997e-01,-2.1635000000000001e-02,-7.4412000000000006e-02,2.8006199999999998e-01,-3.6504399999999998e-01,-1.6311999999999999e-01,6.6710000000000005e-02,-2.8315800000000002e-01,5.3056899999999996e-01,-2.5086500000000000e-01,-3.0783000000000001e-02,1.9513900000000001e-01,2.2630800000000001e-01,2.2275700000000001e-01,4.3356299999999998e-01,2.0354100000000000e-01,-3.0468000000000001e-01,-1.9685999999999999e-02,5.0917800000000002e-01
-5.3225000000000001e-02,4.0719999999999999e-02,1.0343789999999999e+00,-2.8348000000000002e-02,4.9850999999999999e-02,-8.4286000000000000e-02,9.9478999999999995e-01,3.6333599999999999e-01,-2.1842000000000000e-02,-7.0119000000000001e-02,2.7667300000000000e-01,-3.6418499999999998e-01,-1.5929800000000000e-01,6.5315999999999999e-02,-2.7211000000000002e-01,5.1443499999999998e-01,-2.5063800000000003e-01,-2.9536000000000000e-02,1.9819999999999999e-01,2.2058600000000000e-01,1.7624799999999999e-01,4.4147300000000000e-01,2.0957000000000001e-01,-2.7888099999999999e-01,-1.2468999999999999e-02,4.9468099999999998e-01
-5.3326999999999999e-02,4.2326999999999997e-02,1.0342920000000000e+00,-2.8569000000000001e-02,4.8201000000000001e-02,-8.4834999999999994e-02,9.9481799999999998e-01,3.6546299999999998e-01,-2.2252999999999998e-02,-6.4558000000000004e-02,2.7297700000000003e-01,-3.6331100000000000e-01,-1.5838700000000000e-01,6.3180000000000000e-02,-2.5825700000000001e-01,4.9538199999999999e-01,-2.5057299999999999e-01,-2.8738000000000000e-02,2.0602999999999999e-01,2.1317200000000000e-01,1.2339000000000000e-01,4.5991500000000002e-01,2.1221599999999999e-01,-2.4822100000000000e-01,-1.0777000000000000e-02,5.0144599999999995e-01
-5.3104999999999999e-02,4.3836000000000000e-02,1.0336790000000000e+00,-2.8646999999999999e-02,4.6435999999999998e-02,-8.4777000000000005e-02,9.9490500000000004e-01,3.6680200000000002e-01,-2.2612000000000000e-02,-5.7938999999999997e-02,2.6849400000000001e-01,-3.6241099999999998e-01,-1.6194300000000000e-01,6.0970999999999997e-02,-2.4261099999999999e-01,4.7384799999999999e-01,-2.5018600000000002e-01,-2.8152000000000000e-02,2.1178800000000000e-01,2.0349100000000001e-01,7.5608999999999996e-02,4.8633199999999999e-01,2.1588399999999999e-01,-2.1948699999999999e-01,-5.8630000000000002e-03,5.2068999999999999e-01
-5.2721999999999998e-02,4.5206000000000003e-02,1.0312939999999999e+00,-2.8551000000000000e-02,4.4578000000000000e-02,-8.4281999999999996e-02,9.9503500000000000e-01,3.6745600000000000e-01,-2.2834000000000000e-02,-5.0504000000000000e-02,2.6368700000000000e-01,-3.6222199999999999e-01,-1.6878899999999999e-01,5.9790999999999997e-02,-2.2680500000000001e-01,4.5015100000000002e-01,-2.5054599999999999e-01,-2.7619999999999999e-02,2.1847300000000000e-01,1.9069300000000000e-01,3.3791000000000002e-02,5.1614599999999999e-01,2.1702199999999999e-01,-1.9885200000000000e-01,5.2040000000000003e-03,5.5371099999999995e-01
-5.1992999999999998e-02,4.6545000000000003e-02,1.0308430000000000e+00,-2.8308000000000000e-02,4.2743000000000003e-02,-8.3444000000000004e-02,9.9519299999999999e-01,3.6716599999999999e-01,-2.3532000000000001e-02,-4.2932999999999999e-02,2.5909700000000002e-01,-3.6184699999999997e-01,-1.7625299999999999e-01,5.6834000000000003e-02,-2.1076100000000000e-01,4.2931999999999998e-01,-2.5098900000000002e-01,-2.6956000000000001e-02,2.2660800000000000e-01,1.7832000000000001e-01,-4.6680000000000003e-03,5.4623699999999997e-01,2.1616400000000000e-01,-1.8750200000000000e-01,2.4559000000000001e-02,5.9581399999999995e-01
-5.1146999999999998e-02,4.7815000000000003e-02,1.0308160000000000e+00,-2.8025000000000001e-02,4.1119999999999997e-02,-8.2248000000000002e-02,9.9536899999999995e-01,3.6598700000000001e-01,-2.4424999999999999e-02,-3.5298000000000003e-02,2.5375900000000001e-01,-3.6124499999999998e-01,-1.8400400000000000e-01,5.3878000000000002e-02,-1.9530700000000001e-01,4.0926800000000002e-01,-2.5066200000000000e-01,-2.5831000000000000e-02,2.3185400000000000e-01,1.6963200000000001e-01,-3.8610999999999999e-02,5.7823700000000000e-01,2.1377900000000000e-01,-1.7897700000000000e-01,5.5905000000000003e-02,6.4775899999999997e-01
-5.0291000000000002e-02,4.8957000000000001e-02,1.0308510000000000e+00,-2.7656000000000000e-02,3.9738000000000002e-02,-8.0435999999999994e-02,9.9558300000000000e-01,3.6370500000000000e-01,-2.5517000000000001e-02,-2.8788000000000001e-02,2.4940599999999999e-01,-3.6082799999999998e-01,-1.9184899999999999e-01,5.1003000000000000e-02,-1.8122300000000000e-01,3.9105000000000001e-01,-2.5051000000000001e-01,-2.4100000000000000e-02,2.3942400000000000e-01,1.6567599999999999e-01,-7.0172999999999999e-02,6.0243999999999998e-01,2.1179400000000001e-01,-1.7933099999999999e-01,7.7598000000000000e-02,6.9557999999999998e-01
-4.9499000000000001e-02,4.9938999999999997e-02,1.0308409999999999e+00,-2.6950000000000002e-02,3.8616999999999999e-02,-7.8131000000000006e-02,9.9582999999999999e-01,3.6041099999999998e-01,-2.7317000000000001e-02,-2.3834999999999999e-02,2.4679300000000001e-01,-3.6080899999999999e-01,-1.9878999999999999e-01,4.7704999999999997e-02,-1.6982800000000001e-01,3.7677100000000002e-01,-2.5124299999999999e-01,-2.2123000000000000e-02,2.4959300000000001e-01,1.7048099999999999e-01,-1.1490700000000000e-01,6.1560700000000002e-01,2.0962300000000000e-01,-1.8790999999999999e-01,9.7645999999999997e-02,7.3863900000000005e-01
-4.8772000000000003e-02,5.0791999999999997e-02,1.0308240000000000e+00,-2.6092000000000001e-02,3.7650999999999997e-02,-7.5465000000000004e-02,9.9609599999999998e-01,3.5640800000000000e-01,-2.9451999999999999e-02,-1.9293000000000001e-02,2.4403900000000001e-01,-3.6055100000000001e-01,-2.0583299999999999e-01,4.4245000000000000e-02,-1.6021900000000000e-01,3.6502600000000002e-01,-2.5190699999999999e-01,-2.0295000000000001e-02,2.5811299999999998e-01,1.7498100000000000e-01,-1.4151900000000001e-01,6.2663700000000000e-01,2.1086900000000000e-01,-1.9569900000000001e-01,1.1447900000000000e-01,7.7178899999999995e-01
-4.8128999999999998e-02,5.1492000000000003e-02,1.0308230000000000e+00,-2.5152000000000001e-02,3.6729999999999999e-02,-7.2653999999999996e-02,9.9636300000000000e-01,3.5267799999999999e-01,-3.1633000000000001e-02,-1.4718999999999999e-02,2.4065300000000001e-01,-3.5978599999999999e-01,-2.1343500000000001e-01,4.0778000000000002e-02,-1.5227499999999999e-01,3.5581499999999999e-01,-2.5207600000000002e-01,-1.8695000000000000e-02,2.6471899999999998e-01,1.8025800000000000e-01,-1.5387100000000001e-01,6.3420799999999999e-01,2.1381900000000001e-01,-2.0430000000000001e-01,1.2774500000000000e-01,7.9534899999999997e-01
-4.7591000000000001e-02,5.1997000000000002e-02,1.0308370000000000e+00,-2.4111000000000000e-02,3.5880000000000002e-02,-6.9834999999999994e-02,9.9662099999999998e-01,3.4914800000000001e-01,-3.3801999999999999e-02,-1.0434000000000001e-02,2.3720600000000000e-01,-3.5869299999999998e-01,-2.2131999999999999e-01,3.7390000000000000e-02,-1.4611299999999999e-01,3.4914000000000001e-01,-2.5194200000000000e-01,-1.7316000000000002e-02,2.7025700000000002e-01,1.8575100000000000e-01,-1.5401699999999999e-01,6.3973400000000002e-01,2.1731500000000001e-01,-2.1314000000000000e-01,1.3673500000000000e-01,8.1045100000000003e-01
-4.7187000000000000e-02,5.2303000000000002e-02,1.0308560000000000e+00,-2.2997000000000000e-02,3.5125999999999998e-02,-6.6987000000000005e-02,9.9687000000000003e-01,3.4545500000000001e-01,-3.5935000000000002e-02,-6.8430000000000001e-03,2.3430400000000001e-01,-3.5751899999999998e-01,-2.2818600000000000e-01,3.4129000000000000e-02,-1.4151800000000000e-01,3.4463700000000003e-01,-2.5182900000000003e-01,-1.6219000000000001e-02,2.7270699999999998e-01,1.9231500000000001e-01,-1.4625400000000000e-01,6.4653799999999995e-01,2.2031700000000001e-01,-2.2143399999999999e-01,1.4038100000000001e-01,8.1763600000000003e-01
-4.6915999999999999e-02,5.2439000000000000e-02,1.0308569999999999e+00,-2.1905999999999998e-02,3.4493000000000003e-02,-6.4237000000000002e-02,9.9709800000000004e-01,3.4146500000000002e-01,-3.7930999999999999e-02,-4.3870000000000003e-03,2.3261699999999999e-01,-3.5654599999999997e-01,-2.3342800000000000e-01,3.1178999999999998e-02,-1.3861999999999999e-01,3.4266099999999999e-01,-2.5232199999999999e-01,-1.5579000000000001e-02,2.6955600000000002e-01,1.9517799999999999e-01,-1.1695800000000001e-01,6.6052500000000003e-01,2.2440900000000000e-01,-2.2263500000000000e-01,1.3412399999999999e-01,8.1691300000000000e-01
-4.6725999999999997e-02,5.2453000000000000e-02,1.0308430000000000e+00,-2.0788999999999998e-02,3.3973999999999997e-02,-6.1814000000000001e-02,9.9729299999999999e-01,3.3739599999999997e-01,-3.9954999999999997e-02,-2.8279999999999998e-03,2.3203900000000000e-01,-3.5570200000000002e-01,-2.3755200000000001e-01,2.8400999999999999e-02,-1.3680200000000001e-01,3.4195199999999998e-01,-2.5330999999999998e-01,-1.5452000000000000e-02,2.6611299999999999e-01,2.0208300000000001e-01,-9.7326999999999997e-02,6.6890600000000000e-01,2.2409599999999999e-01,-2.2694900000000001e-01,1.2598300000000001e-01,8.1528100000000003e-01
-4.6549000000000000e-02,5.2368999999999999e-02,1.0308230000000000e+00,-1.9678999999999999e-02,3.3506000000000001e-02,-5.9621000000000000e-02,9.9746500000000005e-01,3.3339800000000003e-01,-4.1889000000000003e-02,-1.5020000000000001e-03,2.3172999999999999e-01,-3.5477799999999998e-01,-2.4132999999999999e-01,2.5788999999999999e-02,-1.3523800000000000e-01,3.4139300000000000e-01,-2.5459199999999998e-01,-1.5661000000000001e-02,2.6232000000000000e-01,2.1187300000000001e-01,-8.0837999999999993e-02,6.7453900000000000e-01,2.2156600000000001e-01,-2.3104400000000000e-01,1.1839500000000000e-01,8.1072200000000005e-01
-4.6341000000000000e-02,5.2179999999999997e-02,1.0307980000000001e+00,-1.8565000000000002e-02,3.3066999999999999e-02,-5.7727000000000001e-02,9.9761200000000005e-01,3.2982600000000001e-01,-4.3676000000000000e-02,-1.3999999999999999e-04,2.3146900000000001e-01,-3.5382999999999998e-01,-2.4462000000000000e-01,2.3316000000000000e-02,-1.3397100000000001e-01,3.4120600000000001e-01,-2.5595600000000002e-01,-1.6077999999999999e-02,2.5811299999999998e-01,2.2186300000000000e-01,-6.4472000000000002e-02,6.7930299999999999e-01,2.1800400000000000e-01,-2.3380400000000001e-01,1.1108000000000000e-01,8.0256899999999998e-01
-4.6091000000000000e-02,5.1894000000000003e-02,1.0307599999999999e+00,-1.7509000000000000e-02,3.2604000000000001e-02,-5.6262000000000000e-02,9.9773000000000001e-01,3.2697999999999999e-01,-4.5162000000000001e-02,1.2160000000000001e-03,2.3155500000000001e-01,-3.5308000000000000e-01,-2.4723200000000001e-01,2.1063999999999999e-02,-1.3289699999999999e-01,3.4140999999999999e-01,-2.5731599999999999e-01,-1.6583000000000001e-02,2.5466699999999998e-01,2.3125999999999999e-01,-4.7746999999999998e-02,6.8225700000000000e-01,2.1447300000000000e-01,-2.3413800000000001e-01,1.0133600000000000e-01,7.9059000000000001e-01
-4.5802000000000002e-02,5.1534999999999997e-02,1.0307070000000000e+00,-1.6473000000000002e-02,3.2105000000000002e-02,-5.5036000000000002e-02,9.9783200000000005e-01,3.2442599999999999e-01,-4.6497999999999998e-02,2.4840000000000001e-03,2.3207300000000000e-01,-3.5255999999999998e-01,-2.4945899999999999e-01,1.8889000000000000e-02,-1.3184599999999999e-01,3.4182600000000002e-01,-2.5867800000000002e-01,-1.7173000000000001e-02,2.5245499999999998e-01,2.3957200000000001e-01,-3.2221000000000000e-02,6.8194500000000002e-01,2.1142500000000000e-01,-2.3280799999999999e-01,9.0562000000000004e-02,7.7612700000000001e-01
-4.5488000000000001e-02,5.1117999999999997e-02,1.0306379999999999e+00,-1.5455999999999999e-02,3.1621999999999997e-02,-5.4107000000000002e-02,9.9791500000000000e-01,3.2218599999999997e-01,-4.7745999999999997e-02,3.5420000000000000e-03,2.3303299999999999e-01,-3.5231400000000002e-01,-2.5101400000000001e-01,1.6813000000000002e-02,-1.3107400000000000e-01,3.4266500000000000e-01,-2.6008700000000001e-01,-1.7947000000000001e-02,2.5334299999999998e-01,2.4581200000000000e-01,-2.1085000000000000e-02,6.7589500000000002e-01,2.0801500000000001e-01,-2.3576400000000000e-01,7.2515999999999997e-02,7.5848599999999999e-01
-4.5154000000000000e-02,5.0661999999999999e-02,1.0305550000000001e+00,-1.4470999999999999e-02,3.1171999999999998e-02,-5.3443999999999998e-02,9.9797899999999995e-01,3.2032800000000000e-01,-4.8903000000000002e-02,4.4330000000000003e-03,2.3430300000000001e-01,-3.5236600000000001e-01,-2.5176700000000002e-01,1.4850000000000000e-02,-1.3071199999999999e-01,3.4408600000000000e-01,-2.6144800000000001e-01,-1.8867999999999999e-02,2.5269200000000003e-01,2.5078200000000000e-01,-1.3218000000000001e-02,6.7193599999999998e-01,2.0651600000000001e-01,-2.3158899999999999e-01,6.2236000000000000e-02,7.4031899999999995e-01
-4.4797999999999998e-02,5.0185000000000000e-02,1.0304580000000001e+00,-1.3559999999999999e-02,3.0741999999999998e-02,-5.2835000000000000e-02,9.9803799999999998e-01,3.1872099999999998e-01,-4.9895000000000002e-02,5.3359999999999996e-03,2.3551500000000000e-01,-3.5260900000000001e-01,-2.5220399999999998e-01,1.3061000000000000e-02,-1.3042699999999999e-01,3.4566100000000000e-01,-2.6279599999999997e-01,-1.9793000000000002e-02,2.5091000000000002e-01,2.5430199999999997e-01,-1.0061000000000000e-02,6.6999600000000004e-01,2.0533699999999999e-01,-2.2727400000000000e-01,5.8324000000000001e-02,7.2405799999999998e-01
-4.4415999999999997e-02,4.9702999999999997e-02,1.0303519999999999e+00,-1.2722000000000001e-02,3.0329999999999999e-02,-5.2295000000000001e-02,9.9809000000000003e-01,3.1736399999999998e-01,-5.0720000000000001e-02,6.4270000000000004e-03,2.3637400000000000e-01,-3.5296800000000000e-01,-2.5255200000000000e-01,1.1429000000000000e-02,-1.3014600000000001e-01,3.4725200000000001e-01,-2.6410800000000001e-01,-2.0663000000000001e-02,2.4812799999999999e-01,2.5563599999999997e-01,-1.2163000000000000e-02,6.6906600000000005e-01,2.0405799999999999e-01,-2.2424600000000000e-01,5.9570999999999999e-02,7.1093300000000004e-01
-4.4020999999999998e-02,4.9237999999999997e-02,1.0302410000000000e+00,-1.1975000000000000e-02,2.9926999999999999e-02,-5.1815000000000000e-02,9.9813600000000002e-01,3.1619900000000001e-01,-5.1394000000000002e-02,7.7570000000000000e-03,2.3677999999999999e-01,-3.5339900000000002e-01,-2.5292700000000001e-01,9.9720000000000000e-03,-1.2984399999999999e-01,3.4880400000000000e-01,-2.6534000000000002e-01,-2.1401000000000000e-02,2.4466800000000000e-01,2.5502300000000000e-01,-1.7572999999999998e-02,6.6846700000000003e-01,2.0241700000000001e-01,-2.2223899999999999e-01,6.4338000000000006e-02,7.0128900000000005e-01
-4.3623000000000002e-02,4.8805000000000001e-02,1.0301300000000000e+00,-1.1301000000000000e-02,2.9567000000000000e-02,-5.1441000000000001e-02,9.9817400000000001e-01,3.1520399999999998e-01,-5.1995000000000000e-02,9.2250000000000006e-03,2.3677400000000001e-01,-3.5383500000000001e-01,-2.5327100000000002e-01,8.6569999999999998e-03,-1.2964300000000001e-01,3.5032400000000002e-01,-2.6646700000000001e-01,-2.1974000000000000e-02,2.4094800000000000e-01,2.5280599999999998e-01,-2.5574000000000000e-02,6.6827599999999998e-01,2.0059399999999999e-01,-2.2063199999999999e-01,7.0271000000000000e-02,6.9554700000000003e-01
-4.3217999999999999e-02,4.8410000000000002e-02,1.0300240000000001e+00,-1.0741000000000001e-02,2.9293000000000000e-02,-5.1214999999999997e-02,9.9819999999999998e-01,3.1449400000000000e-01,-5.2471999999999998e-02,1.0758000000000000e-02,2.3631199999999999e-01,-3.5419800000000001e-01,-2.5344699999999998e-01,7.5729999999999999e-03,-1.2964000000000001e-01,3.5193400000000002e-01,-2.6756999999999997e-01,-2.2421000000000000e-02,2.3779300000000000e-01,2.4833300000000000e-01,-3.5581000000000002e-02,6.6795199999999999e-01,1.9912400000000000e-01,-2.1894300000000000e-01,7.6284000000000005e-02,6.9377999999999995e-01
-4.2809000000000000e-02,4.8035000000000001e-02,1.0299280000000000e+00,-1.0227999999999999e-02,2.9086000000000001e-02,-5.1077999999999998e-02,9.9821899999999997e-01,3.1415799999999999e-01,-5.2891000000000001e-02,1.2232000000000000e-02,2.3569200000000001e-01,-3.5449199999999997e-01,-2.5351499999999999e-01,6.6189999999999999e-03,-1.2968900000000000e-01,3.5342000000000001e-01,-2.6863300000000001e-01,-2.2806000000000000e-02,2.3561699999999999e-01,2.4216399999999999e-01,-4.6891000000000002e-02,6.6866199999999998e-01,1.9822400000000001e-01,-2.1759000000000001e-01,8.2193000000000002e-02,6.9473200000000002e-01
-4.2403000000000003e-02,4.7675000000000002e-02,1.0298560000000001e+00,-9.7780000000000002e-03,2.8943000000000000e-02,-5.1041000000000003e-02,9.9822900000000003e-01,3.1414900000000001e-01,-5.3206000000000003e-02,1.3613000000000000e-02,2.3491999999999999e-01,-3.5465700000000000e-01,-2.5361800000000001e-01,5.8349999999999999e-03,-1.2960199999999999e-01,3.5442699999999999e-01,-2.6950700000000000e-01,-2.3196000000000001e-02,2.3405100000000001e-01,2.3586299999999999e-01,-6.1372999999999997e-02,6.7054400000000003e-01,1.9808899999999999e-01,-2.1725900000000001e-01,8.8592000000000004e-02,6.9745599999999996e-01
-4.2016999999999999e-02,4.7343999999999997e-02,1.0298300000000000e+00,-9.4900000000000002e-03,2.8901000000000000e-02,-5.1019000000000002e-02,9.9823399999999995e-01,3.1445899999999999e-01,-5.3249999999999999e-02,1.4793000000000001e-02,2.3391700000000001e-01,-3.5469200000000001e-01,-2.5358100000000000e-01,5.4000000000000003e-03,-1.2958900000000001e-01,3.5521300000000000e-01,-2.6964199999999999e-01,-2.3619999999999999e-02,2.3244500000000001e-01,2.3085000000000000e-01,-7.9557000000000003e-02,6.7354499999999995e-01,1.9860700000000001e-01,-2.1725100000000000e-01,9.5945000000000003e-02,7.0195099999999999e-01
-4.1679000000000001e-02,4.7083000000000000e-02,1.0298499999999999e+00,-9.3930000000000003e-03,2.8948999999999999e-02,-5.1194000000000003e-02,9.9822500000000003e-01,3.1505899999999998e-01,-5.3041999999999999e-02,1.5667000000000000e-02,2.3291899999999999e-01,-3.5466599999999998e-01,-2.5308399999999998e-01,5.3130000000000000e-03,-1.3009999999999999e-01,3.5640699999999997e-01,-2.6884200000000003e-01,-2.4081000000000002e-02,2.2842999999999999e-01,2.2727400000000000e-01,-9.9765999999999994e-02,6.8135299999999999e-01,1.9968200000000000e-01,-2.1254000000000001e-01,1.1196500000000000e-01,7.0791700000000002e-01
-4.1395000000000001e-02,4.6905000000000002e-02,1.0298900000000000e+00,-9.3519999999999992e-03,2.9092000000000000e-02,-5.1556999999999999e-02,9.9820200000000003e-01,3.1566899999999998e-01,-5.2886000000000002e-02,1.5847000000000000e-02,2.3281099999999999e-01,-3.5490699999999997e-01,-2.5223200000000001e-01,5.3160000000000004e-03,-1.3128999999999999e-01,3.5820400000000002e-01,-2.6755600000000002e-01,-2.4566000000000001e-02,2.2673900000000000e-01,2.2452000000000000e-01,-1.2029200000000000e-01,6.8806000000000000e-01,2.0040300000000000e-01,-2.1402700000000000e-01,1.1979600000000000e-01,7.1348299999999998e-01
-4.1167000000000002e-02,4.6842000000000002e-02,1.0299380000000000e+00,-9.3209999999999994e-03,2.9381999999999998e-02,-5.2179999999999997e-02,9.9816199999999999e-01,3.1642100000000001e-01,-5.2942999999999997e-02,1.5380000000000000e-02,2.3337600000000000e-01,-3.5534300000000002e-01,-2.5109700000000001e-01,5.3340000000000002e-03,-1.3338700000000001e-01,3.6074200000000001e-01,-2.6608199999999999e-01,-2.5111999999999999e-02,2.2631999999999999e-01,2.2187499999999999e-01,-1.3914099999999999e-01,6.9569599999999998e-01,2.0136799999999999e-01,-2.1656100000000000e-01,1.2413100000000001e-01,7.1888300000000005e-01
-4.0991000000000000e-02,4.6940999999999997e-02,1.0299990000000001e+00,-9.4439999999999993e-03,2.9984000000000000e-02,-5.3065000000000001e-02,9.9809599999999998e-01,3.1740400000000002e-01,-5.3081999999999997e-02,1.4166000000000000e-02,2.3407800000000001e-01,-3.5577199999999998e-01,-2.4948000000000001e-01,5.6829999999999997e-03,-1.3664599999999999e-01,3.6397099999999999e-01,-2.6414100000000001e-01,-2.5687999999999999e-02,2.2633400000000001e-01,2.1945600000000001e-01,-1.5436200000000000e-01,7.0492500000000002e-01,2.0234700000000000e-01,-2.1919100000000000e-01,1.2649700000000000e-01,7.2421700000000000e-01
-4.0903000000000002e-02,4.7183000000000003e-02,1.0300119999999999e+00,-9.6620000000000004e-03,3.0542000000000000e-02,-5.4304999999999999e-02,9.9800999999999995e-01,3.1870300000000001e-01,-5.3185999999999997e-02,1.2465000000000000e-02,2.3582800000000001e-01,-3.5660599999999998e-01,-2.4698899999999999e-01,6.1659999999999996e-03,-1.4000199999999999e-01,3.6725300000000000e-01,-2.6285900000000001e-01,-2.6210000000000001e-02,2.2713700000000001e-01,2.1698600000000001e-01,-1.6464999999999999e-01,7.1636800000000000e-01,2.0423300000000000e-01,-2.2194200000000000e-01,1.2811500000000001e-01,7.2882599999999997e-01
-4.0890000000000003e-02,4.7583000000000000e-02,1.0299510000000001e+00,-9.9290000000000003e-03,3.1126999999999998e-02,-5.5951000000000001e-02,9.9789899999999998e-01,3.2038400000000000e-01,-5.3440000000000001e-02,1.0290000000000001e-02,2.3846100000000001e-01,-3.5790699999999998e-01,-2.4362800000000001e-01,6.7000000000000002e-03,-1.4348400000000000e-01,3.7039000000000000e-01,-2.6267600000000002e-01,-2.6563000000000000e-02,2.3071400000000000e-01,2.1082699999999999e-01,-1.6168800000000000e-01,7.2928199999999999e-01,2.0563400000000001e-01,-2.2304299999999999e-01,1.2784200000000001e-01,7.4253999999999998e-01
-4.0933999999999998e-02,4.8127999999999997e-02,1.0298400000000001e+00,-1.0245000000000001e-02,3.1648000000000003e-02,-5.8018000000000000e-02,9.9776100000000001e-01,3.2268599999999997e-01,-5.3758000000000000e-02,8.1300000000000001e-03,2.4148100000000000e-01,-3.5956100000000002e-01,-2.3953300000000000e-01,7.2170000000000003e-03,-1.4671200000000001e-01,3.7297999999999998e-01,-2.6292399999999999e-01,-2.6674000000000000e-02,2.3133500000000001e-01,2.0692199999999999e-01,-1.5921399999999999e-01,7.4629599999999996e-01,2.0533899999999999e-01,-2.2640900000000000e-01,1.2966500000000000e-01,7.5078400000000001e-01
-4.1017999999999999e-02,4.8772999999999997e-02,1.0296940000000001e+00,-1.0551000000000000e-02,3.2004999999999999e-02,-6.0385000000000001e-02,9.9760599999999999e-01,3.2563900000000001e-01,-5.4112000000000000e-02,6.3969999999999999e-03,2.4452499999999999e-01,-3.6144199999999999e-01,-2.3480699999999999e-01,7.5139999999999998e-03,-1.4944199999999999e-01,3.7507800000000002e-01,-2.6332000000000000e-01,-2.6581000000000000e-02,2.3076500000000000e-01,2.0510000000000000e-01,-1.5571599999999999e-01,7.6666500000000004e-01,2.0468100000000000e-01,-2.2996900000000001e-01,1.3027400000000000e-01,7.5777700000000003e-01
-4.1155999999999998e-02,4.9500000000000002e-02,1.0295339999999999e+00,-1.0980000000000000e-02,3.2289999999999999e-02,-6.2933000000000003e-02,9.9743499999999996e-01,3.2904400000000000e-01,-5.4288999999999997e-02,4.9049999999999996e-03,2.4732100000000001e-01,-3.6337900000000001e-01,-2.2945800000000000e-01,7.8740000000000008e-03,-1.5198300000000001e-01,3.7710500000000002e-01,-2.6369999999999999e-01,-2.6363000000000001e-02,2.3148400000000000e-01,2.0558499999999999e-01,-1.5230700000000000e-01,7.8511100000000000e-01,2.0257600000000001e-01,-2.3921999999999999e-01,1.2017799999999999e-01,7.6292700000000002e-01
-4.1375000000000002e-02,5.0247000000000000e-02,1.0293880000000000e+00,-1.1339999999999999e-02,3.2506000000000000e-02,-6.5626000000000004e-02,9.9724999999999997e-01,3.3323000000000003e-01,-5.4567999999999998e-02,4.1970000000000002e-03,2.4878200000000000e-01,-3.6488100000000001e-01,-2.2426900000000000e-01,8.0579999999999992e-03,-1.5459200000000001e-01,3.7921300000000002e-01,-2.6404300000000003e-01,-2.6145000000000002e-02,2.2992000000000001e-01,2.0483399999999999e-01,-1.4545800000000000e-01,8.0693000000000004e-01,2.0151400000000000e-01,-2.4071500000000001e-01,1.1703900000000000e-01,7.6829599999999998e-01
-4.1724999999999998e-02,5.0997000000000001e-02,1.0293010000000000e+00,-1.1842999999999999e-02,3.2848000000000002e-02,-6.8264000000000005e-02,9.9705600000000005e-01,3.3772200000000002e-01,-5.4675000000000001e-02,3.6029999999999999e-03,2.4900400000000000e-01,-3.6592300000000000e-01,-2.1870899999999999e-01,8.5520000000000006e-03,-1.5825900000000001e-01,3.8265300000000002e-01,-2.6332100000000003e-01,-2.6084000000000000e-02,2.2247300000000000e-01,1.9798900000000000e-01,-1.5155700000000000e-01,8.2510200000000000e-01,1.9974700000000001e-01,-2.4070700000000000e-01,1.1780200000000000e-01,7.6750600000000002e-01
-4.2245999999999999e-02,5.1704000000000000e-02,1.0292650000000001e+00,-1.2389000000000001e-02,3.3509999999999998e-02,-7.0872000000000004e-02,9.9684499999999998e-01,3.4225499999999998e-01,-5.4844999999999998e-02,2.0760000000000002e-03,2.4917700000000001e-01,-3.6655700000000002e-01,-2.1333199999999999e-01,9.4039999999999992e-03,-1.6343500000000000e-01,3.8730700000000001e-01,-2.6201200000000002e-01,-2.6290000000000001e-02,2.2009500000000001e-01,2.0126200000000000e-01,-1.5226400000000001e-01,8.4296400000000005e-01,1.9925499999999999e-01,-2.4085000000000001e-01,1.1840600000000000e-01,7.6970799999999995e-01
-4.3013999999999997e-02,5.2338000000000003e-02,1.0292159999999999e+00,-1.3029000000000001e-02,3.4611999999999997e-02,-7.3172000000000001e-02,9.9663299999999999e-01,3.4611500000000001e-01,-5.5058000000000003e-02,-1.6010000000000000e-03,2.5087500000000001e-01,-3.6732599999999999e-01,-2.0755799999999999e-01,1.0802000000000001e-02,-1.7158799999999999e-01,3.9568799999999998e-01,-2.6105699999999998e-01,-2.6759000000000002e-02,2.1722900000000001e-01,2.0681300000000000e-01,-1.5416900000000000e-01,8.5469399999999995e-01,1.9850100000000001e-01,-2.4087000000000000e-01,1.2014100000000000e-01,7.7106600000000003e-01
-4.4153999999999999e-02,5.2870000000000000e-02,1.0291120000000000e+00,-1.4008000000000000e-02,3.6095000000000002e-02,-7.4748999999999996e-02,9.9644999999999995e-01,3.4830899999999998e-01,-5.4793000000000001e-02,-8.4349999999999998e-03,2.5544499999999998e-01,-3.6870999999999998e-01,-2.0133999999999999e-01,1.3346999999999999e-02,-1.8401500000000001e-01,4.1051700000000002e-01,-2.6096799999999998e-01,-2.7359000000000001e-02,2.1312400000000001e-01,2.1415600000000001e-01,-1.6004800000000000e-01,8.6054699999999995e-01,1.9837399999999999e-01,-2.4076300000000000e-01,1.2401000000000000e-01,7.7045399999999997e-01
-4.5707999999999999e-02,5.3304999999999998e-02,1.0290319999999999e+00,-1.5337999999999999e-02,3.7963999999999998e-02,-7.5975000000000001e-02,9.9626899999999996e-01,3.4965299999999999e-01,-5.4039999999999998e-02,-1.8023999999999998e-02,2.6213900000000001e-01,-3.7059300000000001e-01,-1.9543199999999999e-01,1.7170000000000001e-02,-2.0138300000000001e-01,4.3216399999999999e-01,-2.6066200000000000e-01,-2.8046999999999999e-02,2.0766399999999999e-01,2.2161100000000000e-01,-1.6788000000000000e-01,8.6016599999999999e-01,1.9796300000000000e-01,-2.4005000000000001e-01,1.2897100000000000e-01,7.6907199999999998e-01
-4.7705999999999998e-02,5.3683000000000002e-02,1.0292990000000000e+00,-1.7006000000000000e-02,4.0346000000000000e-02,-7.7273999999999995e-02,9.9604800000000004e-01,3.5089900000000002e-01,-5.3053999999999997e-02,-3.0457000000000001e-02,2.7062700000000001e-01,-3.7283100000000002e-01,-1.8848699999999999e-01,2.2053000000000000e-02,-2.2628499999999999e-01,4.6431099999999997e-01,-2.5733600000000001e-01,-2.8799999999999999e-02,2.0045299999999999e-01,2.2823900000000000e-01,-1.7259800000000000e-01,8.5264600000000002e-01,1.9701299999999999e-01,-2.3869599999999999e-01,1.3483100000000001e-01,7.6614800000000005e-01
-4.9898999999999999e-02,5.3949999999999998e-02,1.0314129999999999e+00,-1.8461999999999999e-02,4.3323000000000000e-02,-7.8877000000000003e-02,9.9577099999999996e-01,3.5179899999999997e-01,-5.3123999999999998e-02,-4.6781000000000003e-02,2.8343900000000000e-01,-3.7616200000000000e-01,-1.7833099999999999e-01,2.5045000000000001e-02,-2.6376200000000000e-01,5.1761199999999996e-01,-2.5114300000000001e-01,-2.9273000000000000e-02,1.9424100000000000e-01,2.4019399999999999e-01,-1.6771400000000000e-01,8.4668200000000005e-01,1.9786999999999999e-01,-2.3851000000000000e-01,1.4236699999999999e-01,7.5644400000000001e-01
-5.2351000000000002e-02,5.3844999999999997e-02,1.0314399999999999e+00,-1.9616000000000001e-02,4.6739999999999997e-02,-8.0976999999999993e-02,9.9542600000000003e-01,3.5339399999999999e-01,-5.3374999999999999e-02,-6.7589999999999997e-02,3.0343399999999998e-01,-3.8370199999999999e-01,-1.6703200000000001e-01,2.9234000000000000e-02,-3.1570199999999998e-01,5.9070999999999996e-01,-2.4385200000000001e-01,-2.9156999999999999e-02,1.8405199999999999e-01,2.3972599999999999e-01,-1.6248499999999999e-01,8.3053699999999997e-01,1.9708300000000001e-01,-2.3780200000000001e-01,1.4850700000000000e-01,7.4494600000000000e-01
-5.4595999999999999e-02,5.3518000000000003e-02,1.0308700000000000e+00,-2.1454000000000001e-02,4.9924999999999997e-02,-8.3659999999999998e-02,9.9501200000000001e-01,3.5733199999999998e-01,-5.1747000000000001e-02,-8.6207000000000006e-02,3.2025199999999998e-01,-3.9155699999999999e-01,-1.6112399999999999e-01,3.4820999999999998e-02,-3.7272800000000000e-01,6.7026300000000005e-01,-2.2584099999999999e-01,-2.7850000000000000e-02,1.7437700000000000e-01,2.3530499999999999e-01,-1.5263900000000000e-01,8.0769199999999997e-01,1.9559699999999999e-01,-2.3626600000000000e-01,1.5588399999999999e-01,7.3042899999999999e-01
-5.6404999999999997e-02,5.2837000000000002e-02,1.0302730000000000e+00,-2.3702999999999998e-02,5.2821000000000000e-02,-8.6712999999999998e-02,9.9455000000000005e-01,3.6261700000000002e-01,-4.8550999999999997e-02,-1.0103500000000000e-01,3.3136399999999999e-01,-3.9771499999999999e-01,-1.5956500000000001e-01,4.1089000000000001e-02,-4.2786099999999999e-01,7.4449200000000004e-01,-1.9694999999999999e-01,-2.5801000000000001e-02,1.6368199999999999e-01,2.2910600000000000e-01,-1.3429099999999999e-01,7.8156199999999998e-01,1.9452400000000000e-01,-2.3269100000000001e-01,1.6038900000000000e-01,7.0852599999999999e-01
-5.7578999999999998e-02,5.1632999999999998e-02,1.0296760000000000e+00,-2.5805999999999999e-02,5.4808999999999997e-02,-8.9712000000000000e-02,9.9412400000000001e-01,3.6720199999999997e-01,-4.4263999999999998e-02,-1.1128000000000000e-01,3.3861500000000000e-01,-4.0214800000000001e-01,-1.6297000000000000e-01,4.7555000000000000e-02,-4.7405199999999997e-01,8.0645299999999998e-01,-1.7106099999999999e-01,-2.3455000000000000e-02,1.5678500000000001e-01,2.1734000000000001e-01,-1.1719900000000000e-01,7.5498500000000002e-01,1.8989200000000001e-01,-2.2994400000000001e-01,1.6732500000000000e-01,6.8554099999999996e-01
-5.8175999999999999e-02,4.9911999999999998e-02,1.0294559999999999e+00,-2.7525999999999998e-02,5.5787000000000003e-02,-9.2649999999999996e-02,9.9375400000000003e-01,3.7132799999999999e-01,-3.9392000000000003e-02,-1.1774100000000000e-01,3.4386600000000000e-01,-4.0499600000000002e-01,-1.7185500000000001e-01,5.4021000000000000e-02,-5.0573800000000002e-01,8.4792199999999995e-01,-1.6710300000000000e-01,-2.1277999999999998e-02,1.5358600000000000e-01,2.0343800000000001e-01,-1.0178400000000000e-01,7.2984099999999996e-01,1.8275700000000000e-01,-2.2694600000000001e-01,1.7272999999999999e-01,6.5877900000000000e-01
-5.7949000000000001e-02,4.7305000000000000e-02,1.0324660000000001e+00,-2.9094999999999999e-02,5.6283000000000000e-02,-9.4397999999999996e-02,9.9351599999999995e-01,3.7426700000000002e-01,-3.3841999999999997e-02,-1.2241100000000001e-01,3.4806500000000001e-01,-4.0602500000000002e-01,-1.8105399999999999e-01,5.3348000000000000e-02,-5.2761000000000002e-01,8.6141599999999996e-01,-1.8285799999999999e-01,-1.9803000000000001e-02,1.5340100000000001e-01,1.8954299999999999e-01,-9.2136999999999997e-02,7.0643400000000001e-01,1.7339299999999999e-01,-2.2214100000000001e-01,1.7174600000000001e-01,6.2430300000000005e-01
-5.7084999999999997e-02,4.4109000000000002e-02,1.0335710000000000e+00,-3.1210999999999999e-02,5.6966000000000003e-02,-9.4657000000000005e-02,9.9338899999999997e-01,3.7642300000000001e-01,-2.6217000000000001e-02,-1.2450200000000000e-01,3.4691800000000000e-01,-4.0532299999999999e-01,-1.9086600000000001e-01,5.3233999999999997e-02,-5.3515199999999996e-01,8.4563100000000002e-01,-1.9203500000000001e-01,-1.8891999999999999e-02,1.5623899999999999e-01,1.7798300000000000e-01,-9.4588000000000005e-02,6.8575399999999997e-01,1.5691400000000000e-01,-2.1398600000000001e-01,1.6602200000000000e-01,5.8678100000000000e-01
-5.5628999999999998e-02,4.0450000000000000e-02,1.0340339999999999e+00,-3.2617000000000000e-02,5.7736999999999997e-02,-9.4572000000000003e-02,9.9330700000000005e-01,3.7793300000000002e-01,-1.9359000000000001e-02,-1.2324900000000000e-01,3.4121400000000002e-01,-4.0323900000000001e-01,-2.0257500000000001e-01,5.0453999999999999e-02,-5.3345200000000004e-01,8.0445199999999994e-01,-1.8838700000000000e-01,-1.8280999999999999e-02,1.5181900000000001e-01,1.6480200000000000e-01,-1.0838700000000000e-01,6.6071000000000002e-01,1.3415400000000000e-01,-2.0338100000000001e-01,1.5238099999999999e-01,5.4786800000000002e-01
-5.3582999999999999e-02,3.6318000000000003e-02,1.0341490000000000e+00,-3.3045999999999999e-02,5.8397999999999999e-02,-9.4306000000000001e-02,9.9327900000000002e-01,3.7903399999999998e-01,-1.3681000000000000e-02,-1.1954700000000000e-01,3.3372400000000002e-01,-4.0094500000000000e-01,-2.1662300000000001e-01,4.6086000000000002e-02,-5.2560499999999999e-01,7.4537699999999996e-01,-1.7550700000000000e-01,-1.7708999999999999e-02,1.5329599999999999e-01,1.6371100000000000e-01,-1.2527800000000000e-01,6.4656899999999995e-01,1.0725600000000000e-01,-1.9620699999999999e-01,1.4048300000000000e-01,5.0560899999999998e-01
-5.0910999999999998e-02,3.1722000000000000e-02,1.0340069999999999e+00,-3.2564000000000003e-02,5.8982000000000000e-02,-9.3732999999999997e-02,9.9331499999999995e-01,3.8070100000000001e-01,-9.1959999999999993e-03,-1.1313100000000000e-01,3.2364599999999999e-01,-3.9818399999999998e-01,-2.3569499999999999e-01,4.2715999999999997e-02,-5.1083999999999996e-01,6.7050900000000002e-01,-1.5751699999999999e-01,-1.6566000000000001e-02,1.5968399999999999e-01,1.7473900000000001e-01,-1.6206200000000001e-01,6.3029000000000002e-01,7.4311000000000002e-02,-1.9740400000000000e-01,1.3718400000000000e-01,4.6712500000000001e-01
-4.7618000000000001e-02,2.6627000000000001e-02,1.0335589999999999e+00,-3.1154999999999999e-02,5.9374000000000003e-02,-9.2965999999999993e-02,9.9340899999999999e-01,3.8282500000000003e-01,-5.8310000000000002e-03,-1.0379600000000000e-01,3.1110300000000002e-01,-3.9507900000000001e-01,-2.6135300000000000e-01,4.1919999999999999e-02,-4.9116199999999999e-01,5.8602900000000002e-01,-1.3657700000000000e-01,-1.4725000000000000e-02,1.6053700000000001e-01,1.8260799999999999e-01,-1.9145200000000001e-01,6.3020200000000004e-01,3.6575999999999997e-02,-2.0472599999999999e-01,1.4018900000000001e-01,4.4068499999999999e-01
-4.3797000000000003e-02,2.0948000000000001e-02,1.0326820000000001e+00,-2.8917000000000002e-02,5.9721999999999997e-02,-9.2202999999999993e-02,9.9352700000000005e-01,3.8384499999999999e-01,-3.3809999999999999e-03,-9.3403000000000000e-02,2.9882300000000001e-01,-3.9248499999999997e-01,-2.9057600000000000e-01,4.3316000000000000e-02,-4.6940500000000002e-01,5.0110800000000000e-01,-1.1699700000000000e-01,-1.2596000000000000e-02,1.5998599999999999e-01,1.8992999999999999e-01,-2.1493999999999999e-01,6.3861199999999996e-01,-3.9350000000000001e-03,-2.1828300000000000e-01,1.4862200000000000e-01,4.2628600000000000e-01
-3.9475000000000003e-02,1.4525000000000000e-02,1.0312150000000000e+00,-2.6294999999999999e-02,6.0138999999999998e-02,-9.0813000000000005e-02,9.9370300000000000e-01,3.8317200000000001e-01,-7.3399999999999995e-04,-8.1605999999999998e-02,2.8493299999999999e-01,-3.8977800000000001e-01,-3.2609500000000002e-01,4.9503999999999999e-02,-4.4695800000000002e-01,4.2143999999999998e-01,-9.6208000000000002e-02,-9.5390000000000006e-03,1.5935700000000000e-01,1.9530200000000000e-01,-2.3145600000000000e-01,6.5176500000000004e-01,-4.2712000000000000e-02,-2.3239699999999999e-01,1.5744700000000000e-01,4.2301800000000001e-01
-3.4687000000000003e-02,7.0829999999999999e-03,1.0285010000000001e+00,-2.2967000000000001e-02,6.0629000000000002e-02,-8.9687000000000003e-02,9.9385800000000002e-01,3.8265900000000003e-01,2.1489999999999999e-03,-7.0237999999999995e-02,2.7352599999999999e-01,-3.8875799999999999e-01,-3.5568100000000002e-01,5.6547000000000000e-02,-4.2751000000000000e-01,3.5779800000000000e-01,-7.8376000000000001e-02,-6.3080000000000002e-03,1.6020300000000001e-01,1.9937099999999999e-01,-2.4106000000000000e-01,6.6798700000000000e-01,-7.9812999999999995e-02,-2.4523500000000001e-01,1.6658999999999999e-01,4.3297900000000000e-01
-2.9482000000000001e-02,-1.4530000000000001e-03,1.0231090000000000e+00,-1.9309000000000000e-02,6.1558000000000002e-02,-8.8322999999999999e-02,9.9399999999999999e-01,3.8198500000000002e-01,5.8989999999999997e-03,-5.8493000000000003e-02,2.6063900000000001e-01,-3.8803199999999999e-01,-3.6858000000000002e-01,6.3768000000000005e-02,-4.0877000000000002e-01,3.2149299999999997e-01,-5.9603999999999997e-02,-3.6319999999999998e-03,1.6187099999999999e-01,2.0285900000000001e-01,-2.4365899999999999e-01,6.8610099999999996e-01,-1.1420600000000000e-01,-2.5503300000000001e-01,1.7751700000000001e-01,4.5342500000000002e-01
-2.4131000000000000e-02,-1.1021000000000000e-02,1.0220659999999999e+00,-1.5243000000000000e-02,6.2595999999999999e-02,-8.6204000000000003e-02,9.9419199999999996e-01,3.7849699999999997e-01,9.2730000000000000e-03,-4.9681999999999997e-02,2.5190000000000001e-01,-3.8700600000000002e-01,-3.7415700000000002e-01,6.4090999999999995e-02,-3.9924300000000001e-01,3.1046800000000002e-01,-6.6037999999999999e-02,-1.3010000000000001e-03,1.6345799999999999e-01,2.0604500000000001e-01,-2.4226800000000001e-01,7.0564700000000002e-01,-1.4315300000000000e-01,-2.5899699999999998e-01,1.8460499999999999e-01,4.7882599999999997e-01
-1.8395999999999999e-02,-2.1888999999999999e-02,1.0216369999999999e+00,-1.1445000000000000e-02,6.3852999999999993e-02,-8.3416000000000004e-02,9.9440099999999998e-01,3.7355400000000000e-01,1.4552000000000001e-02,-4.2485000000000002e-02,2.4438399999999999e-01,-3.8581100000000002e-01,-3.7136799999999998e-01,6.2656000000000003e-02,-3.9540700000000001e-01,3.1637799999999999e-01,-8.5486999999999994e-02,3.4299999999999999e-04,1.6535300000000000e-01,2.0963599999999999e-01,-2.3575099999999999e-01,7.2508200000000000e-01,-1.6658300000000001e-01,-2.5430999999999998e-01,1.8532599999999999e-01,5.0436999999999999e-01
-1.2592000000000001e-02,-3.3856999999999998e-02,1.0216719999999999e+00,-8.1589999999999996e-03,6.5916000000000002e-02,-7.9935000000000006e-02,9.9458500000000005e-01,3.6744700000000002e-01,2.1731000000000000e-02,-4.0571999999999997e-02,2.4150199999999999e-01,-3.8415600000000000e-01,-3.6980299999999999e-01,6.4190999999999998e-02,-3.9420600000000000e-01,3.2644299999999998e-01,-9.9532999999999996e-02,1.2580000000000000e-03,1.6783100000000001e-01,2.1221499999999999e-01,-2.2354800000000000e-01,7.4141900000000005e-01,-1.8548700000000001e-01,-2.4107999999999999e-01,1.7910899999999999e-01,5.2837299999999998e-01
-7.0219999999999996e-03,-4.6434000000000003e-02,1.0217879999999999e+00,-4.1500000000000000e-03,6.9005999999999998e-02,-7.5892000000000001e-02,9.9471699999999996e-01,3.5759500000000000e-01,2.7351000000000000e-02,-4.5838999999999998e-02,2.4772800000000000e-01,-3.8406400000000002e-01,-3.7126100000000001e-01,6.6747000000000001e-02,-4.0016099999999999e-01,3.4547299999999997e-01,-1.1465900000000000e-01,1.1370000000000000e-03,1.7283200000000001e-01,2.1300800000000000e-01,-2.1201100000000001e-01,7.5123099999999998e-01,-2.0300900000000000e-01,-2.2572900000000001e-01,1.6959199999999999e-01,5.4733299999999996e-01
-2.0799999999999998e-03,-5.9167999999999998e-02,1.0218550000000000e+00,9.0499999999999999e-04,7.2982000000000005e-02,-7.0768999999999999e-02,9.9481900000000001e-01,3.4420200000000001e-01,3.0279000000000000e-02,-5.9368999999999998e-02,2.6466899999999999e-01,-3.8436999999999999e-01,-3.7431599999999998e-01,6.8817000000000003e-02,-4.1001100000000001e-01,3.6682300000000001e-01,-1.3350600000000001e-01,-2.5500000000000002e-04,1.7829700000000001e-01,2.1565500000000001e-01,-2.1526400000000001e-01,7.5034299999999998e-01,-2.2327600000000000e-01,-2.0835999999999999e-01,1.5089200000000000e-01,5.6029700000000005e-01
1.8720000000000000e-03,-7.1520000000000000e-02,1.0219659999999999e+00,5.7720000000000002e-03,7.8299999999999995e-02,-6.4305000000000001e-02,9.9483699999999997e-01,3.2621299999999998e-01,3.2207000000000000e-02,-8.5814000000000001e-02,2.9729499999999998e-01,-3.8444000000000000e-01,-3.8036799999999998e-01,7.3408000000000001e-02,-4.1996000000000000e-01,3.8194200000000000e-01,-1.5240799999999999e-01,-2.1900000000000001e-03,1.7946300000000001e-01,2.2596300000000000e-01,-2.4032100000000001e-01,7.3944200000000004e-01,-2.4733300000000000e-01,-1.8287700000000001e-01,1.1365400000000001e-01,5.6905499999999998e-01
4.4710000000000001e-03,-8.3125000000000004e-02,1.0222089999999999e+00,1.1946999999999999e-02,8.5887000000000005e-02,-5.6349000000000003e-02,9.9463800000000002e-01,3.0175200000000002e-01,2.9406000000000002e-02,-1.2758200000000000e-01,3.4697800000000001e-01,-3.8207600000000003e-01,-3.8646900000000001e-01,7.7717999999999995e-02,-4.3651600000000002e-01,3.9521299999999998e-01,-1.7041100000000001e-01,-3.3860000000000001e-03,1.7256800000000000e-01,2.4125800000000000e-01,-2.8214800000000001e-01,7.2012200000000004e-01,-2.7833000000000002e-01,-1.5326400000000001e-01,6.0699999999999997e-02,5.7488899999999998e-01
5.7440000000000000e-03,-9.3743000000000007e-02,1.0230669999999999e+00,1.9682999999999999e-02,9.5538999999999999e-02,-4.8300999999999997e-02,9.9405800000000000e-01,2.7284999999999998e-01,2.1683000000000001e-02,-1.8438399999999999e-01,4.1406700000000002e-01,-3.6950200000000000e-01,-3.9004000000000000e-01,8.0571000000000004e-02,-4.6071899999999999e-01,4.0851999999999999e-01,-1.8667900000000001e-01,-3.4399999999999999e-03,1.6181400000000001e-01,2.5443600000000000e-01,-3.2558500000000001e-01,6.9218900000000005e-01,-3.1820300000000001e-01,-1.2958000000000000e-01,1.9670000000000000e-03,5.8102699999999996e-01
6.6790000000000000e-03,-1.0360999999999999e-01,1.0275170000000000e+00,2.7813999999999998e-02,1.0664100000000000e-01,-4.0827000000000002e-02,9.9307000000000001e-01,2.4288299999999999e-01,1.6708000000000001e-02,-2.5559399999999999e-01,5.0509400000000004e-01,-3.4104499999999999e-01,-3.9387699999999998e-01,8.4982000000000002e-02,-4.8876799999999998e-01,4.2248100000000000e-01,-1.9781799999999999e-01,-2.1890000000000000e-03,1.4810899999999999e-01,2.6268300000000000e-01,-3.6040699999999998e-01,6.6026700000000005e-01,-3.6492500000000000e-01,-1.1708700000000000e-01,-3.9891000000000003e-02,5.9249099999999999e-01
6.5589999999999997e-03,-1.1227600000000000e-01,1.0295230000000000e+00,3.5754000000000001e-02,1.1921200000000000e-01,-3.3269000000000000e-02,9.9166699999999997e-01,2.1532799999999999e-01,8.0739999999999996e-03,-3.4459000000000001e-01,6.0699800000000004e-01,-2.9775600000000002e-01,-3.9734700000000001e-01,8.9821999999999999e-02,-5.2316399999999996e-01,4.3735099999999999e-01,-2.0771700000000001e-01,-3.8800000000000000e-04,1.3283000000000000e-01,2.6428299999999999e-01,-3.8469500000000001e-01,6.2632600000000005e-01,-4.1854000000000002e-01,-1.2847000000000000e-01,-4.3341999999999999e-02,6.1548199999999997e-01
6.2189999999999997e-03,-1.2000800000000000e-01,1.0309590000000000e+00,4.3292999999999998e-02,1.3165499999999999e-01,-2.5246000000000001e-02,9.9002800000000002e-01,1.9297800000000001e-01,-1.9770000000000000e-03,-4.3842999999999999e-01,7.0850000000000002e-01,-2.4246200000000001e-01,-4.0282800000000002e-01,9.4993999999999995e-02,-5.5570600000000003e-01,4.4802700000000001e-01,-2.1537100000000001e-01,8.6799999999999996e-04,1.1701700000000000e-01,2.5855499999999998e-01,-4.0295700000000001e-01,5.9362499999999996e-01,-4.7471799999999997e-01,-1.6797000000000001e-01,4.0670000000000003e-03,6.5003400000000000e-01
6.1850000000000004e-03,-1.2684300000000001e-01,1.0328990000000000e+00,5.1043999999999999e-02,1.4265000000000000e-01,-1.8734000000000001e-02,9.8827900000000002e-01,1.8222200000000000e-01,-1.6020000000000000e-02,-5.1936800000000005e-01,7.9021200000000003e-01,-1.9746000000000000e-01,-4.0781299999999998e-01,9.8072999999999994e-02,-5.8136800000000000e-01,4.5034200000000002e-01,-2.1941800000000000e-01,2.1970000000000002e-03,1.0213000000000000e-01,2.4778400000000000e-01,-4.1964800000000002e-01,5.6361899999999998e-01,-5.3249700000000000e-01,-2.2250300000000001e-01,8.9613999999999999e-02,6.9990799999999997e-01
6.9930000000000001e-03,-1.3269100000000000e-01,1.0385489999999999e+00,5.6676999999999998e-02,1.5247600000000000e-01,-1.4813000000000000e-02,9.8656999999999995e-01,1.8164000000000000e-01,-2.3899000000000000e-02,-5.8646399999999999e-01,8.4354799999999996e-01,-1.9448099999999999e-01,-4.0764699999999998e-01,1.0170000000000000e-01,-6.0427799999999998e-01,4.5646799999999998e-01,-2.2216800000000000e-01,3.1410000000000001e-03,8.8667999999999997e-02,2.4038999999999999e-01,-4.3603599999999998e-01,5.3460399999999997e-01,-5.9849200000000002e-01,-2.7409499999999998e-01,1.9627300000000000e-01,7.6346599999999998e-01
7.8840000000000004e-03,-1.3736599999999999e-01,1.0403899999999999e+00,6.1252000000000001e-02,1.6189000000000001e-01,-1.2664999999999999e-02,9.8482499999999995e-01,1.7492500000000000e-01,-3.3013000000000001e-02,-6.3648899999999997e-01,8.5925200000000002e-01,-2.0497799999999999e-01,-4.0532400000000002e-01,1.0492000000000000e-01,-6.2782199999999999e-01,4.6402399999999999e-01,-2.2643300000000000e-01,4.7879999999999997e-03,7.3857999999999993e-02,2.3527899999999999e-01,-4.5306700000000000e-01,5.0941099999999995e-01,-6.6531499999999999e-01,-3.1179299999999999e-01,2.9714600000000002e-01,8.2854200000000000e-01
8.8559999999999993e-03,-1.4092399999999999e-01,1.0408539999999999e+00,6.5495999999999999e-02,1.7101500000000000e-01,-1.1377000000000000e-02,9.8302299999999998e-01,1.6190800000000000e-01,-3.8776999999999999e-02,-6.7249000000000003e-01,8.3929200000000004e-01,-2.0553399999999999e-01,-4.0384599999999998e-01,1.0779200000000000e-01,-6.5004899999999999e-01,4.6953200000000000e-01,-2.3021200000000000e-01,7.6959999999999997e-03,5.6299000000000002e-02,2.3118700000000000e-01,-4.6835199999999999e-01,4.8986099999999999e-01,-7.2045599999999999e-01,-3.3705299999999999e-01,3.7745600000000001e-01,8.8027500000000003e-01
9.8849999999999997e-03,-1.4343800000000001e-01,1.0405530000000001e+00,6.8336999999999995e-02,1.7993100000000001e-01,-1.1105000000000000e-02,9.8124000000000000e-01,1.4679500000000001e-01,-4.1620999999999998e-02,-6.9853100000000001e-01,7.9167699999999996e-01,-1.9504700000000000e-01,-4.0129300000000001e-01,1.1174199999999999e-01,-6.7145600000000005e-01,4.7588399999999997e-01,-2.3403199999999999e-01,1.0865000000000000e-02,3.7081000000000003e-02,2.2967299999999999e-01,-4.7975899999999999e-01,4.7329700000000002e-01,-7.6249100000000003e-01,-3.5191099999999997e-01,4.3049100000000001e-01,9.1424899999999998e-01
1.0859000000000001e-02,-1.4507600000000001e-01,1.0397460000000001e+00,7.0075999999999999e-02,1.8869200000000000e-01,-1.2265000000000000e-02,9.7945599999999999e-01,1.3730200000000001e-01,-4.3986999999999998e-02,-7.1545999999999998e-01,7.2055000000000002e-01,-1.7856700000000000e-01,-3.9670299999999997e-01,1.1648600000000001e-01,-6.9077000000000000e-01,4.8017100000000001e-01,-2.3711399999999999e-01,1.3259999999999999e-02,1.6472000000000001e-02,2.2993800000000000e-01,-4.8893500000000001e-01,4.5635999999999999e-01,-7.8786400000000001e-01,-3.5071999999999998e-01,4.3437700000000001e-01,9.2675300000000005e-01
1.1474000000000000e-02,-1.4581000000000000e-01,1.0382530000000001e+00,7.0296999999999998e-02,1.9722200000000001e-01,-1.5037000000000000e-02,9.7772000000000003e-01,1.3474200000000000e-01,-4.8273999999999997e-02,-7.2460999999999998e-01,6.3350799999999996e-01,-1.6190099999999999e-01,-3.8874900000000001e-01,1.2223700000000000e-01,-7.0869400000000005e-01,4.8371199999999998e-01,-2.3952499999999999e-01,1.5585999999999999e-02,-6.8230000000000001e-03,2.3223199999999999e-01,-4.9357600000000001e-01,4.3923899999999999e-01,-7.8924200000000000e-01,-3.2637500000000003e-01,3.5396300000000003e-01,9.0802099999999997e-01
1.1272000000000001e-02,-1.4556900000000000e-01,1.0356690000000000e+00,6.9938000000000000e-02,2.0581900000000000e-01,-1.8769999999999998e-02,9.7590699999999997e-01,1.3289799999999999e-01,-5.4379999999999998e-02,-7.2831100000000004e-01,5.4098900000000005e-01,-1.3819300000000001e-01,-3.8115300000000002e-01,1.2920300000000001e-01,-7.2458199999999995e-01,4.8136099999999998e-01,-2.3913899999999999e-01,1.7374000000000001e-02,-3.5035999999999998e-02,2.3462000000000000e-01,-4.9058200000000002e-01,4.2553299999999999e-01,-7.7619499999999997e-01,-2.7939199999999997e-01,2.0860799999999999e-01,8.6263199999999995e-01
9.7900000000000001e-03,-1.4444599999999999e-01,1.0300220000000000e+00,7.0977999999999999e-02,2.1484000000000000e-01,-2.3421000000000001e-02,9.7378500000000001e-01,1.3444200000000001e-01,-7.2465000000000002e-02,-7.2432500000000000e-01,4.6658500000000003e-01,-8.8798000000000002e-02,-3.7486000000000003e-01,1.3508600000000001e-01,-7.3832500000000001e-01,4.6554699999999999e-01,-2.3340300000000000e-01,1.7415000000000000e-02,-7.0239999999999997e-02,2.3172300000000001e-01,-4.7716900000000001e-01,4.1249700000000000e-01,-7.6520699999999997e-01,-2.2966100000000000e-01,7.1494000000000002e-02,8.1930999999999998e-01
7.7050000000000000e-03,-1.4233100000000001e-01,1.0275730000000001e+00,7.0368000000000000e-02,2.2403699999999999e-01,-2.9375999999999999e-02,9.7159300000000004e-01,1.5034400000000001e-01,-8.5444000000000006e-02,-7.2842099999999999e-01,4.3248100000000000e-01,-7.2164000000000006e-02,-3.6227300000000001e-01,1.4112500000000000e-01,-7.5674200000000003e-01,4.5692500000000003e-01,-2.2531100000000001e-01,1.5584000000000001e-02,-1.1649700000000000e-01,2.2915500000000000e-01,-4.5364100000000002e-01,4.0521600000000002e-01,-7.6821099999999998e-01,-2.0730399999999999e-01,3.0839999999999999e-02,8.0326100000000000e-01
5.0899999999999999e-03,-1.3885300000000000e-01,1.0223979999999999e+00,6.6865999999999995e-02,2.3342800000000000e-01,-3.6298999999999998e-02,9.6939299999999995e-01,1.6367100000000001e-01,-9.2230999999999994e-02,-7.3456900000000003e-01,4.1173100000000001e-01,-8.6904999999999996e-02,-3.4310900000000000e-01,1.4786900000000000e-01,-7.8343099999999999e-01,4.6182699999999999e-01,-2.2082199999999999e-01,1.4128000000000000e-02,-1.7062400000000000e-01,2.3313900000000001e-01,-4.2301899999999998e-01,3.9991900000000002e-01,-7.8009300000000004e-01,-2.0064699999999999e-01,4.1575000000000001e-02,7.9251700000000003e-01
2.3519999999999999e-03,-1.3534599999999999e-01,1.0210669999999999e+00,6.5838999999999995e-02,2.4375400000000000e-01,-4.1993999999999997e-02,9.6668799999999999e-01,1.7824400000000001e-01,-1.0302000000000000e-01,-7.4973699999999999e-01,3.9621400000000001e-01,-7.6674999999999993e-02,-3.3105400000000001e-01,1.5504599999999999e-01,-8.0550400000000000e-01,4.5294699999999999e-01,-2.0945200000000000e-01,1.2956000000000001e-02,-2.3332700000000001e-01,2.3484600000000000e-01,-3.9228600000000002e-01,3.9796199999999998e-01,-7.8875899999999999e-01,-1.9611500000000001e-01,4.7884999999999997e-02,7.7295899999999995e-01
-3.8499999999999998e-04,-1.3107700000000000e-01,1.0198659999999999e+00,6.3158000000000006e-02,2.5361800000000001e-01,-4.6857999999999997e-02,9.6410200000000001e-01,1.8850500000000001e-01,-1.0896900000000000e-01,-7.6853400000000005e-01,3.9014599999999999e-01,-7.7268000000000003e-02,-3.1733400000000000e-01,1.6193399999999999e-01,-8.3016699999999999e-01,4.5335599999999998e-01,-1.9922200000000001e-01,1.2177000000000000e-02,-3.0165900000000001e-01,2.3579700000000001e-01,-3.5910999999999998e-01,3.9733200000000002e-01,-7.9886199999999996e-01,-1.9915200000000000e-01,6.0696000000000000e-02,7.6430699999999996e-01
-3.2420000000000001e-03,-1.2641300000000000e-01,1.0187569999999999e+00,6.0449000000000003e-02,2.6322299999999998e-01,-5.1603000000000003e-02,9.6145599999999998e-01,1.9718900000000000e-01,-1.1490400000000001e-01,-7.8747500000000004e-01,3.8520500000000002e-01,-7.9398999999999997e-02,-3.0390499999999998e-01,1.6813100000000000e-01,-8.5416800000000004e-01,4.5288499999999998e-01,-1.8804999999999999e-01,1.1462999999999999e-02,-3.7252099999999999e-01,2.2871200000000000e-01,-3.1476700000000002e-01,3.9595000000000002e-01,-8.1574500000000005e-01,-2.1966600000000000e-01,1.0665200000000000e-01,7.7489699999999995e-01
-6.2040000000000003e-03,-1.2161200000000000e-01,1.0177449999999999e+00,5.7416000000000002e-02,2.7235500000000001e-01,-5.5941999999999999e-02,9.5885200000000004e-01,2.0480200000000001e-01,-1.1998100000000000e-01,-8.0722499999999997e-01,3.8267899999999999e-01,-8.1028000000000003e-02,-2.9096600000000000e-01,1.7413000000000001e-01,-8.7602800000000003e-01,4.5038299999999998e-01,-1.7568400000000001e-01,1.0633000000000000e-02,-4.4388100000000003e-01,2.1388099999999999e-01,-2.5394699999999998e-01,3.9786300000000002e-01,-8.3922699999999995e-01,-2.4703100000000000e-01,1.7097799999999999e-01,7.9757000000000000e-01
-9.2530000000000008e-03,-1.1691000000000000e-01,1.0167820000000001e+00,5.4177999999999997e-02,2.8095799999999999e-01,-5.9430999999999998e-02,9.5634500000000000e-01,2.0977000000000001e-01,-1.2285000000000000e-01,-8.2679700000000000e-01,3.8059100000000001e-01,-8.1855999999999998e-02,-2.8006300000000001e-01,1.8089100000000000e-01,-8.9638499999999999e-01,4.4758500000000001e-01,-1.6297700000000001e-01,9.7949999999999999e-03,-5.1102000000000003e-01,2.1056500000000000e-01,-1.8592400000000001e-01,4.0351900000000002e-01,-8.6265400000000003e-01,-2.7504099999999998e-01,2.3288000000000000e-01,8.1628800000000001e-01
-1.2326000000000000e-02,-1.1241200000000000e-01,1.0157950000000000e+00,5.1097999999999998e-02,2.8897499999999998e-01,-6.1788000000000003e-02,9.5397299999999996e-01,2.1234200000000000e-01,-1.2494900000000000e-01,-8.4623400000000004e-01,3.7958100000000000e-01,-8.2314999999999999e-02,-2.7133800000000002e-01,1.8757299999999999e-01,-9.1600499999999996e-01,4.4593699999999997e-01,-1.5082599999999999e-01,9.1269999999999997e-03,-5.8676399999999995e-01,2.2400300000000001e-01,-1.6223599999999999e-01,4.3665300000000001e-01,-8.8455700000000004e-01,-2.9400900000000002e-01,2.7360499999999999e-01,8.2694400000000001e-01
-1.5328000000000000e-02,-1.0814600000000001e-01,1.0146569999999999e+00,4.8080999999999999e-02,2.9658000000000001e-01,-6.3524999999999998e-02,9.5167900000000005e-01,2.1335499999999999e-01,-1.2626000000000001e-01,-8.6703799999999998e-01,3.8246599999999997e-01,-8.3876999999999993e-02,-2.6334700000000000e-01,1.9373299999999999e-01,-9.3594800000000000e-01,4.4691900000000001e-01,-1.3996500000000001e-01,8.4530000000000004e-03,-6.6535299999999997e-01,2.6443299999999997e-01,-1.9454199999999999e-01,4.8969099999999999e-01,-9.0100700000000000e-01,-3.0195800000000000e-01,2.8225299999999998e-01,8.2398499999999997e-01
-1.8197000000000001e-02,-1.0415500000000000e-01,1.0133820000000000e+00,4.5109000000000003e-02,3.0363499999999999e-01,-6.5115999999999993e-02,9.4948999999999995e-01,2.1437800000000001e-01,-1.2742200000000001e-01,-8.8856299999999999e-01,3.8909300000000002e-01,-8.6945999999999996e-02,-2.5537700000000002e-01,1.9908600000000001e-01,-9.5595600000000003e-01,4.5058700000000002e-01,-1.3030400000000000e-01,7.4510000000000002e-03,-7.3965599999999998e-01,3.1963999999999998e-01,-2.6070100000000002e-01,5.4823100000000002e-01,-9.0668099999999996e-01,-2.9474400000000001e-01,2.4533199999999999e-01,8.0123599999999995e-01
-2.0877000000000000e-02,-1.0053100000000000e-01,1.0121140000000000e+00,4.2212000000000000e-02,3.1001899999999999e-01,-6.6742999999999997e-02,9.4744499999999998e-01,2.1592400000000000e-01,-1.2845300000000001e-01,-9.0862699999999996e-01,3.9609699999999998e-01,-9.0441999999999995e-02,-2.4796799999999999e-01,2.0434600000000000e-01,-9.7460999999999998e-01,4.5504699999999998e-01,-1.2144300000000000e-01,5.8820000000000001e-03,-7.9774400000000001e-01,3.6543799999999999e-01,-3.1823099999999999e-01,5.9108899999999998e-01,-9.0388199999999996e-01,-2.7066099999999998e-01,1.7197299999999999e-01,7.6165499999999997e-01
-2.3331000000000001e-02,-9.7335000000000005e-02,1.0109630000000001e+00,3.9397000000000001e-02,3.1556600000000001e-01,-6.8379999999999996e-02,9.4561600000000001e-01,2.1812100000000001e-01,-1.2922900000000001e-01,-9.2590399999999995e-01,4.0188699999999999e-01,-9.3835000000000002e-02,-2.4117300000000000e-01,2.0952699999999999e-01,-9.9049699999999996e-01,4.5842100000000002e-01,-1.1338700000000000e-01,3.8660000000000001e-03,-8.3539600000000003e-01,3.9264500000000002e-01,-3.3772300000000000e-01,6.1524199999999996e-01,-9.0112999999999999e-01,-2.4029700000000001e-01,9.2614000000000002e-02,7.2150300000000001e-01
-2.5555000000000001e-02,-9.4519000000000006e-02,1.0099689999999999e+00,3.6683000000000000e-02,3.2027200000000000e-01,-6.9324999999999998e-02,9.4407300000000005e-01,2.1914100000000000e-01,-1.2898299999999999e-01,-9.3985700000000005e-01,4.0514600000000001e-01,-9.6724000000000004e-02,-2.3581700000000000e-01,2.1444800000000000e-01,-1.0037720000000001e+00,4.6110400000000001e-01,-1.0638300000000001e-01,2.2290000000000001e-03,-8.6114999999999997e-01,3.9733000000000002e-01,-3.0971399999999999e-01,6.3280099999999995e-01,-9.0260099999999999e-01,-2.1529999999999999e-01,4.0285000000000001e-02,6.9640899999999994e-01
-2.7543999999999999e-02,-9.2034000000000005e-02,1.0091170000000000e+00,3.4317000000000000e-02,3.2439499999999999e-01,-6.9473999999999994e-02,9.4274300000000000e-01,2.1800200000000000e-01,-1.2781699999999999e-01,-9.5113099999999995e-01,4.0581800000000001e-01,-9.8383999999999999e-02,-2.3253399999999999e-01,2.1907699999999999e-01,-1.0155470000000000e+00,4.6400000000000002e-01,-1.0044699999999999e-01,1.2160000000000001e-03,-8.7348599999999998e-01,3.9234500000000000e-01,-2.6923700000000000e-01,6.2561599999999995e-01,-9.0149599999999996e-01,-2.0975800000000000e-01,2.4278999999999998e-02,6.7876499999999995e-01
-2.9319000000000001e-02,-8.9930999999999997e-02,1.0083190000000000e+00,3.2199999999999999e-02,3.2808500000000002e-01,-6.8437999999999999e-02,9.4161600000000001e-01,2.1498600000000001e-01,-1.2614200000000000e-01,-9.6221800000000002e-01,4.0741600000000000e-01,-9.9110000000000004e-02,-2.3131299999999999e-01,2.2349400000000000e-01,-1.0264430000000000e+00,4.6791899999999997e-01,-9.5924999999999996e-02,9.1000000000000000e-04,-8.7505500000000003e-01,3.8473099999999999e-01,-2.2845599999999999e-01,5.9182400000000002e-01,-8.9523900000000001e-01,-2.2489100000000001e-01,4.3833999999999998e-02,6.5955699999999995e-01
-3.0870000000000002e-02,-8.8264999999999996e-02,1.0075760000000000e+00,3.0363000000000001e-02,3.3128500000000000e-01,-6.6328999999999999e-02,9.4070699999999996e-01,2.1070800000000001e-01,-1.2429000000000000e-01,-9.7352899999999998e-01,4.1094399999999998e-01,-9.8998000000000003e-02,-2.3163400000000001e-01,2.2701499999999999e-01,-1.0358700000000001e+00,4.7215900000000000e-01,-9.2848000000000000e-02,1.0390000000000000e-03,-8.8045200000000001e-01,3.7472100000000003e-01,-1.9861100000000001e-01,5.7109799999999999e-01,-8.9305800000000002e-01,-2.4796499999999999e-01,1.0577499999999999e-01,6.4631700000000003e-01
-3.2204999999999998e-02,-8.7043999999999996e-02,1.0069640000000000e+00,2.8632999999999999e-02,3.3380700000000002e-01,-6.3550999999999996e-02,9.4006100000000004e-01,2.0601500000000000e-01,-1.2199100000000000e-01,-9.8363599999999995e-01,4.1477100000000000e-01,-9.8422999999999997e-02,-2.3310900000000001e-01,2.3038200000000000e-01,-1.0428850000000001e+00,4.7541800000000001e-01,-9.0577000000000005e-02,1.3660000000000000e-03,-8.8690800000000003e-01,3.7732900000000003e-01,-2.0392900000000000e-01,5.5994900000000003e-01,-8.8971900000000004e-01,-2.7905300000000000e-01,1.5664300000000000e-01,6.4001600000000003e-01
-3.3327000000000002e-02,-8.6190000000000003e-02,1.0065420000000000e+00,2.7119999999999998e-02,3.3523999999999998e-01,-6.0589999999999998e-02,9.3979100000000004e-01,2.0175000000000001e-01,-1.1990400000000000e-01,-9.9021800000000004e-01,4.1660900000000001e-01,-9.7726999999999994e-02,-2.3537300000000000e-01,2.3309299999999999e-01,-1.0469139999999999e+00,4.7762100000000002e-01,-8.8801000000000005e-02,1.7979999999999999e-03,-8.9038700000000004e-01,3.7688300000000002e-01,-2.0849999999999999e-01,5.5257199999999995e-01,-8.7969399999999998e-01,-2.8309299999999998e-01,1.6429700000000000e-01,6.1504999999999999e-01
-3.4125000000000003e-02,-8.5591000000000000e-02,1.0061819999999999e+00,2.5659999999999999e-02,3.3587600000000001e-01,-5.7953999999999999e-02,9.3977200000000005e-01,1.9772500000000001e-01,-1.1700600000000000e-01,-9.9417699999999998e-01,4.1793200000000003e-01,-9.8748000000000002e-02,-2.3757000000000000e-01,2.3530799999999999e-01,-1.0488910000000000e+00,4.7984399999999999e-01,-8.8386999999999993e-02,2.2420000000000001e-03,-8.8796200000000003e-01,3.7153999999999998e-01,-1.9774600000000001e-01,5.4809399999999997e-01,-8.6216599999999999e-01,-2.6661699999999999e-01,1.3192000000000001e-01,5.7916299999999998e-01
-3.4644000000000001e-02,-8.5195999999999994e-02,1.0058360000000000e+00,2.4181000000000001e-02,3.3539200000000002e-01,-5.5829999999999998e-02,9.4011199999999995e-01,1.9497100000000001e-01,-1.1381900000000000e-01,-9.9521700000000002e-01,4.1938300000000001e-01,-1.0168400000000000e-01,-2.4000099999999999e-01,2.3746999999999999e-01,-1.0482870000000000e+00,4.8240499999999997e-01,-9.0004000000000001e-02,2.6280000000000001e-03,-8.8578500000000004e-01,3.7031100000000000e-01,-1.9651500000000000e-01,5.4504500000000000e-01,-8.5034100000000001e-01,-2.5932800000000000e-01,1.1336100000000000e-01,5.6119600000000003e-01
-3.4965000000000003e-02,-8.4920999999999996e-02,1.0054620000000001e+00,2.2741000000000001e-02,3.3423399999999998e-01,-5.3943999999999999e-02,9.4067000000000001e-01,1.9290199999999999e-01,-1.1065700000000001e-01,-9.9463800000000002e-01,4.2103499999999999e-01,-1.0589999999999999e-01,-2.4242200000000000e-01,2.3918800000000001e-01,-1.0462080000000000e+00,4.8528700000000002e-01,-9.3439999999999995e-02,2.9410000000000000e-03,-8.8574799999999998e-01,3.7004199999999998e-01,-1.9801299999999999e-01,5.4268799999999995e-01,-8.4472999999999998e-01,-2.6610600000000001e-01,1.2149000000000000e-01,5.6734099999999998e-01
-3.5213000000000001e-02,-8.4725999999999996e-02,1.0050660000000000e+00,2.1326000000000001e-02,3.3279199999999998e-01,-5.2068000000000003e-02,9.4132000000000005e-01,1.9111900000000001e-01,-1.0765700000000000e-01,-9.9355899999999997e-01,4.2266300000000001e-01,-1.1052300000000000e-01,-2.4472400000000000e-01,2.4061600000000000e-01,-1.0430219999999999e+00,4.8710399999999998e-01,-9.7830000000000000e-02,3.2150000000000000e-03,-8.8636199999999998e-01,3.6928600000000000e-01,-1.9702700000000001e-01,5.4311399999999999e-01,-8.4350000000000003e-01,-2.7136500000000002e-01,1.2893399999999999e-01,5.8039300000000005e-01
-3.5445999999999998e-02,-8.4574999999999997e-02,1.0045930000000001e+00,1.9820000000000001e-02,3.3139800000000003e-01,-5.0097999999999997e-02,9.4195099999999998e-01,1.8909200000000001e-01,-1.0433099999999999e-01,-9.9330200000000002e-01,4.2503700000000000e-01,-1.1588500000000000e-01,-2.4654599999999999e-01,2.4195100000000000e-01,-1.0402970000000000e+00,4.8922900000000002e-01,-1.0300400000000000e-01,3.5149999999999999e-03,-8.8787400000000005e-01,3.7060700000000002e-01,-1.9643200000000000e-01,5.4832000000000003e-01,-8.4312500000000001e-01,-2.7021099999999998e-01,1.2585499999999999e-01,5.9213099999999996e-01
-3.5596000000000003e-02,-8.4504999999999997e-02,1.0042089999999999e+00,1.8728999999999999e-02,3.3001900000000001e-01,-4.8077000000000002e-02,9.4256300000000004e-01,1.8685599999999999e-01,-1.0174700000000000e-01,-9.9300200000000005e-01,4.2698100000000000e-01,-1.2006400000000000e-01,-2.4906400000000001e-01,2.4316499999999999e-01,-1.0372900000000000e+00,4.9023000000000000e-01,-1.0806600000000000e-01,3.8460000000000000e-03,-8.9035500000000001e-01,3.7322000000000000e-01,-1.9745399999999999e-01,5.5640199999999995e-01,-8.4276899999999999e-01,-2.6882600000000001e-01,1.2118300000000000e-01,6.0583900000000002e-01
-3.5515999999999999e-02,-8.4517999999999996e-02,1.0040690000000001e+00,1.7714000000000001e-02,3.2855899999999999e-01,-4.6054999999999999e-02,9.4319399999999998e-01,1.8559400000000001e-01,-1.0019400000000001e-01,-9.9226099999999995e-01,4.2812299999999998e-01,-1.2219099999999999e-01,-2.5242999999999999e-01,2.4502499999999999e-01,-1.0326780000000000e+00,4.8887599999999998e-01,-1.1203800000000000e-01,3.8750000000000000e-03,-8.9231600000000000e-01,3.7635999999999997e-01,-1.9877800000000001e-01,5.6091299999999999e-01,-8.4116400000000002e-01,-2.7287000000000000e-01,1.2506100000000001e-01,6.2395000000000000e-01
-3.5001999999999998e-02,-8.4541000000000005e-02,1.0042400000000000e+00,1.6580000000000001e-02,3.2649899999999998e-01,-4.4056999999999999e-02,9.4402399999999997e-01,1.8471499999999999e-01,-9.8374000000000003e-02,-9.8966699999999996e-01,4.2883800000000000e-01,-1.2340600000000000e-01,-2.5695899999999999e-01,2.4737999999999999e-01,-1.0254550000000000e+00,4.8605999999999999e-01,-1.1480400000000000e-01,3.7439999999999999e-03,-8.8974399999999998e-01,3.7590000000000001e-01,-1.9520299999999999e-01,5.5795700000000004e-01,-8.3551299999999995e-01,-2.7457500000000001e-01,1.3042799999999999e-01,6.4007499999999995e-01
-3.3869999999999997e-02,-8.4547999999999998e-02,1.0047200000000001e+00,1.5658999999999999e-02,3.2347700000000001e-01,-4.2203999999999998e-02,9.4516500000000003e-01,1.8365400000000001e-01,-9.6159999999999995e-02,-9.8363599999999995e-01,4.2875799999999997e-01,-1.2458200000000000e-01,-2.6233000000000001e-01,2.4856400000000001e-01,-1.0160000000000000e+00,4.8388900000000001e-01,-1.1708100000000000e-01,3.6960000000000001e-03,-8.8205500000000003e-01,3.7237100000000001e-01,-1.8910900000000000e-01,5.5279999999999996e-01,-8.2467699999999999e-01,-2.6631899999999997e-01,1.2433100000000000e-01,6.4403299999999997e-01
-3.1993000000000001e-02,-8.4518999999999997e-02,1.0055019999999999e+00,1.5086000000000000e-02,3.1916600000000001e-01,-4.0762000000000000e-02,9.4670200000000004e-01,1.8291800000000000e-01,-9.3936000000000006e-02,-9.7306400000000004e-01,4.2792400000000003e-01,-1.2643900000000000e-01,-2.6797100000000001e-01,2.4745100000000000e-01,-1.0040530000000001e+00,4.8317199999999999e-01,-1.1954900000000000e-01,4.0049999999999999e-03,-8.7289700000000003e-01,3.6762699999999998e-01,-1.8251700000000001e-01,5.4916699999999996e-01,-8.1062299999999998e-01,-2.4980800000000000e-01,1.0369900000000000e-01,6.4015000000000000e-01
-2.9364000000000001e-02,-8.4459000000000006e-02,1.0065869999999999e+00,1.4668000000000000e-02,3.1381300000000001e-01,-3.9528000000000001e-02,9.4854799999999995e-01,1.8243400000000001e-01,-9.1470999999999997e-02,-9.5881099999999997e-01,4.2642700000000000e-01,-1.2886400000000001e-01,-2.7387099999999998e-01,2.4463299999999999e-01,-9.8952499999999999e-01,4.8310900000000001e-01,-1.2205500000000000e-01,4.6839999999999998e-03,-8.6394000000000004e-01,3.5921799999999998e-01,-1.7266999999999999e-01,5.4744300000000001e-01,-7.9846200000000001e-01,-2.3010300000000000e-01,7.6406000000000002e-02,6.4412800000000003e-01
-2.6002999999999998e-02,-8.4343000000000001e-02,1.0080530000000001e+00,1.4215000000000000e-02,3.0711300000000002e-01,-3.8759000000000002e-02,9.5077699999999998e-01,1.8287500000000001e-01,-8.8532000000000000e-02,-9.3982900000000003e-01,4.2349700000000001e-01,-1.3171600000000000e-01,-2.8021499999999999e-01,2.4067000000000000e-01,-9.7072999999999998e-01,4.8201400000000000e-01,-1.2441900000000000e-01,5.5440000000000003e-03,-8.5505500000000001e-01,3.4655900000000001e-01,-1.6043600000000000e-01,5.5111200000000005e-01,-7.8848799999999997e-01,-2.1332100000000001e-01,5.7389999999999997e-02,6.6037699999999999e-01
-2.1946000000000000e-02,-8.4158999999999998e-02,1.0099680000000000e+00,1.3885000000000000e-02,2.9836600000000002e-01,-3.8571000000000001e-02,9.5357099999999995e-01,1.8459600000000001e-01,-8.5342000000000001e-02,-9.1361400000000004e-01,4.1765600000000003e-01,-1.3486699999999999e-01,-2.8763400000000000e-01,2.3499500000000001e-01,-9.4548100000000002e-01,4.7876400000000002e-01,-1.2711100000000000e-01,6.4009999999999996e-03,-8.4540499999999996e-01,3.3356500000000000e-01,-1.5388499999999999e-01,5.6183700000000003e-01,-7.8041300000000002e-01,-1.9832300000000000e-01,4.9242000000000001e-02,6.8864300000000001e-01
-1.7270000000000001e-02,-8.3898000000000000e-02,1.0122570000000000e+00,1.4193000000000001e-02,2.8793000000000002e-01,-3.9308000000000003e-02,9.5673900000000001e-01,1.8768199999999999e-01,-8.3040000000000003e-02,-8.8002000000000002e-01,4.0788000000000002e-01,-1.3818900000000001e-01,-2.9556100000000002e-01,2.2654800000000000e-01,-9.1447100000000003e-01,4.7250999999999999e-01,-1.3057600000000000e-01,6.9709999999999998e-03,-8.3465400000000001e-01,3.2129999999999997e-01,-1.4935999999999999e-01,5.7637200000000000e-01,-7.7500800000000003e-01,-1.8415300000000001e-01,4.8445000000000002e-02,7.2617100000000001e-01
-1.2348000000000000e-02,-8.3559999999999995e-02,1.0147290000000000e+00,1.4992999999999999e-02,2.7642200000000000e-01,-4.0405000000000003e-02,9.6006899999999995e-01,1.9138200000000000e-01,-8.1517999999999993e-02,-8.4162800000000004e-01,3.9498100000000003e-01,-1.4122699999999999e-01,-3.0411500000000002e-01,2.1623999999999999e-01,-8.7912500000000005e-01,4.6261500000000000e-01,-1.3478100000000001e-01,7.3709999999999999e-03,-8.2377599999999995e-01,3.0788599999999999e-01,-1.3963300000000001e-01,5.8930199999999999e-01,-7.7020800000000000e-01,-1.7149700000000001e-01,4.9477000000000000e-02,7.6424400000000003e-01
-7.6439999999999998e-03,-8.3141000000000007e-02,1.0171220000000001e+00,1.5862000000000001e-02,2.6482000000000000e-01,-4.1693000000000001e-02,9.6326599999999996e-01,1.9577700000000001e-01,-8.0504000000000006e-02,-8.0233900000000002e-01,3.8035999999999998e-01,-1.4346100000000001e-01,-3.1327199999999999e-01,2.0630399999999999e-01,-8.4273699999999996e-01,4.5056400000000002e-01,-1.3928800000000000e-01,7.3689999999999997e-03,-8.1380699999999995e-01,2.9329800000000000e-01,-1.2129200000000000e-01,5.9882599999999997e-01,-7.6424300000000001e-01,-1.5843499999999999e-01,4.5992999999999999e-02,7.9813599999999996e-01
-3.6570000000000001e-03,-8.2665000000000002e-02,1.0191619999999999e+00,1.6691999999999999e-02,2.5404100000000002e-01,-4.3022999999999999e-02,9.6609199999999995e-01,2.0011300000000001e-01,-7.9773999999999998e-02,-7.6667700000000005e-01,3.6708600000000002e-01,-1.4517600000000000e-01,-3.2168900000000000e-01,1.9726700000000000e-01,-8.1047300000000000e-01,4.4068700000000000e-01,-1.4331700000000000e-01,6.8589999999999996e-03,-8.0791299999999999e-01,2.8027999999999997e-01,-9.9252999999999994e-02,6.0856299999999997e-01,-7.5674500000000000e-01,-1.4455899999999999e-01,3.7288000000000002e-02,8.2564800000000005e-01
-6.6100000000000002e-04,-8.2179000000000002e-02,1.0207040000000001e+00,1.7507000000000002e-02,2.4455199999999999e-01,-4.4322000000000000e-02,9.6846399999999999e-01,2.0419499999999999e-01,-7.9500000000000001e-02,-7.3689700000000002e-01,3.5689700000000002e-01,-1.4687200000000000e-01,-3.2840700000000000e-01,1.8910700000000000e-01,-7.8410899999999994e-01,4.3391700000000000e-01,-1.4708399999999999e-01,5.7149999999999996e-03,-8.0512600000000001e-01,2.7370100000000003e-01,-8.6324999999999999e-02,6.1682000000000003e-01,-7.4801799999999996e-01,-1.3225600000000001e-01,2.7206000000000001e-02,8.4381499999999998e-01
1.2819999999999999e-03,-8.1694000000000003e-02,1.0216449999999999e+00,1.8338000000000000e-02,2.3670500000000000e-01,-4.5499999999999999e-02,9.7034200000000004e-01,2.0773800000000001e-01,-7.9729999999999995e-02,-7.1403700000000003e-01,3.5062100000000002e-01,-1.4932100000000001e-01,-3.3282000000000000e-01,1.8179600000000001e-01,-7.6455399999999996e-01,4.3050300000000002e-01,-1.5174699999999999e-01,4.0299999999999997e-03,-8.0568899999999999e-01,2.8223999999999999e-01,-1.0393700000000000e-01,6.2511399999999995e-01,-7.3969399999999996e-01,-1.2370299999999999e-01,2.0826000000000001e-02,8.5226700000000000e-01
2.1289999999999998e-03,-8.1129000000000007e-02,1.0220119999999999e+00,1.9070000000000000e-02,2.3095700000000000e-01,-4.7066999999999998e-02,9.7163800000000000e-01,2.1069299999999999e-01,-8.0230999999999997e-02,-6.9874099999999995e-01,3.4787200000000001e-01,-1.5271899999999999e-01,-3.3393000000000000e-01,1.7576200000000000e-01,-7.5303799999999999e-01,4.3054599999999998e-01,-1.5661300000000000e-01,2.1020000000000001e-03,-8.1058300000000005e-01,3.0715999999999999e-01,-1.5328400000000000e-01,6.3282200000000000e-01,-7.3262400000000005e-01,-1.2065900000000000e-01,2.2911999999999998e-02,8.5087299999999999e-01
1.9510000000000000e-03,-8.0492999999999995e-02,1.0219790000000000e+00,1.9361000000000000e-02,2.2694600000000001e-01,-4.8654000000000003e-02,9.7249900000000000e-01,2.1289100000000000e-01,-8.0253000000000005e-02,-6.8998800000000005e-01,3.4771299999999999e-01,-1.5620100000000001e-01,-3.3334200000000003e-01,1.7199700000000001e-01,-7.4720600000000004e-01,4.3237900000000001e-01,-1.6049900000000000e-01,8.1000000000000004e-05,-8.1606000000000001e-01,3.3244400000000002e-01,-1.9886899999999999e-01,6.2858899999999995e-01,-7.2540700000000002e-01,-1.2030500000000000e-01,2.6804000000000001e-02,8.4050700000000000e-01
8.8800000000000001e-04,-7.9838000000000006e-02,1.0216650000000000e+00,1.9408999999999999e-02,2.2442799999999999e-01,-5.0083000000000003e-02,9.7300900000000001e-01,2.1443799999999999e-01,-8.0230999999999997e-02,-6.8717099999999998e-01,3.5021799999999997e-01,-1.5904699999999999e-01,-3.3209100000000003e-01,1.7027700000000001e-01,-7.4659200000000003e-01,4.3637999999999999e-01,-1.6285100000000000e-01,-2.0739999999999999e-03,-8.1489100000000003e-01,3.4321000000000002e-01,-2.0534100000000000e-01,6.0840099999999997e-01,-7.1723800000000004e-01,-1.1966700000000000e-01,2.7838999999999999e-02,8.2416500000000004e-01
-9.3499999999999996e-04,-7.9190999999999998e-02,1.0211450000000000e+00,1.9470000000000001e-02,2.2295599999999999e-01,-5.1272999999999999e-02,9.7328400000000004e-01,2.1533400000000000e-01,-8.0587000000000006e-02,-6.8903999999999999e-01,3.5526099999999999e-01,-1.6098699999999999e-01,-3.2991599999999999e-01,1.6935900000000001e-01,-7.5086100000000000e-01,4.4328200000000001e-01,-1.6406999999999999e-01,-3.8960000000000002e-03,-8.1057699999999999e-01,3.4061700000000000e-01,-1.8214200000000000e-01,5.8967000000000003e-01,-7.0931699999999998e-01,-1.2032200000000000e-01,2.8518000000000002e-02,8.0757199999999996e-01
-3.2520000000000001e-03,-7.8581999999999999e-02,1.0206090000000001e+00,1.9581999999999999e-02,2.2229499999999999e-01,-5.1730999999999999e-02,9.7340899999999997e-01,2.1510099999999999e-01,-8.1345000000000001e-02,-6.9326800000000000e-01,3.5975299999999999e-01,-1.6135900000000000e-01,-3.2858599999999999e-01,1.6940800000000000e-01,-7.5647299999999995e-01,4.4867499999999999e-01,-1.6412700000000000e-01,-5.0080000000000003e-03,-8.0700700000000003e-01,3.3367500000000000e-01,-1.5685700000000000e-01,5.7559600000000000e-01,-7.0333000000000001e-01,-1.2314799999999999e-01,3.1154999999999999e-02,7.9624099999999998e-01
-5.7660000000000003e-03,-7.8037999999999996e-02,1.0201990000000001e+00,1.9754000000000001e-02,2.2198100000000001e-01,-5.1418999999999999e-02,9.7349399999999997e-01,2.1393899999999999e-01,-8.2395999999999997e-02,-6.9715400000000005e-01,3.6132900000000001e-01,-1.6017400000000001e-01,-3.2911800000000002e-01,1.7032400000000000e-01,-7.6092199999999999e-01,4.5070600000000000e-01,-1.6309799999999999e-01,-5.3889999999999997e-03,-8.0550999999999995e-01,3.2801399999999997e-01,-1.4122699999999999e-01,5.6829700000000005e-01,-6.9967900000000005e-01,-1.2510399999999999e-01,3.0644999999999999e-02,7.8805099999999995e-01
-8.1790000000000005e-03,-7.7564999999999995e-02,1.0199389999999999e+00,1.9727999999999999e-02,2.2171299999999999e-01,-5.0867999999999997e-02,9.7358400000000000e-01,2.1258500000000000e-01,-8.2998000000000002e-02,-6.9950900000000005e-01,3.6020999999999997e-01,-1.5868399999999999e-01,-3.3049699999999999e-01,1.7192499999999999e-01,-7.6365099999999997e-01,4.5045499999999999e-01,-1.6135099999999999e-01,-5.3099999999999996e-03,-8.0387900000000001e-01,3.2363100000000000e-01,-1.3545599999999999e-01,5.6252899999999995e-01,-6.9760299999999997e-01,-1.2371799999999999e-01,2.2613000000000001e-02,7.7825000000000000e-01
-1.0278000000000001e-02,-7.7221999999999999e-02,1.0198280000000000e+00,1.9532999999999998e-02,2.2115099999999999e-01,-5.0795000000000000e-02,9.7372000000000003e-01,2.1224299999999999e-01,-8.3016999999999994e-02,-7.0069800000000004e-01,3.5947299999999999e-01,-1.5750000000000000e-01,-3.3153899999999997e-01,1.7365400000000000e-01,-7.6404000000000005e-01,4.4824599999999998e-01,-1.5924300000000000e-01,-4.9919999999999999e-03,-7.9897099999999999e-01,3.2068099999999999e-01,-1.3713500000000001e-01,5.5562500000000004e-01,-6.9797200000000004e-01,-1.1685500000000000e-01,8.3070000000000001e-03,7.6077600000000001e-01
-1.1953000000000000e-02,-7.7048000000000005e-02,1.0198799999999999e+00,1.9088000000000001e-02,2.2002300000000000e-01,-5.1552000000000001e-02,9.7394499999999995e-01,2.1412100000000001e-01,-8.2475999999999994e-02,-6.9969599999999998e-01,3.5849799999999998e-01,-1.5662400000000001e-01,-3.3162700000000001e-01,1.7536499999999999e-01,-7.6160099999999997e-01,4.4427800000000001e-01,-1.5697300000000000e-01,-4.7060000000000001e-03,-7.8962900000000003e-01,3.2125799999999999e-01,-1.4475099999999999e-01,5.4978899999999997e-01,-7.0402399999999998e-01,-1.0794900000000000e-01,-5.4270000000000004e-03,7.2679199999999999e-01
-1.3148999999999999e-02,-7.6994000000000007e-02,1.0200890000000000e+00,1.8220000000000000e-02,2.1829200000000001e-01,-5.3563000000000000e-02,9.7424200000000005e-01,2.1843299999999999e-01,-8.0821000000000004e-02,-6.9618700000000000e-01,3.5708000000000001e-01,-1.5629000000000001e-01,-3.2979500000000000e-01,1.7699200000000001e-01,-7.5634100000000004e-01,4.3880400000000003e-01,-1.5453700000000001e-01,-4.8279999999999998e-03,-7.7754400000000001e-01,3.2445200000000002e-01,-1.5676999999999999e-01,5.4696599999999995e-01,-7.1639600000000003e-01,-1.0030100000000000e-01,-7.0569999999999999e-03,6.5783999999999998e-01
-1.3913000000000000e-02,-7.6980000000000007e-02,1.0204130000000000e+00,1.7409999999999998e-02,2.1594099999999999e-01,-5.6509999999999998e-02,9.7461399999999998e-01,2.2423799999999999e-01,-7.9028000000000001e-02,-6.9063900000000000e-01,3.5611399999999999e-01,-1.5676499999999999e-01,-3.2696300000000000e-01,1.7773500000000000e-01,-7.4912100000000004e-01,4.3251800000000001e-01,-1.5187300000000001e-01,-5.1529999999999996e-03,-7.6144900000000004e-01,3.2915800000000001e-01,-1.7033699999999999e-01,5.4475099999999999e-01,-7.3516099999999995e-01,-1.0026599999999999e-01,-2.5209999999999998e-03,5.4059500000000005e-01
-1.4370000000000001e-02,-7.6939999999999995e-02,1.0207919999999999e+00,1.6903000000000001e-02,2.1289800000000000e-01,-5.9818999999999997e-02,9.7509500000000005e-01,2.3015200000000000e-01,-7.7412999999999996e-02,-6.8388899999999997e-01,3.5691400000000001e-01,-1.5824199999999999e-01,-3.2379400000000003e-01,1.7695800000000000e-01,-7.4084099999999997e-01,4.2659200000000003e-01,-1.4907899999999999e-01,-5.1599999999999997e-03,-7.5503600000000004e-01,3.2291100000000000e-01,-1.7655699999999999e-01,5.5812700000000004e-01,-7.7520599999999995e-01,-1.0019400000000001e-01,1.6893999999999999e-02,3.7172300000000003e-01
-1.4645000000000000e-02,-7.6805999999999999e-02,1.0212180000000000e+00,1.6365000000000001e-02,2.0907100000000001e-01,-6.2892000000000003e-02,9.7573900000000002e-01,2.3530499999999999e-01,-7.5358999999999995e-02,-6.7564800000000003e-01,3.5829499999999997e-01,-1.6025100000000000e-01,-3.2087900000000003e-01,1.7510100000000001e-01,-7.3143899999999995e-01,4.2137599999999997e-01,-1.4599200000000001e-01,-4.1500000000000000e-03,-7.3150499999999996e-01,3.2748600000000000e-01,-1.8989600000000001e-01,5.4809200000000002e-01,-8.4220899999999999e-01,-1.2162199999999999e-01,3.9550000000000002e-02,1.9448399999999999e-01
-1.4702000000000000e-02,-7.6619999999999994e-02,1.0216639999999999e+00,1.5407000000000001e-02,2.0548200000000000e-01,-6.4904000000000003e-02,9.7638499999999995e-01,2.3862400000000000e-01,-7.2390999999999997e-02,-6.6818800000000000e-01,3.5966900000000002e-01,-1.6218700000000000e-01,-3.1916299999999997e-01,1.7390600000000001e-01,-7.2199300000000000e-01,4.1644199999999998e-01,-1.4279800000000001e-01,-1.5299999999999999e-03,-7.0893899999999999e-01,3.2473900000000000e-01,-1.9897599999999999e-01,5.3668300000000002e-01,-9.3600200000000000e-01,-1.4836099999999999e-01,3.8827000000000000e-02,3.6799999999999999e-02
-1.4451000000000000e-02,-7.6484999999999997e-02,1.0221469999999999e+00,1.4281000000000000e-02,2.0229500000000000e-01,-6.4374000000000001e-02,9.7710200000000003e-01,2.3797099999999999e-01,-6.8893999999999997e-02,-6.6147299999999998e-01,3.5967800000000000e-01,-1.6322100000000000e-01,-3.2176399999999999e-01,1.7364099999999999e-01,-7.1178300000000005e-01,4.1129100000000002e-01,-1.4037200000000000e-01,2.8720000000000000e-03,-6.9098499999999996e-01,3.1670100000000001e-01,-2.0990700000000001e-01,5.2982399999999996e-01,-1.0541030000000000e+00,-1.8184900000000001e-01,1.2926000000000000e-02,-8.1670000000000006e-02
-1.3886000000000001e-02,-7.6530000000000001e-02,1.0226290000000000e+00,1.3233999999999999e-02,1.9936599999999999e-01,-6.1887999999999999e-02,9.7787900000000005e-01,2.3476900000000001e-01,-6.5540000000000001e-02,-6.5533399999999997e-01,3.5881999999999997e-01,-1.6330800000000001e-01,-3.2730999999999999e-01,1.7344399999999999e-01,-7.0154200000000000e-01,4.0746900000000003e-01,-1.3952800000000001e-01,7.8510000000000003e-03,-6.8052400000000002e-01,3.0611899999999997e-01,-2.2212599999999999e-01,5.2994500000000000e-01,-1.1819630000000001e+00,-2.2503100000000001e-01,-2.9170999999999999e-02,-1.5551200000000001e-01
-1.3004999999999999e-02,-7.6849000000000001e-02,1.0230990000000000e+00,1.2567999999999999e-02,1.9654300000000000e-01,-5.8354000000000003e-02,9.7867599999999999e-01,2.3115900000000000e-01,-6.3296000000000005e-02,-6.4880400000000005e-01,3.5649799999999998e-01,-1.6225300000000001e-01,-3.3371899999999999e-01,1.7224200000000001e-01,-6.9211699999999998e-01,4.0615600000000002e-01,-1.4065100000000000e-01,1.2017000000000000e-02,-6.7507899999999998e-01,2.9573300000000002e-01,-2.3306900000000000e-01,5.3442900000000004e-01,-1.3045050000000000e+00,-2.7537200000000001e-01,-7.2428999999999993e-02,-1.8107500000000001e-01
-1.1764999999999999e-02,-7.7406000000000003e-02,1.0235850000000000e+00,1.1814000000000000e-02,1.9347400000000001e-01,-5.3880999999999998e-02,9.7955300000000001e-01,2.2678200000000001e-01,-6.0564000000000000e-02,-6.4071500000000003e-01,3.5228500000000001e-01,-1.6036700000000001e-01,-3.4074700000000002e-01,1.7059199999999999e-01,-6.8216500000000002e-01,4.0686499999999998e-01,-1.4371900000000001e-01,1.5051000000000000e-02,-6.6376800000000002e-01,2.8693400000000002e-01,-2.4002599999999999e-01,5.4238900000000001e-01,-1.4052739999999999e+00,-3.3130199999999999e-01,-1.0532999999999999e-01,-1.7173600000000000e-01
-1.0107000000000000e-02,-7.8120999999999996e-02,1.0241300000000000e+00,1.0833000000000001e-02,1.9007399999999999e-01,-4.9165000000000000e-02,9.8047799999999996e-01,2.2221099999999999e-01,-5.6824000000000000e-02,-6.3068100000000005e-01,3.4671200000000002e-01,-1.5836300000000000e-01,-3.4878500000000001e-01,1.6934600000000000e-01,-6.7032999999999998e-01,4.0741500000000003e-01,-1.4785100000000001e-01,1.6826000000000001e-02,-6.6495700000000002e-01,2.8032299999999999e-01,-2.4933300000000000e-01,5.5030299999999999e-01,-1.4706980000000001e+00,-3.9257500000000001e-01,-1.1982300000000000e-01,-1.5069800000000000e-01
-8.0759999999999998e-03,-7.8918000000000002e-02,1.0247480000000000e+00,9.6340000000000002e-03,1.8629799999999999e-01,-4.5304999999999998e-02,9.8140099999999997e-01,2.1967100000000001e-01,-5.2585000000000000e-02,-6.1782300000000001e-01,3.3895900000000001e-01,-1.5632199999999999e-01,-3.5639599999999999e-01,1.6843600000000000e-01,-6.5650699999999995e-01,4.0688099999999999e-01,-1.5218599999999999e-01,1.7139999999999999e-02,-6.6652400000000001e-01,2.7502199999999999e-01,-2.5780500000000001e-01,5.5568099999999998e-01,-1.4848870000000001e+00,-4.5158900000000002e-01,-1.1371900000000000e-01,-1.4627200000000001e-01
-5.8630000000000002e-03,-7.9689999999999997e-02,1.0253310000000000e+00,8.4639999999999993e-03,1.8232300000000001e-01,-4.2480999999999998e-02,9.8228400000000005e-01,2.1871800000000000e-01,-4.8307000000000003e-02,-6.0377099999999995e-01,3.3111200000000002e-01,-1.5481300000000001e-01,-3.6268000000000000e-01,1.6722500000000001e-01,-6.4272899999999999e-01,4.0699099999999999e-01,-1.5677300000000000e-01,1.6285999999999998e-02,-6.6807499999999997e-01,2.7700100000000000e-01,-2.6264300000000002e-01,5.5303300000000000e-01,-1.4855050000000001e+00,-5.0087800000000005e-01,-9.6243999999999996e-02,-1.5030299999999999e-01
-3.6809999999999998e-03,-8.0345000000000000e-02,1.0257559999999999e+00,7.4760000000000000e-03,1.7839099999999999e-01,-4.0784000000000001e-02,9.8308600000000002e-01,2.1872800000000001e-01,-4.4233000000000001e-02,-5.9092500000000003e-01,3.2636399999999999e-01,-1.5486600000000000e-01,-3.6718400000000001e-01,1.6553799999999999e-01,-6.3024100000000005e-01,4.0809000000000001e-01,-1.6148899999999999e-01,1.4609000000000000e-02,-6.6989100000000001e-01,2.8470899999999999e-01,-2.5977400000000000e-01,5.3754700000000000e-01,-1.4837430000000000e+00,-5.3556400000000004e-01,-8.0295000000000005e-02,-1.5024199999999999e-01
-1.7990000000000000e-03,-8.0836000000000005e-02,1.0259170000000000e+00,6.8669999999999998e-03,1.7464099999999999e-01,-4.0141999999999997e-02,9.8379000000000005e-01,2.1899399999999999e-01,-4.0645000000000001e-02,-5.8094199999999996e-01,3.2673799999999997e-01,-1.5719300000000000e-01,-3.6901299999999998e-01,1.6284599999999999e-01,-6.2041400000000002e-01,4.1089300000000001e-01,-1.6633500000000001e-01,1.2467000000000001e-02,-6.6654199999999997e-01,2.9099199999999997e-01,-2.4862100000000001e-01,5.0846100000000005e-01,-1.4712639999999999e+00,-5.5726399999999998e-01,-5.9945999999999999e-02,-1.5133400000000000e-01
-4.2700000000000002e-04,-8.1072000000000005e-02,1.0257810000000001e+00,6.5859999999999998e-03,1.7203599999999999e-01,-4.0729000000000001e-02,9.8422600000000005e-01,2.2001799999999999e-01,-3.8195000000000000e-02,-5.7578399999999996e-01,3.3146300000000001e-01,-1.6131699999999999e-01,-3.6734299999999998e-01,1.6006999999999999e-01,-6.1582599999999998e-01,4.1557600000000000e-01,-1.7068100000000000e-01,1.0723000000000000e-02,-6.6289799999999999e-01,2.9982700000000001e-01,-2.3987600000000001e-01,4.7575299999999998e-01,-1.4580200000000001e+00,-5.6327600000000000e-01,-4.1324000000000000e-02,-1.6731499999999999e-01
3.6000000000000002e-04,-8.0877000000000004e-02,1.0253950000000001e+00,6.7440000000000000e-03,1.7124200000000001e-01,-4.2675999999999999e-02,9.8428099999999996e-01,2.2132900000000000e-01,-3.7601000000000002e-02,-5.7650199999999996e-01,3.3963500000000002e-01,-1.6656499999999999e-01,-3.6377900000000002e-01,1.5817200000000001e-01,-6.1798500000000001e-01,4.2193100000000000e-01,-1.7372499999999999e-01,9.7999999999999997e-03,-6.6692399999999996e-01,3.0659900000000001e-01,-2.3546500000000001e-01,4.3939600000000001e-01,-1.4612520000000000e+00,-5.5816500000000002e-01,-3.1285000000000000e-02,-1.8320800000000001e-01
6.4899999999999995e-04,-8.0324999999999994e-02,1.0249379999999999e+00,7.4229999999999999e-03,1.7158200000000001e-01,-4.5504999999999997e-02,9.8409000000000002e-01,2.2304900000000000e-01,-3.9038000000000003e-02,-5.8022099999999999e-01,3.4831299999999998e-01,-1.7162800000000000e-01,-3.6032700000000001e-01,1.5688500000000000e-01,-6.2369600000000003e-01,4.2744900000000002e-01,-1.7495600000000000e-01,9.8820000000000002e-03,-6.5226099999999998e-01,3.1648700000000002e-01,-2.2793600000000000e-01,4.1681400000000002e-01,-1.4797680000000000e+00,-5.6142999999999998e-01,-2.9600999999999999e-02,-1.8350500000000000e-01
6.4000000000000005e-04,-7.9597000000000001e-02,1.0245730000000000e+00,8.3569999999999998e-03,1.7264699999999999e-01,-4.7815999999999997e-02,9.8378699999999997e-01,2.2361300000000001e-01,-4.1508000000000003e-02,-5.8565100000000003e-01,3.5631699999999999e-01,-1.7581200000000000e-01,-3.5796099999999997e-01,1.5584300000000001e-01,-6.2959699999999996e-01,4.2958400000000002e-01,-1.7427999999999999e-01,1.1344000000000000e-02,-6.4511700000000005e-01,3.1374800000000003e-01,-2.2855600000000001e-01,4.0462399999999998e-01,-1.4851600000000000e+00,-5.7266300000000003e-01,-3.5027999999999997e-02,-2.0075399999999999e-01
5.0900000000000001e-04,-7.8828999999999996e-02,1.0244180000000001e+00,8.9840000000000007e-03,1.7401300000000000e-01,-4.8773999999999998e-02,9.8349399999999998e-01,2.2240399999999999e-01,-4.3615000000000001e-02,-5.9132499999999999e-01,3.6192600000000003e-01,-1.7824899999999999e-01,-3.5785200000000000e-01,1.5579499999999999e-01,-6.3315900000000003e-01,4.2724299999999998e-01,-1.7172599999999999e-01,1.3903000000000000e-02,-6.4312499999999995e-01,3.0968200000000001e-01,-2.4173000000000000e-01,4.1067500000000001e-01,-1.4857000000000000e+00,-5.8939699999999995e-01,-5.1076999999999997e-02,-2.3765000000000000e-01
5.1599999999999997e-04,-7.8217999999999996e-02,1.0244610000000001e+00,9.3460000000000001e-03,1.7520300000000000e-01,-4.8034000000000000e-02,9.8331599999999997e-01,2.2053100000000000e-01,-4.5636000000000003e-02,-5.9510900000000000e-01,3.6346899999999999e-01,-1.7847800000000000e-01,-3.5875400000000002e-01,1.5530099999999999e-01,-6.3445200000000002e-01,4.2371999999999999e-01,-1.6938500000000001e-01,1.6441000000000001e-02,-6.4148099999999997e-01,2.9897299999999999e-01,-2.5158100000000000e-01,4.1871599999999998e-01,-1.4857460000000000e+00,-6.1424100000000004e-01,-7.0257000000000000e-02,-2.6441999999999999e-01
8.0500000000000005e-04,-7.7876000000000001e-02,1.0246630000000001e+00,9.5689999999999994e-03,1.7603900000000000e-01,-4.6383000000000001e-02,9.8324299999999998e-01,2.1845300000000001e-01,-4.7151999999999999e-02,-5.9610300000000005e-01,3.6100100000000002e-01,-1.7685300000000001e-01,-3.6060700000000001e-01,1.5463600000000000e-01,-6.3365300000000002e-01,4.2007899999999998e-01,-1.6803499999999999e-01,1.8047000000000001e-02,-6.3985300000000001e-01,2.8480299999999997e-01,-2.5557900000000000e-01,4.3023400000000001e-01,-1.4857520000000000e+00,-6.4232000000000000e-01,-8.6047999999999999e-02,-2.7797600000000000e-01
1.4220000000000001e-03,-7.7782000000000004e-02,1.0249330000000001e+00,9.8139999999999998e-03,1.7631600000000000e-01,-4.4921999999999997e-02,9.8325899999999999e-01,2.1727800000000000e-01,-4.8258000000000002e-02,-5.9428800000000004e-01,3.5641000000000000e-01,-1.7457200000000000e-01,-3.6331700000000000e-01,1.5407199999999999e-01,-6.3162200000000002e-01,4.1777599999999998e-01,-1.6792799999999999e-01,1.8157000000000000e-02,-6.3597899999999996e-01,2.7329999999999999e-01,-2.5722699999999998e-01,4.4053799999999999e-01,-1.4857520000000000e+00,-6.6674100000000003e-01,-9.1423000000000004e-02,-2.8390300000000002e-01
2.3419999999999999e-03,-7.7831999999999998e-02,1.0251790000000001e+00,9.9979999999999999e-03,1.7601100000000000e-01,-4.4077999999999999e-02,9.8334999999999995e-01,2.1726200000000001e-01,-4.8766999999999998e-02,-5.8995799999999998e-01,3.5095500000000002e-01,-1.7273400000000000e-01,-3.6516900000000002e-01,1.5308300000000000e-01,-6.2921600000000000e-01,4.1770800000000002e-01,-1.6904300000000000e-01,1.7090000000000001e-02,-6.2939400000000001e-01,2.6777699999999999e-01,-2.5957599999999997e-01,4.4403500000000001e-01,-1.4857480000000001e+00,-6.8440400000000001e-01,-8.7577000000000002e-02,-2.8093299999999999e-01
3.4030000000000002e-03,-7.7937000000000006e-02,1.0252969999999999e+00,1.0330000000000001e-02,1.7544299999999999e-01,-4.4158999999999997e-02,9.8344399999999998e-01,2.1787599999999999e-01,-4.9036000000000003e-02,-5.8558299999999996e-01,3.4775400000000001e-01,-1.7230599999999999e-01,-3.6509200000000003e-01,1.5125500000000000e-01,-6.2818600000000002e-01,4.2061500000000002e-01,-1.7119599999999999e-01,1.5075000000000000e-02,-6.2263900000000005e-01,2.6845999999999998e-01,-2.6354699999999998e-01,4.4191200000000003e-01,-1.4857370000000001e+00,-6.9201199999999996e-01,-8.0768999999999994e-02,-2.6863599999999999e-01
4.4470000000000004e-03,-7.8030000000000002e-02,1.0253120000000000e+00,1.0727000000000000e-02,1.7479000000000000e-01,-4.4788000000000001e-02,9.8352799999999996e-01,2.1897900000000001e-01,-4.9292000000000002e-02,-5.8190900000000001e-01,3.4671400000000002e-01,-1.7310900000000001e-01,-3.6373000000000000e-01,1.4914500000000000e-01,-6.2812999999999997e-01,4.2447200000000002e-01,-1.7345600000000000e-01,1.2966999999999999e-02,-6.1616899999999997e-01,2.7324100000000001e-01,-2.6659699999999997e-01,4.3239000000000000e-01,-1.4857170000000000e+00,-6.9316400000000000e-01,-7.2556999999999996e-02,-2.4921900000000000e-01
5.4500000000000000e-03,-7.8085000000000002e-02,1.0252760000000001e+00,1.1048000000000001e-02,1.7417700000000000e-01,-4.5865999999999997e-02,9.8358400000000001e-01,2.2071700000000000e-01,-4.9459999999999997e-02,-5.7928100000000005e-01,3.4775200000000001e-01,-1.7501400000000000e-01,-3.6175200000000002e-01,1.4738899999999999e-01,-6.2813600000000003e-01,4.2746699999999999e-01,-1.7533099999999999e-01,1.1597000000000000e-02,-6.1099999999999999e-01,2.7960000000000002e-01,-2.6742800000000000e-01,4.1886400000000001e-01,-1.4856860000000001e+00,-6.9252700000000000e-01,-6.5452999999999997e-02,-2.2910100000000000e-01
6.4739999999999997e-03,-7.8028000000000000e-02,1.0252779999999999e+00,1.1268000000000000e-02,1.7386799999999999e-01,-4.7301999999999997e-02,9.8356800000000000e-01,2.2238100000000000e-01,-4.9523999999999999e-02,-5.7800399999999996e-01,3.5033500000000001e-01,-1.7770200000000000e-01,-3.6062800000000000e-01,1.4663999999999999e-01,-6.2734699999999999e-01,4.2758800000000002e-01,-1.7600299999999999e-01,1.1230000000000000e-02,-6.0892500000000005e-01,2.9223300000000002e-01,-2.7045599999999997e-01,4.0408800000000000e-01,-1.4856350000000000e+00,-6.9298800000000005e-01,-5.5792000000000001e-02,-2.0647099999999999e-01
7.5890000000000003e-03,-7.7896999999999994e-02,1.0254080000000001e+00,1.1534000000000001e-02,1.7375699999999999e-01,-4.8946000000000003e-02,9.8350400000000004e-01,2.2434100000000001e-01,-5.0020000000000002e-02,-5.7616100000000003e-01,3.5118100000000002e-01,-1.7979700000000001e-01,-3.6026999999999998e-01,1.4626100000000000e-01,-6.2564600000000004e-01,4.2521100000000001e-01,-1.7548700000000000e-01,1.1514000000000000e-02,-6.0755300000000001e-01,2.9755199999999998e-01,-2.6573900000000000e-01,3.9166299999999998e-01,-1.4856469999999999e+00,-6.9418899999999994e-01,-5.0203999999999999e-02,-1.9513400000000000e-01
8.8929999999999999e-03,-7.7797000000000005e-02,1.0256529999999999e+00,1.1875999999999999e-02,1.7351400000000000e-01,-5.0592999999999999e-02,9.8345899999999997e-01,2.2672300000000001e-01,-5.0845000000000001e-02,-5.7280200000000003e-01,3.4997400000000001e-01,-1.8109600000000001e-01,-3.5955900000000002e-01,1.4521500000000001e-01,-6.2317900000000004e-01,4.2228100000000002e-01,-1.7473500000000000e-01,1.2021000000000000e-02,-6.0684499999999997e-01,2.9963800000000002e-01,-2.5705899999999998e-01,3.7857400000000002e-01,-1.4856620000000000e+00,-6.9193600000000000e-01,-4.7342000000000002e-02,-1.9057800000000000e-01
1.0499000000000000e-02,-7.7822000000000002e-02,1.0260100000000001e+00,1.2251000000000000e-02,1.7305599999999999e-01,-5.1773000000000000e-02,9.8347399999999996e-01,2.2900200000000001e-01,-5.1746000000000000e-02,-5.6814600000000004e-01,3.4739799999999998e-01,-1.8176600000000001e-01,-3.5963899999999999e-01,1.4379300000000000e-01,-6.1919299999999999e-01,4.1846200000000000e-01,-1.7390300000000000e-01,1.2532000000000000e-02,-6.0872499999999996e-01,3.0198000000000003e-01,-2.4639000000000000e-01,3.5530899999999999e-01,-1.4856499999999999e+00,-6.8329300000000004e-01,-4.3504000000000001e-02,-1.9128999999999999e-01
1.2489000000000000e-02,-7.8064999999999996e-02,1.0264260000000001e+00,1.2657000000000000e-02,1.7218200000000000e-01,-5.2228999999999998e-02,9.8359799999999997e-01,2.3073600000000000e-01,-5.2392000000000001e-02,-5.6215099999999996e-01,3.4428599999999998e-01,-1.8224299999999999e-01,-3.6147099999999999e-01,1.4221700000000001e-01,-6.1358999999999997e-01,4.1485100000000003e-01,-1.7371200000000001e-01,1.2968000000000000e-02,-6.1660000000000004e-01,3.0827700000000002e-01,-2.3354200000000000e-01,3.0429200000000001e-01,-1.4855609999999999e+00,-6.6810300000000000e-01,-3.3092999999999997e-02,-1.9746200000000000e-01
1.4880000000000001e-02,-7.8622999999999998e-02,1.0268390000000001e+00,1.3016000000000000e-02,1.7060800000000001e-01,-5.1860999999999997e-02,9.8388699999999996e-01,2.3200799999999999e-01,-5.2339999999999998e-02,-5.5470299999999995e-01,3.4146700000000002e-01,-1.8287900000000001e-01,-3.6383199999999999e-01,1.3993100000000000e-01,-6.0646100000000003e-01,4.1283599999999998e-01,-1.7504200000000000e-01,1.3173000000000001e-02,-6.3643499999999997e-01,3.1307900000000000e-01,-2.0642199999999999e-01,2.1203500000000000e-01,-1.4852099999999999e+00,-6.5186500000000003e-01,-1.0923000000000000e-02,-2.0622799999999999e-01
1.7710000000000000e-02,-7.9469999999999999e-02,1.0272330000000001e+00,1.3474000000000000e-02,1.6798500000000000e-01,-5.0626999999999998e-02,9.8439600000000005e-01,2.3238100000000000e-01,-5.1595000000000002e-02,-5.4513900000000004e-01,3.3933900000000000e-01,-1.8367900000000001e-01,-3.6675000000000002e-01,1.3623700000000000e-01,-5.9758500000000003e-01,4.1314000000000001e-01,-1.7831900000000001e-01,1.3087000000000000e-02,-6.7871899999999996e-01,3.3245100000000000e-01,-1.7543000000000000e-01,8.5736000000000007e-02,-1.4835630000000000e+00,-6.3035300000000005e-01,9.1330000000000005e-03,-2.0975700000000000e-01
2.1006000000000000e-02,-8.0503000000000005e-02,1.0276259999999999e+00,1.4208000000000000e-02,1.6361999999999999e-01,-4.9424999999999997e-02,9.8518200000000000e-01,2.3237900000000000e-01,-5.0113999999999999e-02,-5.3128900000000001e-01,3.3744000000000002e-01,-1.8513700000000000e-01,-3.6997200000000002e-01,1.3042799999999999e-01,-5.8572400000000002e-01,4.1526900000000000e-01,-1.8328600000000000e-01,1.2623000000000001e-02,-7.5044900000000003e-01,3.5772999999999999e-01,-1.4538499999999999e-01,-4.1798000000000002e-02,-1.4673540000000000e+00,-5.9526100000000004e-01,1.4319000000000000e-02,-2.1590000000000001e-01
2.4908000000000000e-02,-8.1594000000000000e-02,1.0280450000000001e+00,1.5303000000000001e-02,1.5812399999999999e-01,-4.9235000000000001e-02,9.8607199999999995e-01,2.3315800000000000e-01,-4.8420999999999999e-02,-5.1328799999999997e-01,3.3513399999999999e-01,-1.8775800000000001e-01,-3.7259300000000001e-01,1.2279200000000000e-01,-5.7117600000000002e-01,4.1718499999999997e-01,-1.8896800000000000e-01,1.2102000000000000e-02,-8.4782199999999996e-01,3.9798000000000000e-01,-1.1654600000000000e-01,-1.5941600000000000e-01,-1.4514080000000000e+00,-5.7578499999999999e-01,2.2408999999999998e-02,-2.1859999999999999e-01
2.9307000000000000e-02,-8.2573999999999995e-02,1.0284899999999999e+00,1.6376000000000002e-02,1.5187600000000001e-01,-4.9872000000000000e-02,9.8700500000000002e-01,2.3469799999999999e-01,-4.6297999999999999e-02,-4.9256800000000001e-01,3.3282499999999998e-01,-1.9153999999999999e-01,-3.7499500000000002e-01,1.1434800000000001e-01,-5.5423500000000003e-01,4.1799300000000000e-01,-1.9439500000000001e-01,1.1485000000000000e-02,-9.6245700000000001e-01,4.5080199999999998e-01,-9.3242000000000005e-02,-2.4675600000000000e-01,-1.4475880000000001e+00,-5.6299699999999997e-01,2.8438000000000001e-02,-2.1646199999999999e-01
3.4028000000000003e-02,-8.3379999999999996e-02,1.0289299999999999e+00,1.7455999999999999e-02,1.4537500000000000e-01,-5.1298000000000003e-02,9.8789199999999999e-01,2.3773700000000000e-01,-4.4474000000000000e-02,-4.7009800000000002e-01,3.2958599999999999e-01,-1.9573399999999999e-01,-3.7543500000000002e-01,1.0480500000000000e-01,-5.3720500000000004e-01,4.1941000000000001e-01,-1.9946300000000000e-01,1.0444000000000000e-02,-1.0836880000000000e+00,5.0879099999999999e-01,-7.3899999999999993e-02,-3.0163699999999999e-01,-1.4578180000000001e+00,-5.5698400000000003e-01,3.1279000000000001e-02,-2.1084200000000000e-01
3.8938000000000000e-02,-8.3941000000000002e-02,1.0293870000000001e+00,1.7998000000000000e-02,1.3902999999999999e-01,-5.3496000000000002e-02,9.8867799999999995e-01,2.4239800000000000e-01,-4.2150000000000000e-02,-4.4729099999999999e-01,3.2552100000000000e-01,-2.0000100000000001e-01,-3.7501600000000002e-01,9.6115000000000006e-02,-5.1971000000000001e-01,4.1966700000000001e-01,-2.0336000000000001e-01,8.6040000000000005e-03,-1.2036009999999999e+00,5.7145000000000001e-01,-6.3506999999999994e-02,-3.2372899999999999e-01,-1.4750030000000001e+00,-5.6958299999999995e-01,3.9281000000000003e-02,-2.0609200000000000e-01
4.4019000000000003e-02,-8.4350999999999995e-02,1.0298750000000001e+00,1.8221999999999999e-02,1.3319100000000000e-01,-5.6071000000000003e-02,9.8933499999999996e-01,2.4793699999999999e-01,-3.9563000000000001e-02,-4.2487399999999997e-01,3.2075300000000001e-01,-2.0433799999999999e-01,-3.7486900000000001e-01,8.8574000000000000e-02,-5.0101399999999996e-01,4.1634399999999999e-01,-2.0628099999999999e-01,6.7609999999999996e-03,-1.3147549999999999e+00,6.2845200000000001e-01,-6.7884000000000000e-02,-3.1036799999999998e-01,-1.4837170000000000e+00,-5.7254600000000000e-01,3.3232999999999999e-02,-2.1157599999999999e-01
4.9092999999999998e-02,-8.4677000000000002e-02,1.0303670000000000e+00,1.8544999999999999e-02,1.2734899999999999e-01,-5.8574000000000001e-02,9.8995299999999997e-01,2.5380200000000003e-01,-3.7328000000000000e-02,-4.0202399999999999e-01,3.1507600000000002e-01,-2.0827799999999999e-01,-3.7592900000000001e-01,8.1197000000000005e-02,-4.8124000000000000e-01,4.1065200000000002e-01,-2.0868999999999999e-01,5.1630000000000001e-03,-1.4031100000000001e+00,6.7292700000000005e-01,-8.3068000000000003e-02,-2.8717999999999999e-01,-1.4856290000000001e+00,-5.7906400000000002e-01,2.0254999999999999e-02,-2.2482199999999999e-01
5.4066000000000003e-02,-8.4921999999999997e-02,1.0308070000000000e+00,1.8967000000000001e-02,1.2176800000000000e-01,-6.0768999999999997e-02,9.9051500000000003e-01,2.5947700000000001e-01,-3.5497000000000001e-02,-3.7964500000000001e-01,3.0875200000000003e-01,-2.1157000000000001e-01,-3.7767699999999998e-01,7.3922000000000002e-02,-4.6193800000000002e-01,4.0440100000000001e-01,-2.1098300000000000e-01,4.0419999999999996e-03,-1.4627159999999999e+00,6.8460100000000002e-01,-8.2143999999999995e-02,-2.6004899999999997e-01,-1.4857450000000001e+00,-5.8066300000000004e-01,7.1659999999999996e-03,-2.4116699999999999e-01
5.8841999999999998e-02,-8.5051000000000002e-02,1.0311100000000000e+00,1.9210000000000001e-02,1.1660600000000000e-01,-6.2470999999999999e-02,9.9102500000000004e-01,2.6430399999999998e-01,-3.3536999999999997e-02,-3.5890899999999998e-01,3.0278100000000002e-01,-2.1482799999999999e-01,-3.7937700000000002e-01,6.7096000000000003e-02,-4.4433699999999998e-01,3.9962900000000001e-01,-2.1371699999999999e-01,3.3760000000000001e-03,-1.4842590000000000e+00,6.9306500000000004e-01,-9.9437999999999999e-02,-2.4365100000000001e-01,-1.4857560000000001e+00,-5.7874300000000001e-01,-8.1630000000000001e-03,-2.5706699999999999e-01
6.3379000000000005e-02,-8.5058999999999996e-02,1.0312239999999999e+00,1.9358000000000000e-02,1.1192199999999999e-01,-6.3879000000000005e-02,9.9147300000000005e-01,2.6792100000000002e-01,-3.1511999999999998e-02,-3.4046599999999999e-01,2.9825600000000002e-01,-2.1880200000000000e-01,-3.8057900000000000e-01,6.0593000000000001e-02,-4.2939100000000002e-01,3.9770100000000003e-01,-2.1727900000000000e-01,2.8130000000000000e-03,-1.4856080000000000e+00,7.0651100000000000e-01,-9.2200000000000004e-02,-2.4190700000000001e-01,-1.4857560000000001e+00,-5.8120000000000005e-01,-2.4118000000000001e-02,-2.6645900000000000e-01
6.7674999999999999e-02,-8.4940000000000002e-02,1.0312020000000000e+00,1.9338000000000001e-02,1.0727100000000001e-01,-6.4930000000000002e-02,9.9191900000000000e-01,2.7044800000000002e-01,-2.9197000000000001e-02,-3.2335300000000000e-01,2.9499999999999998e-01,-2.2337599999999999e-01,-3.8194800000000001e-01,5.4330999999999997e-02,-4.1549399999999997e-01,3.9726499999999998e-01,-2.2107499999999999e-01,2.1649999999999998e-03,-1.4854510000000001e+00,7.1823000000000004e-01,-8.2860000000000003e-02,-2.3572599999999999e-01,-1.4857520000000000e+00,-5.9207200000000004e-01,-3.5777999999999997e-02,-2.6713999999999999e-01
7.1815000000000004e-02,-8.4717000000000001e-02,1.0311140000000001e+00,1.8990000000000000e-02,1.0273900000000000e-01,-6.5342999999999998e-02,9.9237799999999998e-01,2.7180799999999999e-01,-2.6283999999999998e-02,-3.0765799999999999e-01,2.9290800000000000e-01,-2.2845199999999999e-01,-3.8396700000000000e-01,4.8743000000000002e-02,-4.0165899999999999e-01,3.9672400000000002e-01,-2.2442999999999999e-01,1.6040000000000000e-03,-1.4822350000000000e+00,7.2823599999999999e-01,-7.4810000000000001e-02,-2.2760500000000000e-01,-1.4857089999999999e+00,-6.0701700000000003e-01,-3.8913000000000003e-02,-2.6305899999999999e-01
7.5915999999999997e-02,-8.4401000000000004e-02,1.0310040000000000e+00,1.8350000000000002e-02,9.8379999999999995e-02,-6.5544000000000005e-02,9.9281799999999998e-01,2.7276600000000001e-01,-2.2838000000000001e-02,-2.9310100000000000e-01,2.9182799999999998e-01,-2.3396000000000000e-01,-3.8616299999999998e-01,4.3792999999999999e-02,-3.8742500000000002e-01,3.9519500000000002e-01,-2.2711000000000001e-01,9.1799999999999998e-04,-1.4529510000000001e+00,7.4570300000000000e-01,-5.1658999999999997e-02,-2.4725600000000000e-01,-1.4847910000000000e+00,-6.2009000000000003e-01,-3.2425000000000002e-02,-2.6201099999999999e-01
8.0072000000000004e-02,-8.3908999999999997e-02,1.0309070000000000e+00,1.7288999999999999e-02,9.3389000000000000e-02,-6.5711000000000006e-02,9.9330799999999997e-01,2.7391799999999999e-01,-1.8426000000000001e-02,-2.7725499999999997e-01,2.9060399999999997e-01,-2.3965600000000001e-01,-3.8880700000000001e-01,3.8912000000000002e-02,-3.7036000000000002e-01,3.9131600000000000e-01,-2.2883100000000001e-01,-3.4000000000000000e-05,-1.3868130000000001e+00,7.6066000000000000e-01,-4.8562000000000001e-02,-2.9938100000000001e-01,-1.4690669999999999e+00,-6.2803699999999996e-01,-2.9239999999999999e-02,-2.7924500000000002e-01
8.4401000000000004e-02,-8.3115999999999995e-02,1.0308029999999999e+00,1.5677000000000000e-02,8.8148000000000004e-02,-6.6008999999999998e-02,9.9379399999999996e-01,2.7541800000000000e-01,-1.3062000000000001e-02,-2.6050299999999998e-01,2.8896400000000000e-01,-2.4551500000000001e-01,-3.9152300000000001e-01,3.4390999999999998e-02,-3.5133300000000001e-01,3.8569599999999998e-01,-2.2981699999999999e-01,-1.2359999999999999e-03,-1.3028919999999999e+00,7.5215900000000002e-01,-3.9826000000000000e-02,-3.6012400000000000e-01,-1.4169780000000001e+00,-6.3084300000000004e-01,-3.5227000000000001e-02,-3.1647399999999998e-01
8.8932999999999998e-02,-8.1919000000000006e-02,1.0306540000000000e+00,1.3757999999999999e-02,8.2876000000000005e-02,-6.6712999999999995e-02,9.9422900000000003e-01,2.7724100000000002e-01,-7.3980000000000001e-03,-2.4298700000000001e-01,2.8689500000000001e-01,-2.5158700000000001e-01,-3.9387699999999998e-01,2.9786000000000000e-02,-3.3159400000000000e-01,3.7931599999999999e-01,-2.3051800000000000e-01,-2.6050000000000001e-03,-1.2145980000000001e+00,7.4323099999999998e-01,-3.4294999999999999e-02,-4.2010100000000000e-01,-1.3520890000000001e+00,-6.3447799999999999e-01,-4.5109999999999997e-02,-3.5936899999999999e-01
9.3506000000000006e-02,-8.0258999999999997e-02,1.0304320000000000e+00,1.1996000000000000e-02,7.7243999999999993e-02,-6.6986000000000004e-02,9.9468699999999999e-01,2.7772999999999998e-01,-2.3100000000000000e-03,-2.2496300000000000e-01,2.8556300000000001e-01,-2.5784200000000002e-01,-3.9676299999999998e-01,2.3914999999999999e-02,-3.1159999999999999e-01,3.7320300000000001e-01,-2.3130999999999999e-01,-3.8110000000000002e-03,-1.1263120000000000e+00,7.3096200000000000e-01,-2.8393000000000002e-02,-4.7272100000000000e-01,-1.2793230000000000e+00,-6.3643000000000005e-01,-5.6687000000000001e-02,-4.0910299999999999e-01
9.7979999999999998e-02,-7.8111000000000000e-02,1.0301810000000000e+00,1.0533000000000001e-02,7.1446999999999997e-02,-6.7837999999999996e-02,9.9507900000000005e-01,2.7890199999999998e-01,1.7329999999999999e-03,-2.0649300000000001e-01,2.8464000000000000e-01,-2.6416200000000001e-01,-3.9872700000000000e-01,1.6860000000000000e-02,-2.9266100000000000e-01,3.6751000000000000e-01,-2.3081800000000000e-01,-4.9340000000000000e-03,-1.0362480000000001e+00,7.1459799999999996e-01,-2.5836000000000001e-02,-5.2325400000000000e-01,-1.2089259999999999e+00,-6.3363800000000003e-01,-5.9485999999999997e-02,-4.6098400000000000e-01
1.0226200000000001e-01,-7.5410000000000005e-02,1.0298989999999999e+00,9.6170000000000005e-03,6.5740000000000007e-02,-7.0660000000000001e-02,9.9528499999999998e-01,2.8317300000000001e-01,3.9100000000000003e-03,-1.8692100000000000e-01,2.8263700000000003e-01,-2.7063199999999998e-01,-3.9839500000000000e-01,8.5349999999999992e-03,-2.7655500000000000e-01,3.6295600000000000e-01,-2.2899800000000001e-01,-5.9699999999999996e-03,-9.4073899999999999e-01,6.9395600000000002e-01,-2.3862000000000001e-02,-5.7234900000000000e-01,-1.1545430000000001e+00,-6.2539699999999998e-01,-5.3033999999999998e-02,-5.0528099999999998e-01
1.0622100000000000e-01,-7.2105000000000002e-02,1.0295690000000000e+00,8.5009999999999999e-03,6.0651999999999998e-02,-7.4309000000000000e-02,9.9535300000000004e-01,2.8863299999999997e-01,5.3870000000000003e-03,-1.6928399999999999e-01,2.8141899999999997e-01,-2.7791199999999999e-01,-3.9689200000000002e-01,7.8500000000000000e-04,-2.6397999999999999e-01,3.6048700000000000e-01,-2.2602100000000000e-01,-6.2919999999999998e-03,-8.5360199999999997e-01,6.7432499999999995e-01,-2.6370000000000001e-02,-6.1324699999999999e-01,-1.1245609999999999e+00,-6.1722299999999997e-01,-4.3240000000000001e-02,-5.3612300000000002e-01
1.0990800000000001e-01,-6.8273000000000000e-02,1.0292429999999999e+00,6.8300000000000001e-03,5.5823999999999999e-02,-7.7959000000000001e-02,9.9536899999999995e-01,2.9397800000000002e-01,7.1729999999999997e-03,-1.5326100000000001e-01,2.8101500000000001e-01,-2.8526299999999999e-01,-3.9546100000000001e-01,-6.0610000000000004e-03,-2.5236700000000001e-01,3.5817599999999999e-01,-2.2164200000000001e-01,-5.7140000000000003e-03,-7.8487700000000005e-01,6.5719499999999997e-01,-3.5554000000000002e-02,-6.3280499999999995e-01,-1.1199570000000001e+00,-6.0106499999999996e-01,-3.6569999999999998e-02,-5.5330400000000002e-01
1.1342300000000000e-01,-6.4024999999999999e-02,1.0289779999999999e+00,5.2940000000000001e-03,5.0247000000000000e-02,-8.1195000000000003e-02,9.9541700000000000e-01,2.9868000000000000e-01,8.3990000000000002e-03,-1.3539599999999999e-01,2.7955900000000000e-01,-2.9142000000000001e-01,-3.9504400000000001e-01,-1.4310000000000000e-02,-2.3958099999999999e-01,3.5495800000000000e-01,-2.1554999999999999e-01,-4.0039999999999997e-03,-7.4133800000000005e-01,6.4473899999999995e-01,-5.0458999999999997e-02,-6.3265700000000002e-01,-1.1330380000000000e+00,-5.9753500000000004e-01,-2.7504000000000001e-02,-5.6827799999999995e-01
1.1680400000000001e-01,-5.9594000000000001e-02,1.0287910000000000e+00,3.0060000000000000e-03,4.3368999999999998e-02,-8.3553000000000002e-02,9.9555499999999997e-01,3.0344300000000002e-01,1.1449000000000001e-02,-1.1431600000000000e-01,2.7518900000000002e-01,-2.9569600000000001e-01,-3.9563799999999999e-01,-2.2660000000000000e-02,-2.2255900000000001e-01,3.4970800000000002e-01,-2.0758900000000000e-01,-1.8140000000000001e-03,-7.2178299999999995e-01,6.3892000000000004e-01,-7.2439000000000003e-02,-6.1361299999999996e-01,-1.1510760000000000e+00,-6.0062000000000004e-01,-1.7996000000000002e-02,-5.7486899999999996e-01
1.2006600000000001e-01,-5.5167000000000001e-02,1.0286569999999999e+00,-1.9300000000000000e-04,3.5985999999999997e-02,-8.4326999999999999e-02,9.9578800000000001e-01,3.0727300000000002e-01,1.6664000000000002e-02,-9.2317999999999997e-02,2.6866699999999999e-01,-2.9849199999999998e-01,-3.9752999999999999e-01,-2.9981000000000001e-02,-2.0220399999999999e-01,3.4259200000000001e-01,-1.9823099999999999e-01,3.8499999999999998e-04,-7.2433300000000000e-01,6.3707100000000005e-01,-9.6203999999999998e-02,-5.8240599999999998e-01,-1.1616960000000001e+00,-6.1015799999999998e-01,-1.0898000000000000e-02,-5.6597799999999998e-01
1.2309700000000000e-01,-5.0777999999999997e-02,1.0285120000000001e+00,-3.8470000000000002e-03,2.8677999999999999e-02,-8.4503999999999996e-02,9.9600299999999997e-01,3.1032999999999999e-01,2.2942000000000001e-02,-7.0953000000000002e-02,2.6143200000000000e-01,-3.0069400000000002e-01,-3.9892100000000003e-01,-3.6410999999999999e-02,-1.8188499999999999e-01,3.3640900000000001e-01,-1.8823400000000001e-01,2.4610000000000001e-03,-7.4033499999999997e-01,6.3527500000000003e-01,-1.1813200000000000e-01,-5.4194900000000001e-01,-1.1626120000000000e+00,-6.1729800000000001e-01,-2.0905000000000000e-02,-5.4831900000000000e-01
1.2582199999999999e-01,-4.6391000000000002e-02,1.0282950000000000e+00,-7.2849999999999998e-03,2.2086000000000001e-02,-8.4684999999999996e-02,9.9613600000000002e-01,3.1317699999999998e-01,2.8554000000000000e-02,-5.1843000000000000e-02,2.5503199999999998e-01,-3.0305100000000001e-01,-4.0078999999999998e-01,-4.2282000000000000e-02,-1.6525400000000001e-01,3.3355400000000002e-01,-1.7884500000000000e-01,3.3300000000000001e-03,-7.6143099999999997e-01,6.3446999999999998e-01,-1.3755600000000001e-01,-5.0321099999999996e-01,-1.1534500000000001e+00,-6.2059100000000000e-01,-4.4921999999999997e-02,-5.2896200000000004e-01
1.2815399999999999e-01,-4.1914000000000000e-02,1.0280069999999999e+00,-1.0557000000000000e-02,1.7499000000000001e-02,-8.5694000000000006e-02,9.9611200000000000e-01,3.1695600000000002e-01,3.2864999999999998e-02,-3.8178999999999998e-02,2.5105400000000000e-01,-3.0633100000000002e-01,-4.0095100000000000e-01,-4.6202000000000000e-02,-1.5598400000000001e-01,3.3574700000000002e-01,-1.7118700000000001e-01,2.8059999999999999e-03,-7.8294100000000000e-01,6.3897400000000004e-01,-1.4902699999999999e-01,-4.7295599999999999e-01,-1.1321340000000000e+00,-6.2533899999999998e-01,-6.8543999999999994e-02,-5.1620800000000000e-01
1.2997600000000001e-01,-3.7356000000000000e-02,1.0277410000000000e+00,-1.1957000000000001e-02,1.5428000000000001e-02,-8.8527999999999996e-02,9.9588200000000004e-01,3.2239099999999998e-01,3.2115999999999999e-02,-3.1210000000000002e-02,2.5165199999999999e-01,-3.1125199999999997e-01,-3.9885500000000002e-01,-5.0373000000000001e-02,-1.5767700000000001e-01,3.4359699999999999e-01,-1.6598800000000000e-01,5.6899999999999995e-04,-7.9777900000000002e-01,6.4889799999999997e-01,-1.4661900000000000e-01,-4.5881000000000000e-01,-1.1034839999999999e+00,-6.3786699999999996e-01,-7.2289999999999993e-02,-5.1287199999999999e-01
1.3137900000000000e-01,-3.2586999999999998e-02,1.0278440000000000e+00,-1.1644000000000000e-02,1.5722000000000000e-02,-9.2471999999999999e-02,9.9552300000000005e-01,3.2801100000000000e-01,2.6062999999999999e-02,-2.9666999999999999e-02,2.5483499999999998e-01,-3.1696900000000000e-01,-3.9416499999999999e-01,-5.5291000000000000e-02,-1.6886799999999999e-01,3.5605900000000001e-01,-1.6369100000000000e-01,-9.5600000000000004e-04,-8.0837999999999999e-01,6.6418800000000000e-01,-1.3481299999999999e-01,-4.5890799999999998e-01,-1.0745910000000001e+00,-6.6607600000000000e-01,-4.8992000000000001e-02,-5.1669299999999996e-01
1.3279500000000000e-01,-2.7643000000000001e-02,1.0299710000000000e+00,-1.1421000000000001e-02,1.7354000000000001e-02,-9.7006999999999996e-02,9.9506700000000003e-01,3.3424599999999999e-01,1.8780000000000002e-02,-2.9818999999999998e-02,2.5580599999999998e-01,-3.2106099999999999e-01,-3.8806900000000000e-01,-6.0534999999999999e-02,-1.8350000000000000e-01,3.7036900000000000e-01,-1.5616500000000000e-01,-6.1700000000000004e-04,-8.2242999999999999e-01,6.8587399999999998e-01,-1.2280300000000000e-01,-4.7004000000000001e-01,-1.0532029999999999e+00,-6.9912799999999997e-01,-1.9116999999999999e-02,-5.2558499999999997e-01
1.3435700000000000e-01,-2.3140000000000001e-02,1.0309880000000000e+00,-1.1853000000000001e-02,1.9819000000000000e-02,-1.0096600000000000e-01,9.9462200000000001e-01,3.4087000000000001e-01,1.3390000000000001e-02,-3.2580999999999999e-02,2.5707700000000000e-01,-3.2472400000000001e-01,-3.8430199999999998e-01,-6.2058000000000002e-02,-1.9543199999999999e-01,3.7671800000000000e-01,-1.4363300000000001e-01,8.2000000000000001e-05,-8.4555999999999998e-01,7.1151200000000003e-01,-1.1212300000000000e-01,-4.8845300000000003e-01,-1.0505640000000001e+00,-7.3370100000000005e-01,5.4890000000000000e-03,-5.3797899999999998e-01
1.3644700000000001e-01,-1.8977000000000001e-02,1.0317140000000000e+00,-1.2289000000000000e-02,2.2147000000000000e-02,-1.0352600000000001e-01,9.9430399999999997e-01,3.4622599999999998e-01,8.4930000000000005e-03,-3.3640000000000003e-02,2.5566200000000000e-01,-3.2689800000000002e-01,-3.8276700000000002e-01,-6.4169000000000004e-02,-2.0310100000000000e-01,3.7754300000000002e-01,-1.2944900000000001e-01,5.5199999999999997e-04,-8.8177300000000003e-01,7.4112299999999998e-01,-1.0265800000000000e-01,-5.0720100000000001e-01,-1.0668690000000001e+00,-7.7082700000000004e-01,2.7525000000000001e-02,-5.5110199999999998e-01
1.3924600000000001e-01,-1.5204000000000001e-02,1.0322229999999999e+00,-1.2884000000000000e-02,2.3091000000000000e-02,-1.0525700000000000e-01,9.9409300000000000e-01,3.5051900000000002e-01,5.1159999999999999e-03,-3.0522000000000001e-02,2.5258000000000003e-01,-3.2844000000000001e-01,-3.8229600000000002e-01,-6.7683999999999994e-02,-2.0541499999999999e-01,3.7602799999999997e-01,-1.1569300000000000e-01,2.6699999999999998e-04,-9.2982799999999999e-01,7.7196500000000001e-01,-9.4309000000000004e-02,-5.2026499999999998e-01,-1.1027819999999999e+00,-8.0613699999999999e-01,4.6100000000000002e-02,-5.6092100000000000e-01
1.4290200000000000e-01,-1.1910000000000000e-02,1.0323570000000000e+00,-1.3445000000000000e-02,2.1890000000000000e-02,-1.0590800000000000e-01,9.9404400000000004e-01,3.5256199999999999e-01,3.5320000000000000e-03,-2.1839999999999998e-02,2.4932900000000000e-01,-3.3101900000000001e-01,-3.8207900000000000e-01,-7.3565000000000005e-02,-2.0282400000000000e-01,3.7654199999999999e-01,-1.0523000000000000e-01,-3.9300000000000001e-04,-9.8791099999999998e-01,8.0217799999999995e-01,-8.4664000000000003e-02,-5.2701399999999998e-01,-1.1572140000000000e+00,-8.2962700000000000e-01,4.8943000000000000e-02,-5.6903700000000002e-01
1.4750900000000000e-01,-9.0670000000000004e-03,1.0320170000000000e+00,-1.3396000000000000e-02,1.8251000000000000e-02,-1.0645499999999999e-01,9.9406000000000005e-01,3.5387099999999999e-01,2.7469999999999999e-03,-6.0759999999999998e-03,2.4571499999999999e-01,-3.3505900000000000e-01,-3.8253300000000001e-01,-8.2974000000000006e-02,-1.9472900000000001e-01,3.7715500000000002e-01,-9.8355999999999999e-02,-1.1950000000000001e-03,-1.0442629999999999e+00,8.2938100000000003e-01,-7.5488000000000000e-02,-5.2938900000000000e-01,-1.2290019999999999e+00,-8.3977000000000002e-01,3.8958000000000000e-02,-5.7427099999999998e-01
1.5286400000000000e-01,-6.5859999999999998e-03,1.0312020000000000e+00,-1.2617000000000000e-02,1.1920999999999999e-02,-1.0688300000000001e-01,9.9412000000000000e-01,3.5531299999999999e-01,2.3670000000000002e-03,1.6683000000000000e-02,2.4228900000000000e-01,-3.4014800000000001e-01,-3.8319599999999998e-01,-9.6332000000000001e-02,-1.8191499999999999e-01,3.7881700000000001e-01,-9.4907000000000005e-02,-1.3540000000000000e-03,-1.0967730000000000e+00,8.5293699999999995e-01,-7.0673000000000000e-02,-5.2401799999999998e-01,-1.3131109999999999e+00,-8.3483499999999999e-01,1.5384999999999999e-02,-5.8244600000000002e-01
1.5864400000000001e-01,-4.4489999999999998e-03,1.0300650000000000e+00,-1.1535000000000000e-02,3.9990000000000000e-03,-1.0655500000000000e-01,9.9423200000000000e-01,3.5507699999999998e-01,2.4109999999999999e-03,4.2846000000000002e-02,2.3985400000000001e-01,-3.4577500000000000e-01,-3.8334099999999999e-01,-1.1214600000000000e-01,-1.6819899999999999e-01,3.8519300000000001e-01,-9.2614000000000002e-02,-3.5500000000000001e-04,-1.1484680000000000e+00,8.7860799999999994e-01,-7.3331999999999994e-02,-5.1437900000000003e-01,-1.3973500000000001e+00,-8.3226400000000000e-01,-1.7902000000000001e-02,-6.0922100000000001e-01
1.6452900000000001e-01,-2.8779999999999999e-03,1.0287020000000000e+00,-1.0629000000000000e-02,-4.3810000000000003e-03,-1.0536100000000000e-01,9.9436800000000003e-01,3.5350399999999998e-01,3.6730000000000000e-03,6.8849999999999995e-02,2.3899300000000001e-01,-3.5189199999999998e-01,-3.8273200000000002e-01,-1.2787599999999999e-01,-1.5554000000000001e-01,3.9720299999999997e-01,-9.2026999999999998e-02,1.3640000000000000e-03,-1.2027669999999999e+00,9.0544599999999997e-01,-8.5283999999999999e-02,-4.9944499999999997e-01,-1.4631799999999999e+00,-8.0000199999999999e-01,-7.9589999999999994e-02,-6.5716600000000003e-01
1.7022499999999999e-01,-2.0509999999999999e-03,1.0272209999999999e+00,-1.0295000000000000e-02,-1.2239000000000000e-02,-1.0372000000000001e-01,9.9447799999999997e-01,3.5176299999999999e-01,6.7720000000000002e-03,9.2790999999999998e-02,2.3803900000000000e-01,-3.5774400000000001e-01,-3.7983800000000001e-01,-1.4145700000000000e-01,-1.4448000000000000e-01,4.1349799999999998e-01,-9.3340999999999993e-02,3.6879999999999999e-03,-1.2641469999999999e+00,9.3211299999999997e-01,-1.0960000000000000e-01,-4.8649199999999998e-01,-1.4846630000000001e+00,-7.5787800000000005e-01,-1.6355900000000001e-01,-7.3456900000000003e-01
1.7552799999999999e-01,-2.0820000000000001e-03,1.0256740000000000e+00,-1.0170999999999999e-02,-1.9130999999999999e-02,-1.0205900000000000e-01,9.9454200000000004e-01,3.4975099999999998e-01,1.0860000000000000e-02,1.1333600000000001e-01,2.3776500000000000e-01,-3.6351099999999997e-01,-3.7351400000000001e-01,-1.5284700000000001e-01,-1.3528399999999999e-01,4.3275400000000003e-01,-9.6770999999999996e-02,6.0600000000000003e-03,-1.3413489999999999e+00,9.6091400000000005e-01,-1.4039900000000000e-01,-4.7697600000000001e-01,-1.4855659999999999e+00,-7.2409900000000005e-01,-2.4111500000000000e-01,-8.1814500000000001e-01
1.8033600000000000e-01,-2.9420000000000002e-03,1.0241180000000001e+00,-1.0168999999999999e-02,-2.5176000000000000e-02,-1.0042000000000000e-01,9.9457499999999999e-01,3.4757900000000003e-01,1.5668000000000001e-02,1.3065299999999999e-01,2.3809800000000000e-01,-3.6890400000000001e-01,-3.6582300000000001e-01,-1.6219300000000000e-01,-1.2779399999999999e-01,4.5373000000000002e-01,-1.0167600000000000e-01,7.5519999999999997e-03,-1.4341320000000000e+00,9.6942799999999996e-01,-1.5249599999999999e-01,-4.6634799999999998e-01,-1.4856330000000000e+00,-7.0282100000000003e-01,-2.8977199999999997e-01,-8.7228200000000000e-01
1.8464900000000001e-01,-4.5279999999999999e-03,1.0226400000000000e+00,-1.0829999999999999e-02,-3.0474000000000001e-02,-9.8987000000000006e-02,9.9456299999999997e-01,3.4541500000000003e-01,2.2076999999999999e-02,1.4497199999999999e-01,2.3862300000000000e-01,-3.7363900000000000e-01,-3.5625400000000002e-01,-1.6858300000000001e-01,-1.2096700000000001e-01,4.7580499999999998e-01,-1.0783200000000000e-01,7.4390000000000003e-03,-1.4834560000000001e+00,9.9259399999999998e-01,-1.3136300000000001e-01,-4.9277100000000001e-01,-1.4831230000000000e+00,-7.0027300000000003e-01,-2.9482900000000001e-01,-8.7852100000000000e-01
1.8857099999999999e-01,-6.8160000000000000e-03,1.0214510000000001e+00,-1.2116000000000000e-02,-3.4659000000000002e-02,-9.6834000000000003e-02,9.9462300000000003e-01,3.4261200000000003e-01,3.0127999999999999e-02,1.5642700000000001e-01,2.3775600000000000e-01,-3.7684099999999998e-01,-3.4734900000000002e-01,-1.7169100000000001e-01,-1.1214800000000000e-01,4.9257099999999998e-01,-1.1305600000000000e-01,5.7970000000000001e-03,-1.4856590000000001e+00,1.0256030000000000e+00,-7.0939000000000002e-02,-5.6906800000000002e-01,-1.4371540000000000e+00,-7.3577000000000004e-01,-2.5976399999999999e-01,-8.4508300000000003e-01
1.9209899999999999e-01,-9.5800000000000000e-03,1.0206249999999999e+00,-1.2876000000000000e-02,-3.9141000000000002e-02,-9.3426999999999996e-02,9.9477300000000002e-01,3.3784199999999998e-01,3.7664999999999997e-02,1.6914799999999999e-01,2.3431800000000000e-01,-3.7806499999999998e-01,-3.4172999999999998e-01,-1.7528299999999999e-01,-9.7570000000000004e-02,4.9825399999999997e-01,-1.1480700000000001e-01,2.7940000000000000e-03,-1.4857579999999999e+00,1.0322270000000000e+00,1.5273999999999999e-02,-6.6150699999999996e-01,-1.3620239999999999e+00,-8.0248600000000003e-01,-1.7033200000000001e-01,-7.8589799999999999e-01
1.9516600000000001e-01,-1.2494000000000000e-02,1.0201270000000000e+00,-1.3132000000000000e-02,-4.3468000000000000e-02,-8.9713000000000001e-02,9.9493200000000004e-01,3.3196199999999998e-01,4.3756000000000003e-02,1.8245300000000000e-01,2.2853999999999999e-01,-3.7740499999999999e-01,-3.3962500000000001e-01,-1.7902199999999999e-01,-7.9909999999999995e-02,4.9428800000000001e-01,-1.1421099999999999e-01,-1.3590000000000000e-03,-1.4857640000000001e+00,1.0238849999999999e+00,1.0633500000000000e-01,-7.6164600000000005e-01,-1.3369610000000001e+00,-9.0727599999999997e-01,-7.7993999999999994e-02,-7.0706700000000000e-01
1.9776199999999999e-01,-1.5556000000000000e-02,1.0197799999999999e+00,-1.3200000000000000e-02,-4.7204000000000003e-02,-8.7432999999999997e-02,9.9496399999999996e-01,3.2864800000000000e-01,4.9369000000000003e-02,1.9525100000000001e-01,2.2111300000000000e-01,-3.7531300000000001e-01,-3.4119800000000000e-01,-1.8108099999999999e-01,-6.0886000000000003e-02,4.8193399999999997e-01,-1.1594699999999999e-01,-6.4549999999999998e-03,-1.4857650000000000e+00,1.0242329999999999e+00,1.8336600000000000e-01,-8.5819999999999996e-01,-1.3649500000000001e+00,-9.7711999999999999e-01,7.9839999999999998e-03,-6.6220199999999996e-01
1.9989399999999999e-01,-1.8765000000000000e-02,1.0194230000000000e+00,-1.2834999999999999e-02,-5.0222999999999997e-02,-8.6278999999999995e-02,9.9492100000000006e-01,3.2744600000000001e-01,5.3898000000000001e-02,2.0857800000000001e-01,2.0999999999999999e-01,-3.7111400000000000e-01,-3.4826600000000002e-01,-1.8189900000000001e-01,-4.1765999999999998e-02,4.6209600000000001e-01,-1.2142300000000000e-01,-1.0278000000000001e-02,-1.4857720000000001e+00,1.0375779999999999e+00,2.3993500000000001e-01,-9.3829399999999996e-01,-1.4273180000000001e+00,-1.0041180000000001e+00,4.3362999999999999e-02,-6.7347299999999999e-01
2.0152800000000001e-01,-2.2464000000000001e-02,1.0186770000000001e+00,-1.1540000000000000e-02,-5.2345999999999997e-02,-8.5442000000000004e-02,9.9490000000000001e-01,3.2593699999999998e-01,5.6723999999999997e-02,2.1875700000000001e-01,2.0167800000000000e-01,-3.6770399999999998e-01,-3.5851200000000000e-01,-1.8223100000000000e-01,-2.2883000000000001e-02,4.3732199999999999e-01,-1.3536699999999999e-01,-1.1008000000000000e-02,-1.4857540000000000e+00,1.0540609999999999e+00,2.7777499999999999e-01,-9.6978600000000004e-01,-1.4821409999999999e+00,-9.9350499999999997e-01,-5.9860000000000000e-03,-7.3158599999999996e-01
2.0306099999999999e-01,-2.6789000000000000e-02,1.0173369999999999e+00,-1.0407000000000000e-02,-5.4248999999999999e-02,-8.4128999999999995e-02,9.9492300000000000e-01,3.2374399999999998e-01,6.0714999999999998e-02,2.2823299999999999e-01,1.9370100000000001e-01,-3.6658299999999999e-01,-3.7243199999999999e-01,-1.8188799999999999e-01,-1.4130000000000000e-03,4.0883100000000000e-01,-1.5734200000000001e-01,-8.3829999999999998e-03,-1.4857130000000001e+00,1.0396700000000001e+00,2.8332200000000002e-01,-9.3956399999999995e-01,-1.4856030000000000e+00,-9.6410200000000001e-01,-1.1727200000000000e-01,-8.2875100000000002e-01
2.0463200000000001e-01,-3.1760999999999998e-02,1.0157270000000000e+00,-9.6939999999999995e-03,-5.6270000000000001e-02,-8.3680000000000004e-02,9.9485500000000004e-01,3.2223499999999999e-01,6.6516000000000006e-02,2.3759800000000000e-01,1.8615699999999999e-01,-3.6613400000000001e-01,-3.8608199999999998e-01,-1.8124599999999999e-01,2.2706000000000000e-02,3.7671800000000000e-01,-1.7857400000000001e-01,-4.2700000000000004e-03,-1.4846379999999999e+00,1.0427409999999999e+00,2.0788300000000001e-01,-8.6102999999999996e-01,-1.4857560000000001e+00,-9.4941200000000003e-01,-2.3075899999999999e-01,-9.0456199999999998e-01
2.0618700000000001e-01,-3.7295000000000002e-02,1.0140080000000000e+00,-9.5969999999999996e-03,-6.0755999999999998e-02,-8.5158999999999999e-02,9.9446699999999999e-01,3.2345900000000000e-01,7.5609999999999997e-02,2.5017099999999998e-01,1.8139900000000000e-01,-3.6570900000000001e-01,-3.9444800000000002e-01,-1.8178600000000000e-01,5.2913000000000002e-02,3.4254899999999999e-01,-1.9464500000000001e-01,-1.0390000000000000e-03,-1.4629550000000000e+00,1.0839939999999999e+00,1.5495700000000001e-01,-7.4754799999999999e-01,-1.4857590000000001e+00,-9.5608499999999996e-01,-2.7207500000000001e-01,-9.2201900000000003e-01
2.0757800000000001e-01,-4.3201999999999997e-02,1.0123780000000000e+00,-9.0449999999999992e-03,-6.6594000000000000e-02,-8.9525999999999994e-02,9.9371500000000001e-01,3.2835500000000001e-01,8.4902000000000005e-02,2.6500299999999999e-01,1.7818899999999999e-01,-3.6430499999999999e-01,-3.9728500000000000e-01,-1.8397400000000000e-01,8.3301000000000000e-02,3.1014999999999998e-01,-2.0491999999999999e-01,6.0000000000000002e-05,-1.4306200000000000e+00,1.1598360000000001e+00,1.2824600000000000e-01,-6.3973400000000002e-01,-1.4857290000000001e+00,-9.7387000000000001e-01,-2.6763700000000001e-01,-8.8085199999999997e-01
2.0855699999999999e-01,-4.9284000000000001e-02,1.0108550000000001e+00,-7.7479999999999997e-03,-7.1825000000000000e-02,-9.5127000000000003e-02,9.9283999999999994e-01,3.3484999999999998e-01,9.2360999999999999e-02,2.7784500000000001e-01,1.7671799999999999e-01,-3.6286600000000002e-01,-3.9558199999999999e-01,-1.8616700000000000e-01,1.0581599999999999e-01,2.8788799999999998e-01,-2.1171300000000001e-01,-8.8400000000000002e-04,-1.4154350000000000e+00,1.2428500000000000e+00,5.5211999999999997e-02,-5.5852500000000005e-01,-1.4853660000000000e+00,-1.0020670000000000e+00,-2.3701400000000000e-01,-7.9700499999999996e-01
2.0885200000000001e-01,-5.5587999999999999e-02,1.0088619999999999e+00,-5.7340000000000004e-03,-7.5355000000000005e-02,-1.0060900000000000e-01,9.9205200000000004e-01,3.4155999999999997e-01,9.7913000000000000e-02,2.8562900000000002e-01,1.7773300000000000e-01,-3.6166300000000001e-01,-3.9063599999999998e-01,-1.8577299999999999e-01,1.1910500000000000e-01,2.7529599999999999e-01,-2.2108500000000000e-01,-3.0049999999999999e-03,-1.4161960000000000e+00,1.3199909999999999e+00,-2.4871000000000001e-02,-5.1435200000000003e-01,-1.4826180000000000e+00,-1.0397600000000000e+00,-2.0370199999999999e-01,-7.1643100000000004e-01
2.0836399999999999e-01,-6.1933000000000002e-02,1.0083279999999999e+00,-4.3969999999999999e-03,-7.7092999999999995e-02,-1.0430900000000000e-01,9.9154299999999995e-01,3.4580499999999997e-01,1.0330400000000001e-01,2.8737099999999999e-01,1.7950199999999999e-01,-3.5896099999999997e-01,-3.8633400000000001e-01,-1.8301999999999999e-01,1.2721900000000000e-01,2.6987699999999998e-01,-2.3075699999999999e-01,-5.0959999999999998e-03,-1.4299219999999999e+00,1.3681779999999999e+00,-8.0667000000000003e-02,-4.9951000000000001e-01,-1.4778180000000001e+00,-1.0738900000000000e+00,-1.9147000000000000e-01,-6.9545699999999999e-01
2.0709600000000000e-01,-6.8365999999999996e-02,1.0083089999999999e+00,-3.0829999999999998e-03,-7.7089000000000005e-02,-1.0589000000000000e-01,9.9138000000000004e-01,3.4694500000000000e-01,1.0758600000000000e-01,2.8364299999999998e-01,1.8204500000000001e-01,-3.5528599999999999e-01,-3.8450400000000001e-01,-1.7800099999999999e-01,1.3062799999999999e-01,2.6749299999999998e-01,-2.4041999999999999e-01,-6.4289999999999998e-03,-1.4458899999999999e+00,1.3919680000000001e+00,-1.1142900000000000e-01,-5.0284099999999998e-01,-1.4747640000000000e+00,-1.0941179999999999e+00,-2.1071899999999999e-01,-7.5773900000000005e-01
2.0535600000000001e-01,-7.4812000000000003e-02,1.0084640000000000e+00,-1.5610000000000001e-03,-7.6243000000000005e-02,-1.0559600000000000e-01,9.9148099999999995e-01,3.4583999999999998e-01,1.1082599999999999e-01,2.7893200000000001e-01,1.8139100000000000e-01,-3.5026099999999999e-01,-3.8514399999999999e-01,-1.7247799999999999e-01,1.3217499999999999e-01,2.6560600000000001e-01,-2.4998400000000001e-01,-6.9069999999999999e-03,-1.4608550000000000e+00,1.3992309999999999e+00,-1.2115500000000000e-01,-5.1504300000000003e-01,-1.4723390000000001e+00,-1.1048430000000000e+00,-2.4096400000000001e-01,-8.7384499999999998e-01
2.0340900000000001e-01,-8.1242999999999996e-02,1.0084489999999999e+00,3.0100000000000000e-04,-7.5635999999999995e-02,-1.0403000000000000e-01,9.9169399999999996e-01,3.4239900000000001e-01,1.1304100000000000e-01,2.7504800000000001e-01,1.7960599999999999e-01,-3.4596100000000002e-01,-3.8781399999999999e-01,-1.6787800000000000e-01,1.3696900000000001e-01,2.5875199999999998e-01,-2.6216000000000000e-01,-7.4200000000000004e-03,-1.4737410000000000e+00,1.3956340000000000e+00,-1.2540299999999999e-01,-5.2521600000000002e-01,-1.4678519999999999e+00,-1.1187480000000001e+00,-2.5996399999999997e-01,-9.7827200000000003e-01
2.0157600000000001e-01,-8.7568999999999994e-02,1.0084780000000000e+00,1.9310000000000000e-03,-7.5761999999999996e-02,-1.0173900000000000e-01,9.9192000000000002e-01,3.3770699999999998e-01,1.1592900000000000e-01,2.7266600000000002e-01,1.7776000000000000e-01,-3.4153299999999998e-01,-3.9249400000000001e-01,-1.6431100000000001e-01,1.4585300000000001e-01,2.4702499999999999e-01,-2.7019599999999999e-01,-8.8929999999999999e-03,-1.4819830000000001e+00,1.3874169999999999e+00,-1.3121300000000000e-01,-5.3049299999999999e-01,-1.4548369999999999e+00,-1.1280140000000001e+00,-2.7180799999999999e-01,-1.0077910000000001e+00
1.9991000000000000e-01,-9.3568999999999999e-02,1.0085949999999999e+00,3.3310000000000002e-03,-7.6560000000000003e-02,-9.9304000000000003e-02,9.9210200000000004e-01,3.3235100000000001e-01,1.1915100000000001e-01,2.7189200000000002e-01,1.7632600000000001e-01,-3.3680300000000002e-01,-3.9848699999999998e-01,-1.6204600000000000e-01,1.5538900000000000e-01,2.3563400000000001e-01,-2.7428300000000000e-01,-1.1076000000000001e-02,-1.4847969999999999e+00,1.3789050000000000e+00,-1.3832200000000000e-01,-5.3385099999999996e-01,-1.4358290000000000e+00,-1.1293620000000000e+00,-2.9026600000000002e-01,-9.4928699999999999e-01
1.9813800000000001e-01,-9.9100999999999995e-02,1.0087580000000000e+00,4.7959999999999999e-03,-7.7262999999999998e-02,-9.6639000000000003e-02,9.9230499999999999e-01,3.2598899999999997e-01,1.2130600000000000e-01,2.6898800000000000e-01,1.7921599999999999e-01,-3.3317799999999997e-01,-4.0310099999999999e-01,-1.6002200000000000e-01,1.6083200000000000e-01,2.3087400000000000e-01,-2.7836899999999998e-01,-1.3132000000000000e-02,-1.4854499999999999e+00,1.3701920000000001e+00,-1.4554500000000001e-01,-5.3483899999999995e-01,-1.4197370000000000e+00,-1.1330739999999999e+00,-3.1919900000000001e-01,-8.4750400000000004e-01
1.9601700000000000e-01,-1.0420599999999999e-01,1.0089669999999999e+00,6.2049999999999996e-03,-7.7595999999999998e-02,-9.2923000000000006e-02,9.9262600000000001e-01,3.1784899999999999e-01,1.2251700000000000e-01,2.6162299999999999e-01,1.8791600000000000e-01,-3.3016800000000002e-01,-4.0599700000000000e-01,-1.5708600000000000e-01,1.6124300000000000e-01,2.3472599999999999e-01,-2.8415899999999999e-01,-1.4733000000000000e-02,-1.4856069999999999e+00,1.3611100000000000e+00,-1.5178600000000000e-01,-5.3503800000000001e-01,-1.4124840000000001e+00,-1.1482859999999999e+00,-3.3372000000000002e-01,-7.8156400000000004e-01
1.9355100000000000e-01,-1.0894500000000000e-01,1.0092200000000000e+00,7.1840000000000003e-03,-7.6796000000000003e-02,-8.7937000000000001e-02,9.9313499999999999e-01,3.0753200000000003e-01,1.2335300000000000e-01,2.5018600000000002e-01,1.9799900000000001e-01,-3.2633899999999999e-01,-4.0861799999999998e-01,-1.5188699999999999e-01,1.5790000000000001e-01,2.4255499999999999e-01,-2.9142099999999999e-01,-1.5431000000000000e-02,-1.4856659999999999e+00,1.3516870000000001e+00,-1.5437400000000001e-01,-5.3993400000000003e-01,-1.4056470000000001e+00,-1.1625680000000000e+00,-3.2721800000000001e-01,-8.0594900000000003e-01
1.9089800000000001e-01,-1.1345500000000000e-01,1.0093580000000000e+00,8.8629999999999994e-03,-7.5409000000000004e-02,-8.3666000000000004e-02,9.9359699999999995e-01,2.9845400000000000e-01,1.2242200000000000e-01,2.3883799999999999e-01,2.0608699999999999e-01,-3.2338899999999998e-01,-4.1028599999999998e-01,-1.4708800000000000e-01,1.5198500000000001e-01,2.5098700000000002e-01,-3.0082300000000001e-01,-1.5514000000000000e-02,-1.4856879999999999e+00,1.3446119999999999e+00,-1.5279499999999999e-01,-5.4823800000000000e-01,-1.4045380000000001e+00,-1.1628540000000001e+00,-3.0227900000000002e-01,-9.0112800000000004e-01
1.8840100000000001e-01,-1.1779600000000000e-01,1.0093070000000000e+00,1.0133000000000000e-02,-7.4468000000000006e-02,-7.9781000000000005e-02,9.9397500000000005e-01,2.9108000000000001e-01,1.2287400000000000e-01,2.3069200000000001e-01,2.0975800000000000e-01,-3.2155600000000001e-01,-4.1248400000000002e-01,-1.4238700000000001e-01,1.5046399999999999e-01,2.5307000000000002e-01,-3.0955500000000002e-01,-1.4086000000000000e-02,-1.4857030000000000e+00,1.3361170000000000e+00,-1.4914200000000000e-01,-5.5834300000000003e-01,-1.4024350000000001e+00,-1.1579500000000000e+00,-2.7748899999999999e-01,-9.9692499999999995e-01
1.8628700000000001e-01,-1.2192200000000000e-01,1.0091730000000001e+00,1.0966999999999999e-02,-7.4310000000000001e-02,-7.6405000000000001e-02,9.9424299999999999e-01,2.8540900000000002e-01,1.2474900000000000e-01,2.2745099999999999e-01,2.0758499999999999e-01,-3.1900200000000001e-01,-4.1405700000000001e-01,-1.3825200000000001e-01,1.5473600000000001e-01,2.4854000000000001e-01,-3.1607900000000000e-01,-1.1275000000000000e-02,-1.4857140000000000e+00,1.3267650000000000e+00,-1.4633599999999999e-01,-5.7071400000000005e-01,-1.3887210000000001e+00,-1.1560999999999999e+00,-2.6688499999999998e-01,-1.0223730000000000e+00
1.8448200000000001e-01,-1.2564300000000000e-01,1.0090589999999999e+00,1.1813000000000001e-02,-7.4848999999999999e-02,-7.4438000000000004e-02,9.9434299999999998e-01,2.8163199999999999e-01,1.2657800000000000e-01,2.2742899999999999e-01,2.0374500000000001e-01,-3.1583299999999997e-01,-4.1450399999999998e-01,-1.3552200000000000e-01,1.5908600000000001e-01,2.4567300000000000e-01,-3.2118099999999999e-01,-8.7360000000000007e-03,-1.4857210000000001e+00,1.3204499999999999e+00,-1.4381300000000000e-01,-5.8487999999999996e-01,-1.3625590000000001e+00,-1.1520699999999999e+00,-2.6562000000000002e-01,-9.6758999999999995e-01
1.8279699999999999e-01,-1.2884799999999999e-01,1.0090980000000001e+00,1.2467000000000001e-02,-7.5170000000000001e-02,-7.2491000000000000e-02,9.9445399999999995e-01,2.7827700000000000e-01,1.2815299999999999e-01,2.2533400000000001e-01,2.0304200000000000e-01,-3.1155500000000003e-01,-4.1465000000000002e-01,-1.3284099999999999e-01,1.6045999999999999e-01,2.4729100000000001e-01,-3.2484299999999999e-01,-6.9550000000000002e-03,-1.4857270000000000e+00,1.3153109999999999e+00,-1.3846300000000000e-01,-6.0073399999999999e-01,-1.3441840000000000e+00,-1.1482479999999999e+00,-2.7659699999999998e-01,-8.9264399999999999e-01
1.8106700000000001e-01,-1.3152600000000000e-01,1.0091909999999999e+00,1.2925000000000001e-02,-7.5280000000000000e-02,-7.0047999999999999e-02,9.9461500000000003e-01,2.7440500000000001e-01,1.2938200000000000e-01,2.2014300000000001e-01,2.0698600000000000e-01,-3.0768200000000001e-01,-4.1479300000000002e-01,-1.2992500000000001e-01,1.5959799999999999e-01,2.5191700000000000e-01,-3.2876300000000003e-01,-5.1370000000000001e-03,-1.4857320000000001e+00,1.3099840000000000e+00,-1.2837999999999999e-01,-6.1699199999999998e-01,-1.3358630000000000e+00,-1.1482509999999999e+00,-2.8338700000000000e-01,-8.6153599999999997e-01
1.7925700000000000e-01,-1.3379199999999999e-01,1.0093760000000001e+00,1.3906999999999999e-02,-7.4923000000000003e-02,-6.7529000000000006e-02,9.9480299999999999e-01,2.7078799999999997e-01,1.2893499999999999e-01,2.1328400000000000e-01,2.1230599999999999e-01,-3.0422500000000002e-01,-4.1491200000000000e-01,-1.2768699999999999e-01,1.5672800000000001e-01,2.5668999999999997e-01,-3.3238400000000001e-01,-3.1960000000000001e-03,-1.4857340000000001e+00,1.3041870000000000e+00,-1.1195600000000000e-01,-6.3635500000000000e-01,-1.3439310000000000e+00,-1.1515370000000000e+00,-2.6497599999999999e-01,-8.8027100000000003e-01
1.7752799999999999e-01,-1.3566600000000001e-01,1.0096630000000000e+00,1.5258000000000001e-02,-7.3851000000000000e-02,-6.5039000000000000e-02,9.9502900000000005e-01,2.6740100000000000e-01,1.2698000000000001e-01,2.0668900000000001e-01,2.1487000000000001e-01,-3.0038199999999998e-01,-4.1503000000000001e-01,-1.2590100000000001e-01,1.5292200000000000e-01,2.5956200000000001e-01,-3.3517500000000000e-01,-9.7099999999999997e-04,-1.4857330000000000e+00,1.2866640000000000e+00,-1.1540200000000000e-01,-6.6564999999999996e-01,-1.3677459999999999e+00,-1.1452020000000001e+00,-2.2145599999999999e-01,-9.4176300000000002e-01
1.7592600000000000e-01,-1.3714299999999999e-01,1.0098929999999999e+00,1.6421999999999999e-02,-7.3310000000000000e-02,-6.3288999999999998e-02,9.9516400000000005e-01,2.6507900000000001e-01,1.2522800000000001e-01,2.0338500000000001e-01,2.1402800000000000e-01,-2.9716900000000002e-01,-4.1510399999999997e-01,-1.2488100000000001e-01,1.5019700000000000e-01,2.6149400000000000e-01,-3.3743899999999999e-01,7.6800000000000002e-04,-1.4857370000000001e+00,1.2936710000000000e+00,-8.8973999999999998e-02,-6.9330899999999995e-01,-1.3949330000000000e+00,-1.1378070000000000e+00,-1.7309300000000000e-01,-9.9869600000000003e-01
1.7459000000000000e-01,-1.3834600000000000e-01,1.0100670000000000e+00,1.7517999999999999e-02,-7.2978000000000001e-02,-6.2453000000000002e-02,9.9522200000000005e-01,2.6440799999999998e-01,1.2372900000000001e-01,2.0261100000000001e-01,2.1054500000000001e-01,-2.9459800000000003e-01,-4.1510799999999998e-01,-1.2444800000000000e-01,1.4780299999999999e-01,2.6310699999999998e-01,-3.3931699999999998e-01,1.3580000000000000e-03,-1.4857400000000001e+00,1.3052969999999999e+00,-2.2432000000000001e-02,-7.1845700000000001e-01,-1.4263600000000001e+00,-1.1327229999999999e+00,-1.7576400000000000e-01,-9.8360099999999995e-01
1.7365200000000000e-01,-1.3926600000000000e-01,1.0102350000000000e+00,1.8065999999999999e-02,-7.1938000000000002e-02,-6.2689999999999996e-02,9.9527299999999996e-01,2.6548800000000000e-01,1.2309400000000000e-01,2.0158400000000001e-01,2.0617800000000000e-01,-2.9131899999999999e-01,-4.1504400000000002e-01,-1.2307200000000000e-01,1.4456300000000000e-01,2.6480300000000001e-01,-3.4107500000000002e-01,1.1400000000000001e-04,-1.4857400000000001e+00,1.3007200000000001e+00,3.3383999999999997e-02,-7.6195500000000005e-01,-1.4431980000000000e+00,-1.1207959999999999e+00,-2.0583099999999999e-01,-9.1151000000000004e-01
1.7288400000000001e-01,-1.3988700000000001e-01,1.0103050000000000e+00,1.7631000000000001e-02,-7.1280999999999997e-02,-6.3190999999999997e-02,9.9529599999999996e-01,2.6734900000000000e-01,1.2451300000000000e-01,2.0090700000000000e-01,2.0231800000000000e-01,-2.8787800000000002e-01,-4.1496499999999997e-01,-1.2060700000000001e-01,1.4200199999999999e-01,2.6788800000000001e-01,-3.4304600000000002e-01,-2.7070000000000002e-03,-1.4857410000000000e+00,1.2847900000000001e+00,9.5785999999999996e-02,-8.1695899999999999e-01,-1.4469559999999999e+00,-1.1163149999999999e+00,-2.3811099999999999e-01,-8.2707299999999995e-01
1.7221200000000000e-01,-1.4026300000000000e-01,1.0103050000000000e+00,1.6678999999999999e-02,-7.0563000000000001e-02,-6.3423999999999994e-02,9.9534900000000004e-01,2.6856000000000002e-01,1.2670300000000001e-01,1.9835200000000000e-01,2.0204800000000001e-01,-2.8592400000000001e-01,-4.1484100000000002e-01,-1.1723100000000000e-01,1.3878299999999999e-01,2.7260699999999999e-01,-3.4529700000000002e-01,-6.1440000000000002e-03,-1.4857419999999999e+00,1.2631150000000000e+00,1.6409899999999999e-01,-8.8375800000000004e-01,-1.4540260000000000e+00,-1.1333480000000000e+00,-2.4012000000000000e-01,-7.7376299999999998e-01
1.7163000000000000e-01,-1.4050499999999999e-01,1.0102930000000001e+00,1.5949000000000001e-02,-6.9837999999999997e-02,-6.3282000000000005e-02,9.9542100000000000e-01,2.6893499999999998e-01,1.2831200000000001e-01,1.9484399999999999e-01,2.0424000000000000e-01,-2.8530400000000000e-01,-4.1472500000000001e-01,-1.1425600000000000e-01,1.3529700000000000e-01,2.7725499999999997e-01,-3.4717500000000001e-01,-9.2589999999999999e-03,-1.4857450000000001e+00,1.2609310000000000e+00,2.1434500000000001e-01,-9.3629600000000002e-01,-1.4643330000000001e+00,-1.1485980000000000e+00,-2.2100700000000001e-01,-7.7237999999999996e-01
1.7117499999999999e-01,-1.4061000000000001e-01,1.0102780000000000e+00,1.5363999999999999e-02,-6.9412000000000001e-02,-6.3694000000000001e-02,9.9543400000000004e-01,2.6978300000000000e-01,1.2963700000000000e-01,1.9333100000000000e-01,2.0461599999999999e-01,-2.8434999999999999e-01,-4.1454999999999997e-01,-1.1213700000000000e-01,1.3296700000000000e-01,2.7986200000000000e-01,-3.4822999999999998e-01,-1.1915000000000000e-02,-1.4857450000000001e+00,1.2433310000000000e+00,2.4848899999999999e-01,-9.7954399999999997e-01,-1.4739420000000001e+00,-1.1482129999999999e+00,-2.0728500000000000e-01,-8.2053200000000004e-01
1.7087300000000000e-01,-1.4057300000000000e-01,1.0101810000000000e+00,1.4857000000000000e-02,-7.0083999999999994e-02,-6.5185000000000007e-02,9.9529800000000002e-01,2.7202599999999999e-01,1.3119800000000001e-01,1.9690199999999999e-01,2.0062099999999999e-01,-2.8329599999999999e-01,-4.1441899999999998e-01,-1.1176700000000001e-01,1.3344700000000001e-01,2.7981299999999998e-01,-3.4821900000000000e-01,-1.4147000000000000e-02,-1.4857419999999999e+00,1.2067030000000001e+00,2.6983200000000002e-01,-1.0189729999999999e+00,-1.4813090000000000e+00,-1.1275250000000001e+00,-1.9521800000000000e-01,-8.9525699999999997e-01
1.7076400000000000e-01,-1.4056500000000000e-01,1.0099400000000001e+00,1.4310000000000000e-02,-7.1551000000000003e-02,-6.7327999999999999e-02,9.9505900000000003e-01,2.7543699999999999e-01,1.3358800000000001e-01,2.0309300000000000e-01,1.9569800000000001e-01,-2.8355200000000003e-01,-4.1427900000000001e-01,-1.1222100000000000e-01,1.3619800000000001e-01,2.7843099999999998e-01,-3.4789599999999998e-01,-1.6125000000000000e-02,-1.4857380000000000e+00,1.1913609999999999e+00,2.7327800000000002e-01,-1.0492750000000000e+00,-1.4845919999999999e+00,-1.1053290000000000e+00,-1.8096799999999999e-01,-9.5573300000000005e-01
1.7076700000000000e-01,-1.4051600000000000e-01,1.0095550000000000e+00,1.3639999999999999e-02,-7.3053999999999994e-02,-6.9623000000000004e-02,9.9480100000000005e-01,2.7880300000000002e-01,1.3623800000000000e-01,2.0837000000000000e-01,1.9334599999999999e-01,-2.8555900000000001e-01,-4.1371999999999998e-01,-1.1244100000000000e-01,1.3772799999999999e-01,2.8030200000000000e-01,-3.4880299999999997e-01,-1.8640000000000000e-02,-1.4857340000000001e+00,1.1857200000000001e+00,2.6592100000000002e-01,-1.0664800000000001e+00,-1.4851280000000000e+00,-1.0885499999999999e+00,-1.8958000000000000e-01,-9.4884900000000005e-01
1.7082000000000000e-01,-1.4029400000000000e-01,1.0090110000000001e+00,1.2340000000000000e-02,-7.5082999999999997e-02,-7.1804000000000007e-02,9.9451199999999995e-01,2.8132800000000002e-01,1.4005300000000001e-01,2.1297800000000000e-01,1.9437499999999999e-01,-2.8877300000000000e-01,-4.1263300000000003e-01,-1.1219200000000000e-01,1.3977300000000001e-01,2.8498600000000002e-01,-3.5103099999999998e-01,-2.1957999999999998e-02,-1.4857320000000001e+00,1.1876690000000001e+00,2.5928099999999998e-01,-1.0698019999999999e+00,-1.4844999999999999e+00,-1.0843540000000000e+00,-2.1452499999999999e-01,-8.7423300000000004e-01
1.7071200000000000e-01,-1.3983599999999999e-01,1.0085470000000001e+00,1.0905000000000000e-02,-7.7008999999999994e-02,-7.3664999999999994e-02,9.9424599999999996e-01,2.8326499999999999e-01,1.4366799999999999e-01,2.1547300000000000e-01,1.9842199999999999e-01,-2.9137099999999999e-01,-4.1152400000000000e-01,-1.1182499999999999e-01,1.4194499999999999e-01,2.8907899999999997e-01,-3.5285699999999998e-01,-2.5395000000000001e-02,-1.4857330000000000e+00,1.1949399999999999e+00,2.5459599999999999e-01,-1.0601380000000000e+00,-1.4800530000000001e+00,-1.0941850000000000e+00,-2.3017899999999999e-01,-7.9647100000000004e-01
1.7008100000000001e-01,-1.3916500000000001e-01,1.0084080000000000e+00,9.7380000000000001e-03,-7.8119999999999995e-02,-7.5902999999999998e-02,9.9400299999999997e-01,2.8606599999999999e-01,1.4606100000000000e-01,2.1458800000000000e-01,2.0436799999999999e-01,-2.9201700000000003e-01,-4.0992800000000001e-01,-1.1085800000000000e-01,1.4202699999999999e-01,2.9177199999999998e-01,-3.5303800000000002e-01,-2.8944000000000001e-02,-1.4857359999999999e+00,1.2212810000000001e+00,2.4509700000000001e-01,-1.0547240000000000e+00,-1.4691820000000000e+00,-1.1179330000000001e+00,-2.2380400000000000e-01,-7.6461000000000001e-01
1.6888000000000000e-01,-1.3839199999999999e-01,1.0086649999999999e+00,8.9610000000000002e-03,-7.7396000000000006e-02,-7.8672000000000006e-02,9.9385100000000004e-01,2.9101399999999999e-01,1.4697800000000000e-01,2.0984400000000000e-01,2.0920700000000000e-01,-2.9173300000000002e-01,-4.0729799999999999e-01,-1.0818500000000000e-01,1.3818000000000000e-01,2.9311999999999999e-01,-3.5167100000000001e-01,-3.2606000000000003e-02,-1.4857340000000001e+00,1.2185770000000000e+00,2.2664500000000001e-01,-1.0627000000000000e+00,-1.4514680000000000e+00,-1.1138680000000001e+00,-2.1437999999999999e-01,-8.0437400000000003e-01
1.6715400000000000e-01,-1.3747999999999999e-01,1.0092040000000000e+00,8.4969999999999993e-03,-7.4888999999999997e-02,-8.1513000000000002e-02,9.9381799999999998e-01,2.9595100000000002e-01,1.4599500000000001e-01,2.0305400000000001e-01,2.1045500000000000e-01,-2.9199399999999998e-01,-4.0492600000000001e-01,-1.0419100000000001e-01,1.2940499999999999e-01,2.9529100000000003e-01,-3.4967599999999999e-01,-3.5577999999999999e-02,-1.4857300000000000e+00,1.2276849999999999e+00,2.1359000000000000e-01,-1.0771720000000000e+00,-1.4355059999999999e+00,-1.0967490000000000e+00,-2.2083500000000000e-01,-8.9380400000000004e-01
1.6503999999999999e-01,-1.3661499999999999e-01,1.0098780000000001e+00,8.5100000000000002e-03,-7.1839000000000000e-02,-8.4048999999999999e-02,9.9383200000000005e-01,3.0057000000000000e-01,1.4383599999999999e-01,1.9597999999999999e-01,2.0952399999999999e-01,-2.9230299999999998e-01,-4.0270299999999998e-01,-1.0001400000000001e-01,1.1876399999999999e-01,2.9758600000000002e-01,-3.4748499999999999e-01,-3.7477000000000003e-02,-1.4856879999999999e+00,1.2268900000000000e+00,2.0775199999999999e-01,-1.0975120000000000e+00,-1.4201809999999999e+00,-1.0696779999999999e+00,-2.3233599999999999e-01,-9.7433300000000000e-01
1.6281899999999999e-01,-1.3575999999999999e-01,1.0106100000000000e+00,8.8269999999999998e-03,-6.9221000000000005e-02,-8.6010000000000003e-02,9.9384700000000004e-01,3.0514200000000002e-01,1.4140400000000000e-01,1.8985700000000000e-01,2.0761199999999999e-01,-2.9117599999999999e-01,-4.0137800000000001e-01,-9.6864000000000006e-02,1.1019100000000000e-01,2.9707800000000001e-01,-3.4437400000000001e-01,-3.8610999999999999e-02,-1.4849239999999999e+00,1.2150360000000000e+00,2.1486000000000000e-01,-1.1116590000000000e+00,-1.3927419999999999e+00,-1.0369470000000001e+00,-2.7217599999999997e-01,-9.8714000000000002e-01
1.6065900000000000e-01,-1.3469800000000001e-01,1.0112749999999999e+00,9.0010000000000003e-03,-6.7063999999999999e-02,-8.7859000000000007e-02,9.9383200000000005e-01,3.0980799999999997e-01,1.3908000000000001e-01,1.8386600000000000e-01,2.0681700000000000e-01,-2.8974100000000003e-01,-3.9945700000000001e-01,-9.4365000000000004e-02,1.0288400000000000e-01,2.9679499999999998e-01,-3.4138200000000002e-01,-4.0514000000000001e-02,-1.4670529999999999e+00,1.1971330000000000e+00,2.5807799999999997e-01,-1.1126160000000000e+00,-1.3372040000000001e+00,-1.0038910000000001e+00,-3.4004200000000001e-01,-9.3905099999999997e-01
1.5866600000000000e-01,-1.3337900000000000e-01,1.0117890000000000e+00,8.0630000000000007e-03,-6.5034999999999996e-02,-8.8161000000000003e-02,9.9394800000000005e-01,3.1231300000000001e-01,1.3864899999999999e-01,1.7633399999999999e-01,2.0859800000000001e-01,-2.8904200000000002e-01,-3.9830199999999999e-01,-9.0480000000000005e-02,9.6798999999999996e-02,2.9782799999999998e-01,-3.3900700000000000e-01,-4.1869999999999997e-02,-1.3646339999999999e+00,1.1611030000000000e+00,3.5269000000000000e-01,-1.1041690000000000e+00,-1.2410399999999999e+00,-9.7973299999999997e-01,-4.0082899999999999e-01,-8.7365400000000004e-01
1.5669300000000000e-01,-1.3188600000000000e-01,1.0121260000000001e+00,6.7770000000000000e-03,-6.4407000000000006e-02,-8.6683999999999997e-02,9.9412900000000004e-01,3.1111800000000001e-01,1.3911799999999999e-01,1.7010300000000000e-01,2.1301999999999999e-01,-2.8909299999999999e-01,-3.9948299999999998e-01,-8.7712999999999999e-02,9.3789999999999998e-02,2.9863800000000001e-01,-3.3671299999999998e-01,-4.1068000000000000e-02,-1.2113879999999999e+00,1.1021780000000001e+00,4.6475100000000003e-01,-1.0817800000000000e+00,-1.1097150000000000e+00,-9.5974599999999999e-01,-4.3739899999999998e-01,-8.1919299999999995e-01
1.5464900000000001e-01,-1.3028200000000001e-01,1.0124260000000000e+00,6.4359999999999999e-03,-6.4454999999999998e-02,-8.5151000000000004e-02,9.9426000000000003e-01,3.0850800000000000e-01,1.3762099999999999e-01,1.6520799999999999e-01,2.1891900000000000e-01,-2.8980099999999998e-01,-4.0120200000000000e-01,-8.7557999999999997e-02,9.0748999999999996e-02,2.9954799999999998e-01,-3.3432600000000001e-01,-3.8607000000000002e-02,-1.0222389999999999e+00,1.0236510000000001e+00,5.6386300000000000e-01,-1.0506100000000000e+00,-9.5687599999999995e-01,-9.2844400000000005e-01,-4.4676500000000002e-01,-7.7919700000000003e-01
1.5245500000000001e-01,-1.2857900000000000e-01,1.0128379999999999e+00,6.5870000000000000e-03,-6.3780000000000003e-02,-8.3877999999999994e-02,9.9441100000000004e-01,3.0628899999999998e-01,1.3456099999999999e-01,1.5976000000000001e-01,2.2339600000000001e-01,-2.9045100000000001e-01,-4.0284500000000001e-01,-8.7707999999999994e-02,8.5265999999999995e-02,3.0093799999999998e-01,-3.3171000000000000e-01,-3.4743999999999997e-02,-8.0403700000000000e-01,9.4337800000000005e-01,6.3262499999999999e-01,-1.0120389999999999e+00,-7.8818600000000005e-01,-8.8675199999999998e-01,-4.3447400000000003e-01,-7.5329900000000005e-01
1.4998500000000001e-01,-1.2690699999999999e-01,1.0134550000000000e+00,7.0959999999999999e-03,-6.1606000000000001e-02,-8.2585000000000006e-02,9.9465300000000001e-01,3.0439699999999997e-01,1.3004900000000000e-01,1.5161400000000000e-01,2.2646700000000000e-01,-2.9096899999999998e-01,-4.0463500000000002e-01,-8.6777000000000007e-02,7.6062000000000005e-02,3.0296400000000001e-01,-3.2896999999999998e-01,-2.9975000000000002e-02,-5.9868500000000002e-01,8.3526000000000000e-01,6.5332400000000002e-01,-9.6946600000000005e-01,-6.1364500000000000e-01,-8.3625899999999997e-01,-3.9678500000000000e-01,-7.2892100000000004e-01
1.4733299999999999e-01,-1.2536800000000001e-01,1.0143640000000000e+00,7.6730000000000001e-03,-5.6610000000000001e-02,-8.1122000000000000e-02,9.9506600000000001e-01,3.0250600000000000e-01,1.2432000000000000e-01,1.3688100000000000e-01,2.3023800000000000e-01,-2.9097800000000001e-01,-4.0649000000000002e-01,-8.2822999999999994e-02,6.1839999999999999e-02,3.0480000000000002e-01,-3.2603300000000002e-01,-2.4808000000000000e-02,-4.1388399999999997e-01,7.2529399999999999e-01,6.2075899999999995e-01,-9.1688599999999998e-01,-4.4671699999999998e-01,-7.7842800000000001e-01,-3.3346599999999998e-01,-7.0724600000000004e-01
1.4452899999999999e-01,-1.2385400000000001e-01,1.0154620000000001e+00,7.5259999999999997e-03,-4.9990000000000000e-02,-7.8296000000000004e-02,9.9564799999999998e-01,2.9851299999999997e-01,1.1919100000000001e-01,1.1717700000000000e-01,2.3505000000000001e-01,-2.9039100000000001e-01,-4.0916100000000000e-01,-7.5786999999999993e-02,4.6419000000000002e-02,3.0516599999999999e-01,-3.2250499999999999e-01,-1.8591000000000000e-02,-2.5946500000000000e-01,6.2285299999999999e-01,5.4756800000000005e-01,-8.4952700000000003e-01,-2.9226900000000000e-01,-7.1220700000000003e-01,-2.5551299999999999e-01,-6.7326200000000003e-01
1.4173700000000000e-01,-1.2223100000000001e-01,1.0166569999999999e+00,7.0020000000000004e-03,-4.2950000000000002e-02,-7.4163999999999994e-02,9.9629599999999996e-01,2.9263499999999998e-01,1.1429300000000001e-01,9.6313999999999997e-02,2.3890800000000001e-01,-2.8874699999999998e-01,-4.1213400000000000e-01,-6.7932000000000006e-02,3.2196000000000002e-02,3.0345800000000001e-01,-3.1834299999999999e-01,-1.1240999999999999e-02,-1.3671000000000000e-01,5.4132700000000000e-01,4.5063900000000001e-01,-7.6657299999999995e-01,-1.5486900000000001e-01,-6.3983999999999996e-01,-1.7513000000000001e-01,-6.2005999999999994e-01
1.3914599999999999e-01,-1.2046100000000000e-01,1.0179229999999999e+00,7.0450000000000000e-03,-3.5984000000000002e-02,-7.0296999999999998e-02,9.9685199999999996e-01,2.8805199999999997e-01,1.0817599999999999e-01,7.7671000000000004e-02,2.3897599999999999e-01,-2.8520899999999999e-01,-4.1401100000000002e-01,-6.1587999999999997e-02,1.8808999999999999e-02,3.0006200000000000e-01,-3.1366300000000003e-01,-3.7480000000000000e-03,-3.6617999999999998e-02,4.7879800000000000e-01,3.4426099999999998e-01,-6.7623400000000000e-01,-4.5765000000000000e-02,-5.6841500000000000e-01,-8.9929999999999996e-02,-5.4117499999999996e-01
1.3692399999999999e-01,-1.1852200000000000e-01,1.0191820000000000e+00,7.3460000000000001e-03,-2.9385999999999999e-02,-6.7645999999999998e-02,9.9724999999999997e-01,2.8595700000000002e-01,1.0181600000000000e-01,6.1489000000000002e-02,2.3729200000000000e-01,-2.8123399999999998e-01,-4.1483500000000001e-01,-5.6512000000000000e-02,6.9920000000000000e-03,2.9470499999999999e-01,-3.0831599999999998e-01,3.4670000000000000e-03,4.6933000000000002e-02,4.2801200000000000e-01,2.4341599999999999e-01,-5.7864199999999999e-01,3.7954000000000002e-02,-5.0091699999999995e-01,-1.0101000000000001e-02,-4.4438299999999997e-01
1.3505700000000001e-01,-1.1634100000000000e-01,1.0204040000000001e+00,7.8790000000000006e-03,-2.2919999999999999e-02,-6.5892999999999993e-02,9.9753199999999997e-01,2.8551300000000002e-01,9.4950999999999994e-02,4.6752000000000002e-02,2.3495199999999999e-01,-2.7742699999999998e-01,-4.1522599999999998e-01,-5.2477000000000003e-02,-4.6119999999999998e-03,2.8877000000000003e-01,-3.0253900000000000e-01,1.0688000000000000e-02,1.1594400000000001e-01,3.8501800000000003e-01,1.5056000000000000e-01,-4.8464299999999999e-01,1.0287000000000000e-01,-4.3980500000000000e-01,5.0810000000000001e-02,-3.3706700000000001e-01
1.3350400000000001e-01,-1.1387200000000000e-01,1.0215540000000001e+00,8.5299999999999994e-03,-1.6244999999999999e-02,-6.4198000000000005e-02,9.9776900000000002e-01,2.8480800000000001e-01,8.7391999999999997e-02,3.1616999999999999e-02,2.3353099999999999e-01,-2.7436100000000002e-01,-4.1543200000000002e-01,-4.9042000000000002e-02,-1.7076000000000001e-02,2.8387299999999999e-01,-2.9709099999999999e-01,1.7721000000000001e-02,1.7557100000000000e-01,3.4618900000000002e-01,7.6590000000000005e-02,-4.0359899999999999e-01,1.5448899999999999e-01,-3.8178000000000001e-01,9.2105999999999993e-02,-2.2646400000000000e-01
1.3220599999999999e-01,-1.1110299999999999e-01,1.0226120000000001e+00,9.2680000000000002e-03,-9.2510000000000005e-03,-6.1806000000000000e-02,9.9800199999999994e-01,2.8250199999999998e-01,7.9078999999999997e-02,1.5056999999999999e-02,2.3408000000000001e-01,-2.7238800000000002e-01,-4.1554999999999997e-01,-4.6016000000000001e-02,-3.0922000000000002e-02,2.8086200000000000e-01,-2.9232200000000003e-01,2.4968000000000001e-02,2.2916200000000000e-01,2.8490300000000002e-01,2.9797000000000001e-02,-3.3385500000000001e-01,2.0257600000000001e-01,-3.2495800000000002e-01,1.2458900000000001e-01,-1.2910900000000000e-01
1.3121400000000000e-01,-1.0808700000000000e-01,1.0235799999999999e+00,1.0021000000000000e-02,-2.0799999999999998e-03,-5.8685000000000001e-02,9.9822400000000000e-01,2.7881000000000000e-01,7.0460999999999996e-02,-1.7329999999999999e-03,2.3491600000000001e-01,-2.7095100000000000e-01,-4.1563499999999998e-01,-4.3358000000000001e-02,-4.4701999999999999e-02,2.7795599999999998e-01,-2.8796200000000000e-01,3.3346000000000001e-02,2.7397100000000002e-01,2.2837700000000000e-01,-1.0277000000000000e-02,-2.7669500000000002e-01,2.5853500000000001e-01,-2.7096199999999998e-01,1.3237699999999999e-01,-6.0248000000000003e-02
1.3055400000000000e-01,-1.0477200000000000e-01,1.0244480000000000e+00,9.9760000000000005e-03,4.9119999999999997e-03,-5.5252000000000002e-02,9.9841100000000005e-01,2.7458100000000002e-01,6.3300999999999996e-02,-1.7635000000000001e-02,2.3483000000000001e-01,-2.6962100000000000e-01,-4.1501100000000002e-01,-4.0111000000000001e-02,-5.6278000000000002e-02,2.7407100000000001e-01,-2.8360999999999997e-01,4.3923999999999998e-02,3.1228000000000000e-01,1.8434400000000001e-01,-4.7320000000000001e-02,-2.3671000000000000e-01,3.1518200000000002e-01,-2.2437699999999999e-01,1.3399000000000000e-01,-1.8242000000000001e-02
1.3012399999999999e-01,-1.0114300000000000e-01,1.0252200000000000e+00,8.9660000000000000e-03,1.1559000000000000e-02,-5.2229999999999999e-02,9.9852799999999997e-01,2.7116699999999999e-01,5.8023999999999999e-02,-3.2812000000000001e-02,2.3449600000000001e-01,-2.6843400000000001e-01,-4.1523599999999999e-01,-3.6047999999999997e-02,-6.5793000000000004e-02,2.6928299999999999e-01,-2.7889900000000001e-01,5.4658999999999999e-02,3.4079199999999998e-01,1.4020700000000000e-01,-6.9057999999999994e-02,-2.0204200000000000e-01,3.6855399999999999e-01,-1.9383200000000000e-01,1.4108200000000001e-01,3.9160000000000002e-03
1.2967100000000001e-01,-9.7209000000000004e-02,1.0259220000000000e+00,7.8919999999999997e-03,1.7923999999999999e-02,-5.0096000000000002e-02,9.9855200000000000e-01,2.6882899999999998e-01,5.2720000000000003e-02,-4.7671999999999999e-02,2.3509400000000000e-01,-2.6769300000000001e-01,-4.1556599999999999e-01,-3.2425000000000002e-02,-7.5920000000000001e-02,2.6574500000000001e-01,-2.7412500000000001e-01,6.3866000000000006e-02,3.5460999999999998e-01,1.0907500000000001e-01,-8.2622000000000001e-02,-1.7175199999999999e-01,4.0854000000000001e-01,-1.8721900000000000e-01,1.5803800000000001e-01,1.0936000000000000e-02
1.2894100000000000e-01,-9.2960000000000001e-02,1.0265949999999999e+00,7.5709999999999996e-03,2.4362999999999999e-02,-4.8745999999999998e-02,9.9848499999999996e-01,2.6693800000000001e-01,4.5437999999999999e-02,-6.2742999999999993e-02,2.3673500000000000e-01,-2.6742800000000000e-01,-4.1564000000000001e-01,-3.0176999999999999e-02,-8.9833999999999997e-02,2.6569799999999999e-01,-2.6957599999999998e-01,7.1384000000000003e-02,3.5271200000000003e-01,9.4735000000000000e-02,-9.5247999999999999e-02,-1.4996100000000001e-01,4.3611499999999997e-01,-1.9908899999999999e-01,1.7744299999999999e-01,4.5719999999999997e-03
1.2781600000000001e-01,-8.8480000000000003e-02,1.0272619999999999e+00,7.3959999999999998e-03,3.1185000000000001e-02,-4.8427999999999999e-02,9.9831199999999998e-01,2.6613399999999998e-01,3.7463999999999997e-02,-7.9005000000000006e-02,2.3933599999999999e-01,-2.6752799999999999e-01,-4.1564299999999998e-01,-2.7550999999999999e-02,-1.0711200000000000e-01,2.6793099999999997e-01,-2.6471200000000000e-01,7.6713000000000003e-02,3.4100500000000000e-01,1.0769700000000000e-01,-1.1525400000000000e-01,-1.3209599999999999e-01,4.3665100000000001e-01,-2.2564600000000001e-01,1.9999800000000001e-01,1.0296000000000000e-02
1.2620999999999999e-01,-8.3829000000000001e-02,1.0279220000000000e+00,6.6330000000000000e-03,3.8039000000000003e-02,-4.8749000000000001e-02,9.9806399999999995e-01,2.6623000000000002e-01,3.0494000000000000e-02,-9.6269999999999994e-02,2.4270300000000000e-01,-2.6786599999999999e-01,-4.1562800000000000e-01,-2.3424000000000000e-02,-1.2545999999999999e-01,2.7105400000000002e-01,-2.5915400000000000e-01,7.9932000000000003e-02,3.1954399999999999e-01,1.4227600000000001e-01,-1.4268900000000001e-01,-1.1375100000000000e-01,4.1691499999999998e-01,-2.5997500000000001e-01,2.2628300000000001e-01,3.1123999999999999e-02
1.2409500000000000e-01,-7.9025999999999999e-02,1.0286150000000001e+00,4.7270000000000003e-03,4.6044000000000002e-02,-4.9819000000000002e-02,9.9768500000000004e-01,2.6725800000000000e-01,2.5163999999999999e-02,-1.1712800000000000e-01,2.4689200000000000e-01,-2.6833400000000002e-01,-4.1555799999999998e-01,-1.5668000000000001e-02,-1.4661600000000000e-01,2.7522900000000000e-01,-2.5248900000000002e-01,8.0750000000000002e-02,3.0204799999999998e-01,1.9112199999999999e-01,-1.7601900000000001e-01,-1.0081800000000000e-01,3.7480500000000000e-01,-2.9473899999999997e-01,2.5232199999999999e-01,7.7451000000000006e-02
1.2138900000000000e-01,-7.4175000000000005e-02,1.0293550000000000e+00,2.6760000000000000e-03,5.5502000000000003e-02,-5.1566000000000001e-02,9.9712299999999998e-01,2.6889400000000002e-01,1.9376000000000001e-02,-1.4222499999999999e-01,2.5222400000000000e-01,-2.6872900000000000e-01,-4.1544199999999998e-01,-5.6720000000000000e-03,-1.7220099999999999e-01,2.8061399999999997e-01,-2.4460899999999999e-01,7.8645999999999994e-02,2.8825499999999998e-01,2.4073800000000001e-01,-2.0883199999999999e-01,-8.9769000000000002e-02,3.2936300000000002e-01,-3.2163599999999998e-01,2.6847399999999999e-01,1.2980200000000000e-01
1.1801100000000000e-01,-6.9402000000000005e-02,1.0301130000000001e+00,1.1640000000000001e-03,6.6489999999999994e-02,-5.4413999999999997e-02,9.9630200000000002e-01,2.7160800000000002e-01,1.1906999999999999e-02,-1.7207400000000000e-01,2.5956299999999999e-01,-2.6898499999999997e-01,-4.1520499999999999e-01,5.9030000000000003e-03,-2.0339299999999999e-01,2.8733100000000000e-01,-2.3563000000000001e-01,7.2208999999999995e-02,2.8648499999999999e-01,2.8129799999999999e-01,-2.3349100000000000e-01,-8.0489000000000005e-02,2.8294000000000002e-01,-3.3613999999999999e-01,2.6851100000000000e-01,1.8650000000000000e-01
1.1407900000000000e-01,-6.4714999999999995e-02,1.0308530000000000e+00,6.6600000000000003e-04,7.8685000000000005e-02,-5.7354000000000002e-02,9.9524800000000002e-01,2.7382299999999998e-01,1.9919999999999998e-03,-2.0489700000000000e-01,2.6733099999999999e-01,-2.6869199999999999e-01,-4.1554300000000000e-01,1.7839000000000001e-02,-2.3999899999999999e-01,2.9572500000000002e-01,-2.2524100000000000e-01,6.1891000000000002e-02,2.9098900000000000e-01,3.0190800000000001e-01,-2.3688500000000001e-01,-6.5995999999999999e-02,2.4466199999999999e-01,-3.3781899999999998e-01,2.5383499999999998e-01,2.4318100000000001e-01
1.0980700000000000e-01,-5.9952999999999999e-02,1.0314950000000001e+00,4.9899999999999999e-04,9.1732999999999995e-02,-6.0206999999999997e-02,9.9396200000000001e-01,2.7453100000000003e-01,-8.9599999999999992e-03,-2.3963699999999999e-01,2.7513199999999999e-01,-2.6809100000000002e-01,-4.1529500000000003e-01,3.0377999999999999e-02,-2.8121099999999999e-01,3.0698799999999998e-01,-2.1338299999999999e-01,5.0972000000000003e-02,3.0209599999999998e-01,3.2850499999999999e-01,-2.5139600000000001e-01,-6.4586000000000005e-02,2.1801300000000001e-01,-3.3626299999999998e-01,2.2946600000000000e-01,2.9469200000000001e-01
1.0555299999999999e-01,-5.5190000000000003e-02,1.0319380000000000e+00,4.8299999999999998e-04,1.0533900000000000e-01,-6.3005000000000005e-02,9.9243800000000004e-01,2.7386300000000002e-01,-2.0115000000000001e-02,-2.7620600000000001e-01,2.8457600000000000e-01,-2.6817700000000000e-01,-4.1456999999999999e-01,4.3360000000000003e-02,-3.2490100000000000e-01,3.1981999999999999e-01,-2.0074800000000001e-01,4.0548000000000001e-02,3.1517200000000001e-01,3.4028900000000001e-01,-2.5275500000000001e-01,-6.2086000000000002e-02,2.1026500000000001e-01,-3.3080500000000002e-01,2.0093200000000000e-01,3.3495300000000000e-01
1.0160000000000000e-01,-5.0491000000000001e-02,1.0321929999999999e+00,3.1999999999999999e-05,1.1859800000000000e-01,-6.5511000000000000e-02,9.9077899999999997e-01,2.7247700000000002e-01,-2.9891999999999998e-02,-3.1307900000000000e-01,2.9581800000000003e-01,-2.6917300000000000e-01,-4.1309099999999999e-01,5.6510999999999999e-02,-3.6639699999999997e-01,3.3104400000000000e-01,-1.8687799999999999e-01,3.1509000000000002e-02,3.2959600000000000e-01,3.4291700000000003e-01,-2.4729100000000001e-01,-6.3902000000000000e-02,2.1795900000000001e-01,-3.2545299999999999e-01,1.7577400000000001e-01,3.6042999999999997e-01
9.8254999999999995e-02,-4.5856000000000001e-02,1.0323800000000001e+00,-1.0369999999999999e-03,1.3069500000000001e-01,-6.7783999999999997e-02,9.8910200000000004e-01,2.7113199999999998e-01,-3.7818999999999998e-02,-3.4634700000000002e-01,3.0497800000000003e-01,-2.6985900000000002e-01,-4.1107700000000003e-01,6.8921999999999997e-02,-4.0269600000000000e-01,3.3910800000000002e-01,-1.7126200000000000e-01,2.4427000000000001e-02,3.4391600000000000e-01,3.3824900000000002e-01,-2.4001800000000001e-01,-6.9466000000000000e-02,2.3683399999999999e-01,-3.2181900000000002e-01,1.5731700000000001e-01,3.7744699999999998e-01
9.5824000000000006e-02,-4.1424999999999997e-02,1.0325709999999999e+00,-2.6129999999999999e-03,1.4098600000000000e-01,-7.0066000000000003e-02,9.8752600000000001e-01,2.7091500000000002e-01,-4.3840999999999998e-02,-3.7349100000000002e-01,3.1090499999999999e-01,-2.6998000000000000e-01,-4.0861999999999998e-01,7.9675999999999997e-02,-4.3261300000000003e-01,3.4489500000000001e-01,-1.5452299999999999e-01,1.8943999999999999e-02,3.5589399999999999e-01,3.2583000000000001e-01,-2.3001700000000000e-01,-7.3974999999999999e-02,2.6006499999999999e-01,-3.2142599999999999e-01,1.4738499999999999e-01,3.8995900000000000e-01
9.4518000000000005e-02,-3.7400000000000003e-02,1.0327480000000000e+00,-4.3439999999999998e-03,1.4873100000000000e-01,-7.2330000000000005e-02,9.8621899999999996e-01,2.7229799999999998e-01,-4.8210999999999997e-02,-3.9306999999999997e-01,3.1498199999999998e-01,-2.7042800000000000e-01,-4.0511200000000003e-01,8.7205000000000005e-02,-4.5727299999999999e-01,3.5366599999999998e-01,-1.3992199999999999e-01,1.4560999999999999e-02,3.6168600000000001e-01,2.9908400000000002e-01,-2.0840900000000001e-01,-6.9558999999999996e-02,2.8350999999999998e-01,-3.2348500000000002e-01,1.4647700000000000e-01,4.0807700000000002e-01
9.4357999999999997e-02,-3.3843999999999999e-02,1.0331450000000000e+00,-6.0569999999999999e-03,1.5340500000000001e-01,-7.4756000000000003e-02,9.8531299999999999e-01,2.7424700000000002e-01,-5.0823000000000000e-02,-4.0407999999999999e-01,3.1808100000000000e-01,-2.7173500000000000e-01,-3.9988099999999999e-01,9.0425000000000005e-02,-4.7812500000000002e-01,3.6961899999999998e-01,-1.2877400000000000e-01,1.1150000000000000e-02,3.6091800000000002e-01,2.8262300000000001e-01,-2.0128199999999999e-01,-6.3300999999999996e-02,3.0042300000000000e-01,-3.3004000000000000e-01,1.5564700000000001e-01,4.3471900000000002e-01
9.5353999999999994e-02,-3.1015000000000001e-02,1.0351040000000000e+00,-7.7419999999999998e-03,1.5531300000000001e-01,-7.7446000000000001e-02,9.8479399999999995e-01,2.7663500000000002e-01,-5.1623000000000002e-02,-4.0913600000000000e-01,3.2388899999999998e-01,-2.7519700000000002e-01,-3.9000699999999999e-01,8.7217000000000003e-02,-4.9968400000000002e-01,4.0064000000000000e-01,-1.2291299999999999e-01,8.5920000000000007e-03,3.5453400000000002e-01,2.7988299999999999e-01,-2.1188799999999999e-01,-5.6998000000000000e-02,3.1051699999999999e-01,-3.3986300000000003e-01,1.7558000000000001e-01,4.6845599999999998e-01
9.6967999999999999e-02,-2.9142000000000001e-02,1.0351889999999999e+00,-9.2860000000000009e-03,1.5472400000000000e-01,-7.9371999999999998e-02,9.8472000000000004e-01,2.7864400000000000e-01,-5.0201000000000003e-02,-4.1095599999999999e-01,3.3422099999999999e-01,-2.8210900000000000e-01,-3.7919100000000000e-01,8.2752000000000006e-02,-5.2362200000000003e-01,4.4626199999999999e-01,-1.2186600000000000e-01,6.2960000000000004e-03,3.4187299999999998e-01,2.6952300000000001e-01,-2.1612600000000001e-01,-4.1267999999999999e-02,3.2007300000000000e-01,-3.4694999999999998e-01,1.9834399999999999e-01,5.0333200000000000e-01
9.9168999999999993e-02,-2.8177000000000001e-02,1.0344679999999999e+00,-1.0650000000000000e-02,1.5223900000000001e-01,-8.0714999999999995e-02,9.8498500000000000e-01,2.8014299999999998e-01,-4.7109999999999999e-02,-4.0999700000000000e-01,3.4787899999999999e-01,-2.9135800000000001e-01,-3.6529600000000001e-01,7.4247999999999995e-02,-5.5160200000000004e-01,5.0676299999999996e-01,-1.1951299999999999e-01,3.8660000000000001e-03,3.2438699999999998e-01,2.5806899999999999e-01,-2.1879599999999999e-01,-2.0166000000000000e-02,3.2602500000000001e-01,-3.4969299999999998e-01,2.1915299999999999e-01,5.3677699999999995e-01
1.0190399999999999e-01,-2.8292000000000001e-02,1.0331830000000000e+00,-1.1342000000000000e-02,1.4815600000000001e-01,-8.0919000000000005e-02,9.8558299999999999e-01,2.8092499999999998e-01,-4.3487999999999999e-02,-4.0598099999999998e-01,3.6312400000000000e-01,-3.0186900000000000e-01,-3.4835800000000000e-01,6.0797999999999998e-02,-5.8123400000000003e-01,5.7775500000000002e-01,-1.1814600000000000e-01,1.3110000000000001e-03,3.0410399999999999e-01,2.4745300000000001e-01,-2.2173999999999999e-01,5.5079999999999999e-03,3.2821499999999998e-01,-3.4951100000000002e-01,2.3673900000000000e-01,5.6205300000000002e-01
1.0508500000000000e-01,-2.9574000000000000e-02,1.0317570000000000e+00,-1.1780000000000001e-02,1.4260700000000001e-01,-7.9699999999999993e-02,9.8649500000000001e-01,2.8030699999999997e-01,-3.8260000000000002e-02,-3.9646900000000002e-01,3.7418200000000001e-01,-3.1117299999999998e-01,-3.2890900000000001e-01,4.3293999999999999e-02,-6.0370800000000002e-01,6.4296900000000001e-01,-1.1595600000000000e-01,-1.2370000000000000e-03,2.8109600000000001e-01,2.3937300000000000e-01,-2.2424200000000000e-01,3.5513000000000003e-02,3.2630599999999998e-01,-3.4642400000000001e-01,2.5230200000000003e-01,5.7691999999999999e-01
1.0851000000000000e-01,-3.2155999999999997e-02,1.0304210000000000e+00,-1.1552000000000000e-02,1.3630000000000000e-01,-7.6412999999999995e-02,9.8764900000000000e-01,2.7590599999999998e-01,-3.1670999999999998e-02,-3.8553100000000001e-01,3.8594000000000001e-01,-3.2038100000000003e-01,-3.0523800000000001e-01,2.0965000000000001e-02,-6.0363500000000003e-01,6.7421500000000001e-01,-1.3672500000000001e-01,-2.8600000000000001e-03,2.5686399999999998e-01,2.3516000000000001e-01,-2.2655100000000000e-01,6.5179000000000001e-02,3.1885999999999998e-01,-3.4238700000000000e-01,2.6894600000000002e-01,5.8620899999999998e-01
1.1270700000000000e-01,-3.6014999999999998e-02,1.0320119999999999e+00,-1.1872000000000001e-02,1.2977800000000000e-01,-7.0049000000000000e-02,9.8899400000000004e-01,2.6785399999999998e-01,-2.2977999999999998e-02,-3.7053900000000001e-01,3.9017700000000000e-01,-3.2544000000000001e-01,-2.8486600000000001e-01,-2.8540000000000002e-03,-5.8206800000000003e-01,6.4595199999999997e-01,-1.7781600000000000e-01,-3.6240000000000001e-03,2.2999900000000001e-01,2.3544200000000001e-01,-2.2632600000000000e-01,9.4756000000000007e-02,3.0662099999999998e-01,-3.3496599999999999e-01,2.8905199999999998e-01,5.9360999999999997e-01
1.1685200000000000e-01,-4.0815999999999998e-02,1.0312330000000001e+00,-1.2260000000000000e-02,1.2239400000000000e-01,-6.1224000000000001e-02,9.9051599999999995e-01,2.5589899999999999e-01,-1.1871000000000000e-02,-3.4726800000000002e-01,3.8104399999999999e-01,-3.2574500000000001e-01,-2.7589500000000000e-01,-1.6784000000000000e-02,-5.3282700000000005e-01,5.6525800000000004e-01,-1.8241900000000000e-01,-2.5290000000000000e-03,2.0175599999999999e-01,2.3663699999999999e-01,-2.2416900000000001e-01,1.2807600000000000e-01,2.8820099999999998e-01,-3.2604899999999998e-01,3.1237900000000002e-01,5.9660599999999997e-01
1.2064500000000000e-01,-4.6299000000000000e-02,1.0278130000000001e+00,-1.4422000000000001e-02,1.1464600000000000e-01,-5.0541000000000003e-02,9.9201499999999998e-01,2.4313299999999999e-01,3.6200000000000000e-03,-3.1538899999999997e-01,3.5328100000000001e-01,-3.1890499999999999e-01,-2.8059200000000001e-01,-1.3906000000000000e-02,-4.6682899999999999e-01,4.8205500000000001e-01,-1.7085300000000000e-01,1.2300000000000000e-03,1.7393200000000000e-01,2.3829000000000000e-01,-2.1714900000000001e-01,1.6202900000000001e-01,2.6104600000000000e-01,-3.1215599999999999e-01,3.4120699999999998e-01,5.9689499999999995e-01
1.2396699999999999e-01,-5.3163000000000002e-02,1.0244150000000001e+00,-1.3474000000000000e-02,1.0670600000000000e-01,-4.0410000000000001e-02,9.9337799999999998e-01,2.2891300000000001e-01,1.5427000000000000e-02,-2.8952899999999998e-01,3.3876400000000001e-01,-3.1526599999999999e-01,-3.0486300000000000e-01,-8.4510000000000002e-03,-4.1181099999999998e-01,4.3248100000000000e-01,-2.0142900000000000e-01,7.3179999999999999e-03,1.4996000000000001e-01,2.3064299999999999e-01,-2.0275099999999999e-01,1.9866400000000001e-01,2.2459699999999999e-01,-3.0140899999999998e-01,3.7185800000000002e-01,5.9153800000000001e-01
1.2702700000000000e-01,-6.0346999999999998e-02,1.0245329999999999e+00,-1.4845000000000001e-02,9.9918000000000007e-02,-2.9880000000000000e-02,9.9443599999999999e-01,2.1630099999999999e-01,3.0306000000000000e-02,-2.6362200000000002e-01,3.1558500000000000e-01,-3.0593900000000002e-01,-3.3336700000000002e-01,-7.7999999999999999e-05,-3.6091000000000001e-01,3.8571200000000000e-01,-2.1268599999999999e-01,1.4614000000000000e-02,1.3114400000000001e-01,2.1904000000000001e-01,-1.7770000000000000e-01,2.3290800000000000e-01,1.7530799999999999e-01,-2.8124100000000002e-01,4.0563900000000003e-01,5.7662800000000003e-01
1.2928400000000001e-01,-6.7753999999999995e-02,1.0253969999999999e+00,-1.6872999999999999e-02,9.4254000000000004e-02,-1.9495999999999999e-02,9.9521400000000004e-01,2.0271600000000001e-01,4.6047999999999999e-02,-2.4510699999999999e-01,2.9854900000000001e-01,-2.9477599999999998e-01,-3.5651899999999997e-01,8.0400000000000003e-03,-3.1987700000000002e-01,3.5136000000000001e-01,-2.1120700000000001e-01,2.1454999999999998e-02,1.2061700000000000e-01,1.9721600000000000e-01,-1.4136399999999999e-01,2.6241100000000001e-01,1.0793100000000000e-01,-2.6231599999999999e-01,4.4675599999999999e-01,5.5588599999999999e-01
1.3072900000000001e-01,-7.5061000000000003e-02,1.0261769999999999e+00,-1.7939000000000000e-02,8.9882000000000004e-02,-9.8680000000000000e-03,9.9574200000000002e-01,1.9079900000000000e-01,5.8548999999999997e-02,-2.3522899999999999e-01,2.9068500000000003e-01,-2.8416300000000000e-01,-3.8116600000000000e-01,1.5644999999999999e-02,-2.9040100000000002e-01,3.2897700000000002e-01,-2.0987800000000001e-01,2.7983000000000001e-02,1.1338700000000000e-01,1.6889399999999999e-01,-1.0521700000000000e-01,2.8753600000000001e-01,3.0410000000000000e-02,-2.4691199999999999e-01,4.8151600000000000e-01,5.1930799999999999e-01
1.3140499999999999e-01,-8.1873000000000001e-02,1.0267109999999999e+00,-1.8683000000000002e-02,8.6981000000000003e-02,-2.0000000000000002e-05,9.9603500000000000e-01,1.7896000000000001e-01,6.8711999999999995e-02,-2.3010300000000000e-01,2.8431099999999998e-01,-2.7520000000000000e-01,-4.0122200000000002e-01,2.2480000000000000e-02,-2.7019199999999999e-01,3.1608999999999998e-01,-2.1137100000000000e-01,3.4202999999999997e-02,1.1890600000000000e-01,1.4504100000000000e-01,-8.4292000000000006e-02,2.9326099999999999e-01,-6.6134999999999999e-02,-2.3214000000000001e-01,4.8783100000000001e-01,4.8281000000000002e-01
1.3143500000000000e-01,-8.8093000000000005e-02,1.0271040000000000e+00,-1.9886999999999998e-02,8.5319999999999993e-02,9.9679999999999994e-03,9.9610500000000002e-01,1.6643500000000000e-01,7.8613000000000002e-02,-2.2869200000000001e-01,2.7874800000000000e-01,-2.6763700000000001e-01,-4.1192699999999999e-01,2.9260999999999999e-02,-2.5288200000000000e-01,3.0386900000000000e-01,-2.1392300000000000e-01,4.1840000000000002e-02,1.2197900000000000e-01,1.2566200000000000e-01,-8.7266999999999997e-02,2.8471299999999999e-01,-1.7810400000000001e-01,-2.0340600000000000e-01,4.8493500000000000e-01,4.6499699999999999e-01
1.3079900000000000e-01,-9.3507999999999994e-02,1.0274369999999999e+00,-2.1739999999999999e-02,8.5481000000000001e-02,1.8772000000000000e-02,9.9592599999999998e-01,1.5413600000000000e-01,8.8357000000000005e-02,-2.3373500000000000e-01,2.7698699999999998e-01,-2.6146000000000003e-01,-4.1492400000000002e-01,3.7137000000000003e-02,-2.3993500000000001e-01,2.9151800000000000e-01,-2.1524399999999999e-01,5.2095000000000002e-02,1.3453999999999999e-01,1.1582400000000000e-01,-9.3896999999999994e-02,2.7328500000000000e-01,-2.9447699999999999e-01,-1.7397899999999999e-01,4.6961000000000003e-01,4.6592000000000000e-01
1.2956000000000001e-01,-9.7951999999999997e-02,1.0277200000000000e+00,-2.4135000000000000e-02,8.7164000000000005e-02,2.5811000000000001e-02,9.9556699999999998e-01,1.4529500000000001e-01,9.7249000000000002e-02,-2.4442500000000000e-01,2.7818599999999999e-01,-2.5562600000000002e-01,-4.1446800000000000e-01,4.6311999999999999e-02,-2.3405000000000001e-01,2.8394999999999998e-01,-2.1582100000000001e-01,6.5478999999999996e-02,1.4628900000000000e-01,1.0894500000000000e-01,-1.0633700000000000e-01,2.6308100000000001e-01,-4.1293600000000003e-01,-1.4983299999999999e-01,4.4093900000000003e-01,4.9118600000000001e-01
1.2794100000000000e-01,-1.0128300000000000e-01,1.0279350000000000e+00,-2.6844000000000000e-02,9.0173000000000003e-02,3.2812000000000001e-02,9.9502299999999999e-01,1.3700899999999999e-01,1.0489500000000000e-01,-2.5972000000000001e-01,2.8183599999999998e-01,-2.5015799999999999e-01,-4.1506900000000002e-01,5.6315999999999998e-02,-2.3515400000000000e-01,2.8254400000000002e-01,-2.1660499999999999e-01,8.2340999999999998e-02,1.5339900000000001e-01,1.0032099999999999e-01,-1.2000800000000000e-01,2.5716499999999998e-01,-5.2644100000000005e-01,-1.3802600000000001e-01,4.1224899999999998e-01,5.4438299999999995e-01
1.2617600000000001e-01,-1.0346600000000000e-01,1.0281130000000001e+00,-3.0155999999999999e-02,9.4464000000000006e-02,3.9572000000000003e-02,9.9428399999999995e-01,1.2850200000000001e-01,1.1220600000000000e-01,-2.7772500000000000e-01,2.8582099999999999e-01,-2.4500000000000000e-01,-4.1535000000000000e-01,6.7281999999999995e-02,-2.4195000000000000e-01,2.8591499999999997e-01,-2.1733400000000000e-01,1.0217200000000000e-01,1.5383300000000000e-01,8.7932999999999997e-02,-1.2863300000000000e-01,2.5767000000000001e-01,-6.3122000000000000e-01,-1.4007100000000000e-01,3.9669300000000002e-01,6.1775999999999998e-01
1.2446500000000001e-01,-1.0457900000000001e-01,1.0283340000000001e+00,-3.4710999999999999e-02,9.9041000000000004e-02,4.5657000000000003e-02,9.9342900000000001e-01,1.2123900000000000e-01,1.2089600000000000e-01,-2.9516599999999998e-01,2.8769800000000001e-01,-2.3962800000000001e-01,-4.1546200000000000e-01,7.9836000000000004e-02,-2.4942300000000001e-01,2.8953800000000002e-01,-2.1611500000000000e-01,1.2383400000000000e-01,1.5095200000000000e-01,7.1939000000000003e-02,-1.2936200000000000e-01,2.5945000000000001e-01,-7.2245099999999995e-01,-1.4868600000000001e-01,3.9815499999999998e-01,7.0244600000000001e-01
1.2304400000000000e-01,-1.0469100000000001e-01,1.0286169999999999e+00,-4.0765999999999997e-02,1.0392400000000000e-01,5.1226000000000001e-02,9.9242799999999998e-01,1.1586600000000000e-01,1.3139300000000001e-01,-3.1274600000000002e-01,2.8863200000000000e-01,-2.3452799999999999e-01,-4.1546800000000000e-01,9.4365000000000004e-02,-2.5643300000000002e-01,2.9250700000000002e-01,-2.1208199999999999e-01,1.4589299999999999e-01,1.4444899999999999e-01,5.2186999999999997e-02,-1.2081600000000001e-01,2.6311499999999999e-01,-7.9354199999999997e-01,-1.5335199999999999e-01,4.0403699999999998e-01,7.8807199999999999e-01
1.2213700000000000e-01,-1.0388200000000000e-01,1.0289070000000000e+00,-4.7252000000000002e-02,1.0826700000000000e-01,5.5538999999999998e-02,9.9144399999999999e-01,1.1221800000000000e-01,1.4196300000000001e-01,-3.2778600000000002e-01,2.8923599999999999e-01,-2.3088700000000001e-01,-4.1543200000000002e-01,1.0835599999999999e-01,-2.6134600000000002e-01,2.9385800000000001e-01,-2.0651200000000000e-01,1.6737800000000000e-01,1.3589899999999999e-01,3.0837000000000000e-02,-1.0574100000000000e-01,2.6727800000000002e-01,-8.4224299999999996e-01,-1.5131100000000000e-01,4.0830200000000000e-01,8.6489000000000005e-01
1.2186600000000000e-01,-1.0230100000000000e-01,1.0291459999999999e+00,-5.3842000000000001e-02,1.1121700000000000e-01,5.8548000000000003e-02,9.9060800000000004e-01,1.1108200000000000e-01,1.5224799999999999e-01,-3.3881400000000000e-01,2.9015099999999999e-01,-2.2932500000000000e-01,-4.1537600000000002e-01,1.2073000000000000e-01,-2.6231100000000002e-01,2.9365200000000002e-01,-2.0049700000000001e-01,1.8713500000000000e-01,1.2685099999999999e-01,8.4849999999999995e-03,-8.4454000000000001e-02,2.7041300000000001e-01,-8.6886900000000000e-01,-1.4454200000000000e-01,4.1230699999999998e-01,9.2295400000000005e-01
1.2230500000000000e-01,-1.0002800000000001e-01,1.0293110000000001e+00,-6.0550000000000000e-02,1.1243400000000001e-01,6.0030000000000000e-02,9.8999400000000004e-01,1.1276000000000000e-01,1.6248899999999999e-01,-3.4478199999999998e-01,2.9093300000000000e-01,-2.3012199999999999e-01,-4.1529600000000000e-01,1.3138100000000000e-01,-2.5799100000000003e-01,2.9108000000000001e-01,-1.9455300000000000e-01,2.0400199999999999e-01,1.1568299999999999e-01,-1.2684000000000001e-02,-5.8666000000000003e-02,2.7192400000000000e-01,-8.7581600000000004e-01,-1.3898300000000000e-01,4.1866700000000001e-01,9.4565100000000002e-01
1.2338700000000000e-01,-9.7139000000000003e-02,1.0293950000000001e+00,-6.6762000000000002e-02,1.1156700000000000e-01,5.9518000000000001e-02,9.8972400000000005e-01,1.1670999999999999e-01,1.7189199999999999e-01,-3.4522000000000003e-01,2.9280600000000001e-01,-2.3365000000000000e-01,-4.1520000000000001e-01,1.3911899999999999e-01,-2.4933100000000000e-01,2.8803899999999999e-01,-1.8866100000000000e-01,2.1592100000000000e-01,1.0664000000000000e-01,-2.6764000000000000e-02,-3.4486999999999997e-02,2.6181199999999999e-01,-8.7056800000000001e-01,-1.4199600000000001e-01,4.4929200000000002e-01,9.2104399999999997e-01
1.2492800000000000e-01,-9.3591999999999995e-02,1.0294340000000000e+00,-7.2525999999999993e-02,1.0918899999999999e-01,5.7882000000000003e-02,9.8968000000000000e-01,1.2048399999999999e-01,1.8060599999999999e-01,-3.4170299999999998e-01,2.9628700000000002e-01,-2.3957200000000001e-01,-4.1509600000000002e-01,1.4421500000000001e-01,-2.3919899999999999e-01,2.8717700000000002e-01,-1.8218200000000001e-01,2.2255100000000000e-01,1.0005600000000001e-01,-3.4361999999999997e-02,-1.1233999999999999e-02,2.3786499999999999e-01,-8.6595699999999998e-01,-1.5894000000000000e-01,5.0689600000000001e-01,8.5673500000000002e-01
1.2675800000000001e-01,-8.9427000000000006e-02,1.0295410000000000e+00,-7.7549999999999994e-02,1.0552100000000000e-01,5.5532999999999999e-02,9.8983200000000005e-01,1.2388800000000000e-01,1.8781999999999999e-01,-3.3341900000000002e-01,2.9843500000000001e-01,-2.4617800000000001e-01,-4.1498099999999999e-01,1.4636399999999999e-01,-2.2867599999999999e-01,2.8846100000000002e-01,-1.7484400000000000e-01,2.2415099999999999e-01,9.4654000000000002e-02,-3.8302999999999997e-02,1.2833000000000001e-02,2.0399999999999999e-01,-8.7031000000000003e-01,-1.8768799999999999e-01,5.7883600000000002e-01,7.6737000000000000e-01
1.2880600000000000e-01,-8.4709999999999994e-02,1.0298419999999999e+00,-8.1494999999999998e-02,1.0049600000000000e-01,5.2067000000000002e-02,9.9022600000000005e-01,1.2810400000000000e-01,1.9262399999999999e-01,-3.1950400000000001e-01,2.9814499999999999e-01,-2.5276300000000002e-01,-4.1483100000000001e-01,1.4519599999999999e-01,-2.1882299999999999e-01,2.9300900000000002e-01,-1.6717799999999999e-01,2.2171800000000000e-01,9.0456999999999996e-02,-3.7921000000000003e-02,3.4972999999999997e-02,1.6716800000000001e-01,-8.8708500000000001e-01,-2.2482099999999999e-01,6.5810000000000002e-01,6.6401500000000002e-01
1.3114000000000001e-01,-7.9524999999999998e-02,1.0307440000000001e+00,-8.4418999999999994e-02,9.5114000000000004e-02,4.8065999999999998e-02,9.9071500000000001e-01,1.3303000000000001e-01,1.9461300000000001e-01,-3.0296000000000001e-01,2.9679800000000001e-01,-2.5909700000000002e-01,-4.1466799999999998e-01,1.4128599999999999e-01,-2.1043400000000001e-01,2.9994300000000002e-01,-1.5945799999999999e-01,2.1671899999999999e-01,8.6576000000000000e-02,-3.3470000000000000e-02,5.3215999999999999e-02,1.3017300000000001e-01,-9.1531499999999999e-01,-2.6349000000000000e-01,7.2706700000000002e-01,5.5989100000000003e-01
1.3399900000000001e-01,-7.3788999999999993e-02,1.0344620000000000e+00,-8.6543999999999996e-02,8.9451000000000003e-02,4.4040000000000003e-02,9.9124599999999996e-01,1.3783200000000001e-01,1.9369200000000000e-01,-2.8382299999999999e-01,2.9442400000000002e-01,-2.6394699999999999e-01,-4.1454099999999999e-01,1.3237900000000000e-01,-2.0112400000000000e-01,3.0818099999999998e-01,-1.5098600000000001e-01,2.1087800000000001e-01,8.4709000000000007e-02,-2.5203000000000000e-02,6.4602000000000007e-02,9.2851000000000003e-02,-9.4844499999999998e-01,-2.9895100000000002e-01,7.7070700000000003e-01,4.5850400000000002e-01
1.3678199999999999e-01,-6.8198999999999996e-02,1.0358099999999999e+00,-8.8353000000000001e-02,8.3499000000000004e-02,4.0183000000000003e-02,9.9177000000000004e-01,1.4264399999999999e-01,1.9319100000000000e-01,-2.6365300000000003e-01,2.9050799999999999e-01,-2.6948499999999997e-01,-4.1442800000000002e-01,1.2507699999999999e-01,-1.9079199999999999e-01,3.1192599999999998e-01,-1.4227600000000001e-01,2.0539199999999999e-01,8.7376999999999996e-02,-1.4888000000000000e-02,6.7211000000000007e-02,5.2477000000000003e-02,-9.8626800000000003e-01,-3.2785100000000000e-01,7.9118500000000003e-01,3.7140400000000001e-01
1.3962700000000000e-01,-6.2684000000000004e-02,1.0364340000000001e+00,-8.9799000000000004e-02,7.7346999999999999e-02,3.6348999999999999e-02,9.9228600000000000e-01,1.4787500000000001e-01,1.9241100000000000e-01,-2.4282300000000001e-01,2.8594700000000001e-01,-2.7506399999999998e-01,-4.1433799999999998e-01,1.1706500000000000e-01,-1.7892700000000000e-01,3.1251899999999999e-01,-1.3265500000000000e-01,2.0049200000000000e-01,9.5366999999999993e-02,-3.9680000000000002e-03,6.1495000000000001e-02,1.0000000000000000e-02,-1.0302970000000000e+00,-3.5368100000000002e-01,8.0678000000000005e-01,3.0462400000000001e-01
1.4254000000000000e-01,-5.7214000000000001e-02,1.0367729999999999e+00,-9.0448000000000001e-02,7.0876999999999996e-02,3.2332000000000000e-02,9.9285000000000001e-01,1.5331900000000001e-01,1.9025700000000001e-01,-2.2095500000000001e-01,2.8127000000000002e-01,-2.8066400000000002e-01,-4.1425699999999999e-01,1.0715700000000000e-01,-1.6667499999999999e-01,3.1201899999999999e-01,-1.2248199999999999e-01,1.9589500000000001e-01,1.2730100000000000e-01,4.1089999999999998e-03,5.1064999999999999e-02,-2.4598999999999999e-02,-1.0817720000000000e+00,-3.8065399999999999e-01,8.3981200000000000e-01,2.5817600000000002e-01
1.4553600000000000e-01,-5.1777999999999998e-02,1.0369400000000000e+00,-9.0430999999999997e-02,6.4046000000000006e-02,2.8173000000000000e-02,9.9344200000000005e-01,1.5862599999999999e-01,1.8690799999999999e-01,-1.9756499999999999e-01,2.7622000000000002e-01,-2.8639500000000001e-01,-4.1417900000000002e-01,9.5602999999999994e-02,-1.5469800000000000e-01,3.1196299999999999e-01,-1.1234000000000000e-01,1.9194100000000000e-01,1.3719300000000001e-01,2.9759999999999999e-03,4.1963000000000000e-02,-5.4795999999999997e-02,-1.1262770000000000e+00,-4.0236699999999997e-01,8.9304399999999995e-01,2.2629600000000000e-01
1.4857200000000001e-01,-4.6448999999999997e-02,1.0369780000000000e+00,-9.0528999999999998e-02,5.7318000000000001e-02,2.4058000000000000e-02,9.9395199999999995e-01,1.6384099999999999e-01,1.8382799999999999e-01,-1.7457600000000001e-01,2.7182699999999999e-01,-2.9231800000000002e-01,-4.1403600000000002e-01,8.4379999999999997e-02,-1.4366799999999999e-01,3.1314300000000000e-01,-1.0261000000000001e-01,1.8911900000000001e-01,1.4952699999999999e-01,-2.9340000000000000e-03,3.8192999999999998e-02,-8.5464999999999999e-02,-1.1887099999999999e+00,-4.3027199999999999e-01,9.9290299999999998e-01,1.9471200000000000e-01
1.5151100000000001e-01,-4.1488999999999998e-02,1.0369200000000001e+00,-9.0841000000000005e-02,5.1214000000000003e-02,2.0518000000000002e-02,9.9433600000000000e-01,1.6835100000000000e-01,1.8147099999999999e-01,-1.5511700000000000e-01,2.7065499999999998e-01,-2.9831099999999999e-01,-4.1390100000000002e-01,7.4477000000000002e-02,-1.3373800000000000e-01,3.1488600000000000e-01,-9.3799999999999994e-02,1.8743699999999999e-01,1.6090499999999999e-01,-1.4576000000000000e-02,3.4694000000000003e-02,-1.1052300000000000e-01,-1.2463370000000000e+00,-4.5927899999999999e-01,1.0892370000000000e+00,1.6070000000000001e-01
1.5420000000000000e-01,-3.7061999999999998e-02,1.0368170000000001e+00,-9.1371999999999995e-02,4.5768000000000003e-02,1.8405999999999999e-02,9.9459399999999998e-01,1.7104300000000000e-01,1.8001000000000000e-01,-1.3941799999999999e-01,2.7195300000000000e-01,-3.0391000000000001e-01,-4.1391499999999998e-01,6.6030000000000005e-02,-1.2454600000000000e-01,3.1694099999999997e-01,-8.5807999999999995e-02,1.8722200000000000e-01,1.7040000000000000e-01,-2.8070999999999999e-02,2.6601000000000000e-02,-1.3098699999999999e-01,-1.2743310000000001e+00,-4.8286800000000002e-01,1.1203019999999999e+00,1.3200799999999999e-01
1.5652600000000000e-01,-3.3183999999999998e-02,1.0367350000000000e+00,-9.2096999999999998e-02,4.0683999999999998e-02,1.6938999999999999e-02,9.9477400000000005e-01,1.7214199999999999e-01,1.7942400000000000e-01,-1.2599700000000000e-01,2.7431200000000000e-01,-3.0870100000000000e-01,-4.1397099999999998e-01,5.8803000000000001e-02,-1.1584999999999999e-01,3.1910100000000002e-01,-7.7453999999999995e-02,1.8742600000000001e-01,1.8020200000000000e-01,-4.0287000000000003e-02,1.2654000000000000e-02,-1.5087999999999999e-01,-1.2670930000000000e+00,-4.9350800000000000e-01,1.0794830000000000e+00,1.1679700000000000e-01
1.5847600000000001e-01,-2.9848000000000000e-02,1.0367029999999999e+00,-9.3075000000000005e-02,3.6069999999999998e-02,1.5351999999999999e-02,9.9488699999999997e-01,1.7364199999999999e-01,1.7972600000000000e-01,-1.1466100000000000e-01,2.7701999999999999e-01,-3.1278499999999998e-01,-4.1397400000000001e-01,5.3083999999999999e-02,-1.0866300000000000e-01,3.2216400000000001e-01,-6.7735000000000004e-02,1.8682599999999999e-01,1.8990799999999999e-01,-5.4307000000000001e-02,-1.7500000000000000e-03,-1.7006700000000000e-01,-1.2387940000000000e+00,-4.8068600000000000e-01,1.0116529999999999e+00,1.1767200000000000e-01
1.6006300000000001e-01,-2.6986000000000000e-02,1.0366890000000000e+00,-9.3968999999999997e-02,3.2181000000000001e-02,1.3362000000000001e-02,9.9496499999999999e-01,1.7618300000000001e-01,1.8010499999999999e-01,-1.0453200000000000e-01,2.7855000000000002e-01,-3.1643199999999999e-01,-4.1390900000000003e-01,4.8455999999999999e-02,-1.0396500000000000e-01,3.2602799999999998e-01,-5.7134999999999998e-02,1.8520500000000001e-01,1.9756899999999999e-01,-6.9380999999999998e-02,-9.7739999999999997e-03,-1.8509100000000001e-01,-1.2131179999999999e+00,-4.5761600000000002e-01,9.8498900000000000e-01,1.1897600000000000e-01
1.6119100000000000e-01,-2.4507999999999999e-02,1.0366089999999999e+00,-9.4846000000000000e-02,2.9465000000000002e-02,1.1431000000000000e-02,9.9499000000000004e-01,1.7837500000000001e-01,1.8044299999999999e-01,-9.7187999999999997e-02,2.8042200000000000e-01,-3.2045800000000002e-01,-4.1500599999999999e-01,4.5414000000000003e-02,-1.0335600000000000e-01,3.3228900000000000e-01,-4.8024999999999998e-02,1.8205499999999999e-01,2.0125199999999999e-01,-8.3400000000000002e-02,-9.3629999999999998e-03,-1.9446600000000000e-01,-1.2184200000000001e+00,-4.4784400000000002e-01,1.0409090000000001e+00,1.0844400000000000e-01
1.6169700000000001e-01,-2.2416999999999999e-02,1.0364169999999999e+00,-9.5598000000000002e-02,2.7614000000000000e-02,1.0000999999999999e-02,9.9498699999999995e-01,1.7948400000000000e-01,1.8053900000000001e-01,-9.3330999999999997e-02,2.8422500000000001e-01,-3.2515400000000000e-01,-4.1489599999999999e-01,4.3485999999999997e-02,-1.0588000000000000e-01,3.4089000000000003e-01,-4.3046000000000001e-02,1.7941699999999999e-01,1.9899700000000001e-01,-9.2128000000000002e-02,-7.0699999999999999e-03,-1.9731799999999999e-01,-1.2401439999999999e+00,-4.4806800000000002e-01,1.1315360000000001e+00,1.0403700000000000e-01
1.6148899999999999e-01,-2.0683000000000000e-02,1.0363009999999999e+00,-9.6931000000000003e-02,2.6415999999999999e-02,9.7459999999999995e-03,9.9489300000000003e-01,1.7874799999999999e-01,1.8173500000000001e-01,-9.2438999999999993e-02,2.8788300000000000e-01,-3.2876400000000000e-01,-4.1485800000000000e-01,4.3647999999999999e-02,-1.0971000000000000e-01,3.5015099999999999e-01,-3.9327000000000001e-02,1.7845200000000000e-01,1.9167600000000001e-01,-9.0658000000000002e-02,-9.4859999999999996e-03,-1.9844300000000001e-01,-1.2479670000000000e+00,-4.5056200000000002e-01,1.1645030000000001e+00,1.1087900000000001e-01
1.6069300000000000e-01,-1.9404000000000001e-02,1.0364199999999999e+00,-9.8544000000000007e-02,2.6286000000000000e-02,1.0614000000000000e-02,9.9472899999999997e-01,1.7665400000000001e-01,1.8356600000000001e-01,-9.4711000000000004e-02,2.9000300000000001e-01,-3.2992199999999999e-01,-4.1494100000000000e-01,4.5809999999999997e-02,-1.1407100000000001e-01,3.5731800000000002e-01,-3.4776000000000001e-02,1.7853300000000000e-01,1.8086800000000000e-01,-8.2067000000000001e-02,-1.5671000000000001e-02,-1.9797000000000001e-01,-1.2261979999999999e+00,-4.4588800000000001e-01,1.1113949999999999e+00,1.3079299999999999e-01
1.5966900000000001e-01,-1.8482999999999999e-02,1.0367249999999999e+00,-1.0013100000000000e-01,2.6499000000000002e-02,1.1120000000000000e-02,9.9455899999999997e-01,1.7547900000000000e-01,1.8570700000000001e-01,-9.6619999999999998e-02,2.8918400000000000e-01,-3.2936599999999999e-01,-4.1496200000000000e-01,4.8722000000000001e-02,-1.1668700000000000e-01,3.6007000000000000e-01,-2.8691000000000001e-02,1.7837200000000000e-01,1.6988700000000001e-01,-7.2598999999999997e-02,-2.0343000000000000e-02,-1.9669600000000001e-01,-1.1863239999999999e+00,-4.2761900000000003e-01,1.0171190000000001e+00,1.4824399999999999e-01
1.5854799999999999e-01,-1.7676000000000001e-02,1.0371250000000001e+00,-1.0136800000000000e-01,2.6883000000000001e-02,1.0921000000000000e-02,9.9442600000000003e-01,1.7532500000000001e-01,1.8713900000000000e-01,-9.7479999999999997e-02,2.8625099999999998e-01,-3.2794000000000001e-01,-4.1487800000000002e-01,5.1214000000000003e-02,-1.1846800000000000e-01,3.5959799999999997e-01,-2.1451999999999999e-02,1.7731800000000000e-01,1.6225999999999999e-01,-6.6669000000000006e-02,-1.9522999999999999e-02,-1.9536300000000001e-01,-1.1593700000000000e+00,-4.1240800000000000e-01,9.7446400000000000e-01,1.4873800000000001e-01
1.5733600000000000e-01,-1.6823000000000001e-02,1.0375170000000000e+00,-1.0256700000000001e-01,2.7255000000000001e-02,1.0215000000000000e-02,9.9429999999999996e-01,1.7637100000000000e-01,1.8828200000000000e-01,-9.8540000000000003e-02,2.8399500000000000e-01,-3.2681600000000000e-01,-4.1471400000000003e-01,5.3502000000000001e-02,-1.1992700000000001e-01,3.5779899999999998e-01,-1.3984000000000000e-02,1.7565500000000001e-01,1.5751000000000001e-01,-6.5789000000000000e-02,-1.2309000000000000e-02,-1.9387099999999999e-01,-1.1581800000000000e+00,-4.1419600000000001e-01,1.0113520000000000e+00,1.3684900000000000e-01
1.5596299999999999e-01,-1.5899000000000000e-02,1.0378790000000000e+00,-1.0393100000000000e-01,2.7777000000000000e-02,9.3349999999999995e-03,9.9415299999999995e-01,1.7755199999999999e-01,1.8945100000000001e-01,-1.0116200000000000e-01,2.8382400000000002e-01,-3.2619199999999998e-01,-4.1474699999999998e-01,5.6290000000000000e-02,-1.2092400000000000e-01,3.5436899999999999e-01,-6.8180000000000003e-03,1.7469699999999999e-01,1.5324599999999999e-01,-6.6278000000000004e-02,-2.9150000000000001e-03,-1.9253400000000001e-01,-1.1674590000000000e+00,-4.2485099999999998e-01,1.0723130000000001e+00,1.2803000000000000e-01
1.5439700000000001e-01,-1.5039000000000000e-02,1.0382000000000000e+00,-1.0501700000000000e-01,2.8528000000000001e-02,8.2570000000000005e-03,9.9402699999999999e-01,1.7891099999999999e-01,1.9002800000000000e-01,-1.0552000000000000e-01,2.8567199999999998e-01,-3.2573800000000003e-01,-4.1483399999999998e-01,5.9471999999999997e-02,-1.2233900000000000e-01,3.5051800000000000e-01,-1.8439999999999999e-03,1.7460000000000001e-01,1.4959800000000001e-01,-6.6517000000000007e-02,5.2900000000000004e-03,-1.9472700000000001e-01,-1.1634760000000000e+00,-4.2989600000000000e-01,1.0886690000000001e+00,1.3548199999999999e-01
1.5268000000000001e-01,-1.4265000000000000e-02,1.0385070000000001e+00,-1.0595200000000000e-01,2.9596999999999998e-02,6.9839999999999998e-03,9.9390599999999996e-01,1.8036600000000000e-01,1.9035099999999999e-01,-1.1114499999999999e-01,2.8840399999999999e-01,-3.2546000000000003e-01,-4.1481299999999999e-01,6.3241000000000006e-02,-1.2453900000000000e-01,3.4664699999999998e-01,2.1370000000000000e-03,1.7469499999999999e-01,1.4642700000000000e-01,-6.6410999999999998e-02,1.1169000000000000e-02,-1.9950499999999999e-01,-1.1331410000000000e+00,-4.1915300000000000e-01,1.0389370000000000e+00,1.5613900000000000e-01
1.5095600000000001e-01,-1.3476999999999999e-02,1.0388440000000001e+00,-1.0655000000000001e-01,3.0658999999999999e-02,5.1799999999999997e-03,9.9382099999999995e-01,1.8250100000000000e-01,1.9000400000000001e-01,-1.1586399999999999e-01,2.8984700000000002e-01,-3.2484900000000000e-01,-4.1475299999999998e-01,6.6126000000000004e-02,-1.2739000000000000e-01,3.4305900000000000e-01,7.6160000000000004e-03,1.7409700000000000e-01,1.4464700000000000e-01,-6.7591999999999999e-02,1.6685999999999999e-02,-2.0266999999999999e-01,-1.0881850000000000e+00,-3.9415699999999998e-01,9.7000399999999998e-01,1.7217700000000000e-01
1.4928300000000000e-01,-1.2599000000000001e-02,1.0392079999999999e+00,-1.0669400000000000e-01,3.1379999999999998e-02,2.7940000000000000e-03,9.9379300000000004e-01,1.8661100000000000e-01,1.8869800000000000e-01,-1.1839900000000000e-01,2.8888799999999998e-01,-3.2374300000000000e-01,-4.1462300000000002e-01,6.7423999999999998e-02,-1.3012599999999999e-01,3.3909600000000001e-01,1.4796999999999999e-02,1.7243800000000001e-01,1.4392199999999999e-01,-7.0434999999999998e-02,2.4243000000000001e-02,-2.0419799999999999e-01,-1.0481039999999999e+00,-3.7331100000000000e-01,9.3923400000000001e-01,1.6960100000000000e-01
1.4751900000000001e-01,-1.1566000000000000e-02,1.0395610000000000e+00,-1.0653100000000000e-01,3.2114999999999998e-02,3.6400000000000001e-04,9.9379099999999998e-01,1.9066800000000000e-01,1.8649800000000000e-01,-1.2081799999999999e-01,2.8796100000000002e-01,-3.2266600000000001e-01,-4.1429300000000002e-01,6.7554000000000003e-02,-1.3459900000000000e-01,3.3695100000000000e-01,2.2686000000000001e-02,1.6969300000000001e-01,1.4263200000000001e-01,-7.2514999999999996e-02,3.1558999999999997e-02,-2.0350900000000000e-01,-1.0219620000000000e+00,-3.6845899999999998e-01,9.5583399999999996e-01,1.5013799999999999e-01
1.4556500000000000e-01,-1.0435000000000000e-02,1.0398930000000000e+00,-1.0627700000000000e-01,3.3097000000000001e-02,-1.5319999999999999e-03,9.9378400000000000e-01,1.9336900000000001e-01,1.8380199999999999e-01,-1.2436899999999999e-01,2.8791299999999997e-01,-3.2166200000000000e-01,-4.1381099999999998e-01,6.7559999999999995e-02,-1.4161000000000001e-01,3.3828100000000000e-01,2.9714999999999998e-02,1.6625699999999999e-01,1.3592399999999999e-01,-6.4944000000000002e-02,3.1815000000000003e-02,-1.9824900000000001e-01,-9.9426099999999995e-01,-3.7495000000000001e-01,9.7635700000000003e-01,1.1662900000000000e-01
1.4341699999999999e-01,-9.3609999999999995e-03,1.0402199999999999e+00,-1.0647000000000000e-01,3.4278999999999997e-02,-3.0539999999999999e-03,9.9372000000000005e-01,1.9547800000000001e-01,1.8197099999999999e-01,-1.2928600000000001e-01,2.8861100000000001e-01,-3.2065100000000002e-01,-4.1348000000000001e-01,6.9272000000000000e-02,-1.4987800000000001e-01,3.4195999999999999e-01,3.5403999999999998e-02,1.6264899999999999e-01,1.1180300000000000e-01,-6.7560999999999996e-02,3.0096999999999999e-02,-2.0839199999999999e-01,-9.5187699999999997e-01,-3.6774800000000002e-01,9.7977000000000003e-01,1.0748500000000000e-01
1.4117700000000000e-01,-8.4370000000000001e-03,1.0405480000000000e+00,-1.0696600000000001e-01,3.5937999999999998e-02,-4.3340000000000002e-03,9.9360400000000004e-01,1.9746400000000000e-01,1.8087600000000001e-01,-1.3585900000000001e-01,2.8987600000000002e-01,-3.1965399999999999e-01,-4.1293099999999999e-01,7.2136000000000006e-02,-1.5962999999999999e-01,3.4705100000000000e-01,4.1080999999999999e-02,1.5885500000000000e-01,1.0405000000000000e-01,-6.9554000000000005e-02,3.1280000000000002e-02,-2.1417100000000000e-01,-8.9057600000000003e-01,-3.4475899999999998e-01,9.5353699999999997e-01,1.1422599999999999e-01
1.3894400000000001e-01,-7.6480000000000003e-03,1.0408610000000000e+00,-1.0722900000000000e-01,3.7982000000000002e-02,-5.3220000000000003e-03,9.9349399999999999e-01,1.9941100000000000e-01,1.7943400000000001e-01,-1.4312200000000000e-01,2.9087700000000000e-01,-3.1851499999999999e-01,-4.1174200000000000e-01,7.4154999999999999e-02,-1.7169400000000001e-01,3.5417999999999999e-01,4.8314000000000003e-02,1.5470000000000000e-01,9.7392999999999993e-02,-7.1024000000000004e-02,3.1015000000000001e-02,-2.2129499999999999e-01,-8.1895799999999996e-01,-3.0951000000000001e-01,9.2455299999999996e-01,1.2112600000000000e-01
1.3682700000000000e-01,-6.9459999999999999e-03,1.0410710000000001e+00,-1.0702200000000001e-01,3.9924000000000001e-02,-7.2389999999999998e-03,9.9342799999999998e-01,2.0335100000000000e-01,1.7719299999999999e-01,-1.4953300000000000e-01,2.9125000000000001e-01,-3.1764100000000001e-01,-4.0954400000000002e-01,7.4467000000000005e-02,-1.8579300000000001e-01,3.6370100000000000e-01,5.6684999999999999e-02,1.5001700000000001e-01,9.0704999999999994e-02,-7.3200000000000001e-02,2.8601000000000001e-02,-2.3639499999999999e-01,-7.4772499999999997e-01,-2.6994600000000002e-01,9.1373899999999997e-01,1.2121000000000000e-01
1.3491000000000000e-01,-6.3000000000000000e-03,1.0410090000000001e+00,-1.0612199999999999e-01,4.1658000000000001e-02,-1.1180000000000001e-02,9.9341699999999999e-01,2.1069700000000000e-01,1.7363100000000001e-01,-1.5483700000000000e-01,2.9165000000000002e-01,-3.1754800000000000e-01,-4.0298099999999998e-01,7.2293999999999997e-02,-2.0137200000000000e-01,3.7550600000000001e-01,6.1468000000000002e-02,1.4539400000000000e-01,7.1367000000000000e-02,-7.3758000000000004e-02,3.0918000000000001e-02,-2.5804500000000002e-01,-6.6764500000000004e-01,-2.2599300000000000e-01,9.0552699999999997e-01,1.1289500000000000e-01
1.3322100000000001e-01,-5.7349999999999996e-03,1.0405100000000000e+00,-1.0411500000000000e-01,4.2765999999999998e-02,-1.5579000000000001e-02,9.9352300000000004e-01,2.1859799999999999e-01,1.6828599999999999e-01,-1.5955500000000000e-01,2.9529499999999997e-01,-3.1936999999999999e-01,-3.9403600000000000e-01,6.6045999999999994e-02,-2.1790899999999999e-01,3.9078299999999999e-01,6.0665999999999998e-02,1.4056199999999999e-01,5.9392000000000000e-02,-6.6810999999999995e-02,6.0480000000000004e-03,-2.7739000000000003e-01,-6.1196799999999996e-01,-1.9233300000000000e-01,9.1327000000000003e-01,9.8894999999999997e-02
1.3180300000000000e-01,-5.3280000000000003e-03,1.0395369999999999e+00,-1.0085500000000000e-01,4.3167999999999998e-02,-2.0430000000000000e-02,9.9375400000000003e-01,2.2635300000000000e-01,1.6104099999999999e-01,-1.6395399999999999e-01,3.0320300000000000e-01,-3.2325399999999999e-01,-3.8226800000000000e-01,5.5669000000000003e-02,-2.3355200000000001e-01,4.0818100000000002e-01,5.0303000000000000e-02,1.3609499999999999e-01,5.0319999999999997e-02,-4.5018000000000002e-02,-4.2071999999999998e-02,-2.9542900000000000e-01,-5.6566899999999998e-01,-1.5631900000000001e-01,9.1222499999999995e-01,8.3474999999999994e-02
1.3074200000000000e-01,-5.1539999999999997e-03,1.0383570000000000e+00,-9.6402000000000002e-02,4.2528000000000003e-02,-2.5219999999999999e-02,9.9411400000000005e-01,2.3375599999999999e-01,1.5218899999999999e-01,-1.6667999999999999e-01,3.1372800000000001e-01,-3.2819100000000001e-01,-3.6831300000000000e-01,4.1362999999999997e-02,-2.4569900000000000e-01,4.2675600000000002e-01,2.7245999999999999e-02,1.3222800000000001e-01,3.9129999999999998e-02,4.1999999999999998e-05,-9.8533999999999997e-02,-3.0852000000000002e-01,-5.4182300000000005e-01,-1.1878000000000000e-01,8.9806799999999998e-01,7.4731000000000006e-02
1.3016000000000000e-01,-5.1070000000000004e-03,1.0381119999999999e+00,-9.1378000000000001e-02,4.0908000000000000e-02,-2.9117000000000001e-02,9.9455000000000005e-01,2.3943100000000000e-01,1.4256900000000000e-01,-1.6618100000000000e-01,3.2367000000000001e-01,-3.3300600000000002e-01,-3.5528900000000002e-01,2.4642000000000001e-02,-2.5200499999999998e-01,4.4163100000000000e-01,7.9400000000000000e-04,1.2922100000000000e-01,3.3785999999999997e-02,5.4887999999999999e-02,-1.6482900000000000e-01,-3.1097300000000000e-01,-5.1245300000000005e-01,-7.6910999999999993e-02,8.5762200000000000e-01,6.8309999999999996e-02
1.2986000000000000e-01,-5.1349999999999998e-03,1.0425320000000000e+00,-8.6679000000000006e-02,3.8318999999999999e-02,-3.1773000000000003e-02,9.9499199999999999e-01,2.4283900000000000e-01,1.3314999999999999e-01,-1.6083400000000000e-01,3.2854400000000000e-01,-3.3460699999999999e-01,-3.5191699999999998e-01,-5.6700000000000001e-04,-2.5473499999999999e-01,4.4670100000000001e-01,-3.1788999999999998e-02,1.2708200000000000e-01,9.1640000000000003e-03,1.1724000000000000e-01,-2.2011300000000000e-01,-3.0416700000000002e-01,-4.7764299999999998e-01,-4.0823999999999999e-02,7.9625599999999996e-01,5.4259000000000002e-02
1.2976900000000000e-01,-5.6860000000000001e-03,1.0433589999999999e+00,-8.1644999999999995e-02,3.5076999999999997e-02,-3.4107999999999999e-02,9.9546000000000001e-01,2.4521399999999999e-01,1.2441600000000000e-01,-1.5182499999999999e-01,3.2895799999999997e-01,-3.3553400000000000e-01,-3.5627500000000001e-01,-1.8731000000000001e-02,-2.4786500000000000e-01,4.4667200000000001e-01,-5.3700999999999999e-02,1.2498600000000000e-01,-2.6224000000000001e-02,1.8453300000000000e-01,-2.6976899999999998e-01,-2.9601499999999997e-01,-4.6299099999999999e-01,-2.9930999999999999e-02,7.5187700000000002e-01,3.9645000000000000e-02
1.2989800000000001e-01,-6.8529999999999997e-03,1.0427670000000000e+00,-7.6466000000000006e-02,3.1414999999999998e-02,-3.6417999999999999e-02,9.9591200000000002e-01,2.4793100000000001e-01,1.1642500000000000e-01,-1.4076400000000000e-01,3.2716899999999999e-01,-3.3589599999999997e-01,-3.6094799999999999e-01,-3.5469000000000001e-02,-2.3785300000000001e-01,4.4285900000000000e-01,-6.7343000000000000e-02,1.2174800000000000e-01,-6.2986000000000000e-02,2.4895300000000001e-01,-3.1395800000000001e-01,-2.9393100000000000e-01,-4.6185500000000002e-01,-4.4671000000000002e-02,7.3870899999999995e-01,2.7661999999999999e-02
1.3030300000000000e-01,-8.7939999999999997e-03,1.0411889999999999e+00,-7.0531999999999997e-02,2.7647999999999999e-02,-3.9009000000000002e-02,9.9636300000000000e-01,2.5145099999999998e-01,1.0822200000000000e-01,-1.2898699999999999e-01,3.2574900000000001e-01,-3.3694000000000002e-01,-3.5821199999999997e-01,-5.1402999999999997e-02,-2.2723299999999999e-01,4.3758700000000000e-01,-7.1901000000000007e-02,1.1726000000000000e-01,-9.1549000000000005e-02,2.9022900000000001e-01,-3.3572800000000003e-01,-2.9620299999999999e-01,-4.5936199999999999e-01,-7.4170000000000000e-02,7.4857499999999999e-01,3.6350000000000002e-03
1.3095100000000001e-01,-1.1513000000000001e-02,1.0382659999999999e+00,-6.4379000000000006e-02,2.3968000000000000e-02,-4.1542000000000003e-02,9.9677199999999999e-01,2.5399400000000000e-01,1.0084600000000001e-01,-1.1634899999999999e-01,3.2343600000000000e-01,-3.3840199999999998e-01,-3.4112599999999998e-01,-6.4560999999999993e-02,-2.1537799999999999e-01,4.3204399999999998e-01,-6.8964999999999999e-02,1.1214200000000001e-01,-1.0051700000000000e-01,3.0747600000000003e-01,-3.3406700000000000e-01,-3.0799100000000001e-01,-4.4531799999999999e-01,-1.0571200000000000e-01,7.7092499999999997e-01,-3.7496000000000002e-02
1.3183000000000000e-01,-1.5053000000000000e-02,1.0321560000000001e+00,-5.8146000000000003e-02,2.0289999999999999e-02,-4.3934000000000001e-02,9.9713399999999996e-01,2.5654900000000003e-01,9.4853000000000007e-02,-1.0292200000000000e-01,3.1973499999999999e-01,-3.4048299999999998e-01,-3.1651800000000002e-01,-6.7218000000000000e-02,-1.9704199999999999e-01,4.2518600000000001e-01,-5.7083000000000002e-02,1.0671200000000000e-01,-1.2400799999999999e-01,2.9947800000000002e-01,-3.0879800000000002e-01,-3.1697700000000001e-01,-4.3506899999999998e-01,-1.2533900000000001e-01,7.8786999999999996e-01,-7.2928000000000007e-02
1.3286800000000001e-01,-1.9504000000000001e-02,1.0299010000000000e+00,-5.1948000000000001e-02,1.6555000000000000e-02,-4.7055000000000000e-02,9.9740300000000004e-01,2.6066099999999998e-01,8.9143000000000000e-02,-8.9217000000000005e-02,3.1584099999999998e-01,-3.4122599999999997e-01,-3.0607600000000001e-01,-7.4820999999999999e-02,-1.8000400000000000e-01,4.0850900000000001e-01,-6.7340999999999998e-02,1.0188400000000000e-01,-1.5209400000000001e-01,2.7032699999999998e-01,-2.7878399999999998e-01,-3.3104600000000001e-01,-4.2343900000000001e-01,-1.2747100000000000e-01,7.8882200000000002e-01,-9.3497999999999998e-02
1.3418700000000000e-01,-2.4861999999999999e-02,1.0278499999999999e+00,-4.5874999999999999e-02,1.2997000000000000e-02,-5.1136000000000001e-02,9.9755300000000002e-01,2.6684999999999998e-01,8.4859000000000004e-02,-7.6372999999999996e-02,3.1283899999999998e-01,-3.4201199999999998e-01,-3.1991199999999997e-01,-7.6638999999999999e-02,-1.6207199999999999e-01,3.8696000000000003e-01,-9.8072999999999994e-02,9.8072999999999994e-02,-1.7128699999999999e-01,2.3508399999999999e-01,-2.6618100000000000e-01,-3.5928700000000002e-01,-4.3179699999999999e-01,-1.2058700000000000e-01,7.7889399999999998e-01,-9.3767000000000003e-02
1.3571600000000000e-01,-3.1083000000000000e-02,1.0251580000000000e+00,-3.9952000000000001e-02,9.2999999999999992e-03,-5.3584000000000000e-02,9.9772000000000005e-01,2.7073300000000000e-01,8.2308999999999993e-02,-6.3084000000000001e-02,3.0913200000000002e-01,-3.4246100000000002e-01,-3.3822600000000003e-01,-7.9074000000000005e-02,-1.4285500000000001e-01,3.6361900000000003e-01,-1.3084499999999999e-01,9.4922999999999993e-02,-1.8986400000000000e-01,2.1882599999999999e-01,-2.8302899999999998e-01,-3.8086500000000001e-01,-4.4522800000000001e-01,-1.0124800000000000e-01,7.4932799999999999e-01,-8.9274000000000006e-02
1.3728099999999999e-01,-3.8394999999999999e-02,1.0203770000000001e+00,-3.3850999999999999e-02,5.2550000000000001e-03,-5.3888999999999999e-02,9.9795900000000004e-01,2.7028099999999999e-01,8.1312999999999996e-02,-4.9166000000000001e-02,3.0534400000000000e-01,-3.4309200000000001e-01,-3.5148000000000001e-01,-8.0859000000000000e-02,-1.2231800000000000e-01,3.3994000000000002e-01,-1.6430700000000001e-01,9.3375000000000000e-02,-2.1709899999999999e-01,2.2800699999999999e-01,-3.2549099999999997e-01,-3.9593400000000001e-01,-4.6148400000000001e-01,-8.2237000000000005e-02,7.0690600000000003e-01,-8.7273000000000003e-02
1.3920299999999999e-01,-4.6442999999999998e-02,1.0185960000000001e+00,-2.8440000000000000e-02,1.0430000000000001e-03,-5.3204000000000001e-02,9.9817800000000001e-01,2.6739499999999999e-01,8.1753999999999993e-02,-3.3901000000000001e-02,2.9883999999999999e-01,-3.4058100000000002e-01,-3.5914000000000001e-01,-8.7105000000000002e-02,-1.0076700000000000e-01,3.2038400000000000e-01,-1.9090900000000000e-01,9.2414999999999997e-02,-2.6456000000000002e-01,2.6177099999999998e-01,-3.5781299999999999e-01,-3.9082800000000001e-01,-4.7501900000000002e-01,-7.9421000000000005e-02,6.6917899999999997e-01,-9.9182999999999993e-02
1.4126500000000000e-01,-5.5331999999999999e-02,1.0177039999999999e+00,-2.4657999999999999e-02,-3.6890000000000000e-03,-5.1666999999999998e-02,9.9835300000000005e-01,2.6378800000000002e-01,8.6415000000000006e-02,-1.7328000000000000e-02,2.8914200000000001e-01,-3.3540900000000001e-01,-3.6544100000000002e-01,-9.1094999999999995e-02,-7.6870999999999995e-02,3.0220100000000000e-01,-2.0618600000000001e-01,9.0575000000000003e-02,-3.1326100000000001e-01,3.0624099999999999e-01,-3.6559999999999998e-01,-3.7201299999999998e-01,-4.9216199999999999e-01,-1.0193300000000000e-01,6.4938600000000002e-01,-1.2478000000000000e-01
1.4327799999999999e-01,-6.5086000000000005e-02,1.0170530000000000e+00,-2.1593000000000001e-02,-8.4580000000000002e-03,-4.9625000000000002e-02,9.9849900000000003e-01,2.5926199999999999e-01,9.3467999999999996e-02,-3.2100000000000002e-03,2.8242600000000001e-01,-3.3019599999999999e-01,-3.6869700000000000e-01,-9.3029000000000001e-02,-5.4601999999999998e-02,2.8969899999999998e-01,-2.1724900000000000e-01,8.6874999999999994e-02,-3.5899500000000001e-01,3.7563500000000000e-01,-3.7160900000000002e-01,-3.4941200000000000e-01,-5.1982200000000001e-01,-1.4956000000000000e-01,6.4894600000000002e-01,-1.6354700000000000e-01
1.4523700000000000e-01,-7.5326000000000004e-02,1.0164029999999999e+00,-1.9321999999999999e-02,-1.2952999999999999e-02,-4.7220999999999999e-02,9.9861400000000000e-01,2.5359700000000002e-01,1.0232700000000000e-01,7.8030000000000000e-03,2.7930800000000000e-01,-3.2603199999999999e-01,-3.7135400000000002e-01,-9.2627000000000001e-02,-3.5588000000000002e-02,2.8353800000000001e-01,-2.2753000000000001e-01,8.1604999999999997e-02,-4.1671500000000000e-01,4.6114800000000000e-01,-3.7747300000000000e-01,-3.1704800000000000e-01,-5.4996500000000004e-01,-2.0329900000000001e-01,6.3491600000000004e-01,-2.0979800000000001e-01
1.4726700000000001e-01,-8.5749000000000006e-02,1.0156719999999999e+00,-1.7624000000000001e-02,-1.7149000000000001e-02,-4.4628000000000001e-02,9.9870099999999995e-01,2.4734200000000001e-01,1.1222900000000000e-01,1.6907999999999999e-02,2.7846300000000002e-01,-3.2303799999999999e-01,-3.7315300000000001e-01,-9.0616000000000002e-02,-1.9587000000000000e-02,2.8308699999999998e-01,-2.3832600000000001e-01,7.5284000000000004e-02,-4.7353200000000001e-01,5.4498999999999997e-01,-3.8185500000000000e-01,-3.1440299999999999e-01,-5.9144300000000005e-01,-2.6989500000000000e-01,5.9682500000000005e-01,-2.5385799999999997e-01
1.4948100000000000e-01,-9.6131999999999995e-02,1.0148610000000000e+00,-1.5838000000000001e-02,-2.1595000000000000e-02,-4.2421000000000000e-02,9.9874099999999999e-01,2.4127899999999999e-01,1.2189500000000000e-01,2.6938000000000000e-02,2.7786800000000000e-01,-3.2041300000000000e-01,-3.7479000000000001e-01,-8.8910000000000003e-02,-3.4199999999999999e-03,2.8281000000000001e-01,-2.4936100000000000e-01,6.8570000000000006e-02,-5.3186999999999995e-01,6.1935799999999996e-01,-3.6836000000000002e-01,-3.3833600000000003e-01,-6.4356800000000003e-01,-3.4232000000000001e-01,5.3361300000000000e-01,-3.0768200000000001e-01
1.5193200000000001e-01,-1.0623199999999999e-01,1.0139890000000000e+00,-1.4585000000000001e-02,-2.6346000000000001e-02,-3.9763000000000000e-02,9.9875499999999995e-01,2.3466600000000001e-01,1.3232800000000000e-01,3.8615999999999998e-02,2.7554299999999998e-01,-3.1740900000000000e-01,-3.7802200000000002e-01,-8.6877999999999997e-02,1.3873000000000000e-02,2.8228799999999998e-01,-2.6011200000000001e-01,6.2415999999999999e-02,-6.1199000000000003e-01,6.7746399999999996e-01,-3.5422599999999999e-01,-3.5062599999999999e-01,-7.1041500000000002e-01,-4.1726799999999997e-01,4.4619999999999999e-01,-3.6125400000000002e-01
1.5456600000000001e-01,-1.1593299999999999e-01,1.0130470000000000e+00,-1.3436000000000000e-02,-3.1276999999999999e-02,-3.6708999999999999e-02,9.9874600000000002e-01,2.2778899999999999e-01,1.4249100000000001e-01,5.0992000000000003e-02,2.7268900000000001e-01,-3.1423400000000001e-01,-3.8169900000000001e-01,-8.5348999999999994e-02,3.1304999999999999e-02,2.8260900000000000e-01,-2.7112900000000001e-01,5.6632000000000002e-02,-6.6904500000000000e-01,7.2409400000000002e-01,-3.1334699999999999e-01,-3.9300499999999999e-01,-7.8534499999999996e-01,-4.9070399999999997e-01,3.3196700000000001e-01,-4.2243399999999998e-01
1.5737200000000001e-01,-1.2523799999999999e-01,1.0121290000000001e+00,-1.2237000000000000e-02,-3.5934000000000001e-02,-3.3536000000000003e-02,9.9871600000000005e-01,2.2203600000000001e-01,1.5218699999999999e-01,6.3597000000000001e-02,2.6790700000000001e-01,-3.0995400000000001e-01,-3.8532300000000003e-01,-8.4059999999999996e-02,4.9612999999999997e-02,2.8052300000000002e-01,-2.8161000000000003e-01,5.0639000000000003e-02,-7.4064900000000000e-01,7.6633200000000001e-01,-2.7553000000000000e-01,-4.2492000000000002e-01,-8.7696399999999997e-01,-5.6148699999999996e-01,2.1804799999999999e-01,-4.7357800000000000e-01
1.6028899999999999e-01,-1.3396400000000000e-01,1.0112909999999999e+00,-1.1615000000000000e-02,-3.9657999999999999e-02,-2.9753999999999999e-02,9.9870300000000001e-01,2.1553600000000001e-01,1.6200899999999999e-01,7.3897000000000004e-02,2.6320300000000002e-01,-3.0494500000000002e-01,-3.9127699999999999e-01,-8.1701999999999997e-02,6.7474000000000006e-02,2.7625400000000000e-01,-2.9092899999999999e-01,4.4060000000000002e-02,-8.2319600000000004e-01,8.2608700000000002e-01,-2.5055800000000000e-01,-4.4627899999999998e-01,-9.8231599999999997e-01,-6.4040299999999994e-01,1.1207600000000000e-01,-5.0864200000000004e-01
1.6323699999999999e-01,-1.4201400000000000e-01,1.0105710000000001e+00,-1.0867999999999999e-02,-4.2397999999999998e-02,-2.5007999999999999e-02,9.9872899999999998e-01,2.0763799999999999e-01,1.7017800000000000e-01,8.1420999999999993e-02,2.5958500000000001e-01,-2.9932999999999998e-01,-3.9754400000000001e-01,-7.9473000000000002e-02,8.3476999999999996e-02,2.7164800000000000e-01,-2.9936299999999999e-01,3.7679999999999998e-02,-9.2219300000000004e-01,8.7665300000000002e-01,-2.4465000000000001e-01,-4.4082300000000002e-01,-1.0989570000000000e+00,-7.0072199999999996e-01,1.0074000000000000e-02,-5.2359800000000001e-01
1.6620299999999999e-01,-1.4932899999999999e-01,1.0099760000000000e+00,-9.7359999999999999e-03,-4.4288000000000001e-02,-2.0341000000000001e-02,9.9876399999999999e-01,1.9997100000000001e-01,1.7628800000000000e-01,8.6827000000000001e-02,2.5695299999999999e-01,-2.9295399999999999e-01,-4.0332200000000001e-01,-7.7942999999999998e-02,9.6268000000000006e-02,2.6843699999999998e-01,-3.0717899999999998e-01,3.1426000000000003e-02,-1.0292440000000000e+00,9.3372999999999995e-01,-2.5456800000000002e-01,-4.2564999999999997e-01,-1.2181869999999999e+00,-7.6671000000000000e-01,-6.7442000000000002e-02,-5.4007899999999998e-01
1.6926300000000000e-01,-1.5590799999999999e-01,1.0094850000000000e+00,-8.3230000000000005e-03,-4.5931000000000000e-02,-1.6764000000000001e-02,9.9876900000000002e-01,1.9480300000000000e-01,1.8104999999999999e-01,9.2219999999999996e-02,2.5403999999999999e-01,-2.8524899999999997e-01,-4.0760200000000002e-01,-7.7326000000000006e-02,1.0739500000000000e-01,2.6567400000000002e-01,-3.1419399999999997e-01,2.5323999999999999e-02,-1.1342360000000000e+00,9.9291099999999999e-01,-2.7366699999999999e-01,-4.1732900000000001e-01,-1.3229489999999999e+00,-8.3983600000000003e-01,-1.1962600000000000e-01,-5.6746799999999997e-01
1.7251100000000000e-01,-1.6176399999999999e-01,1.0090490000000001e+00,-6.5490000000000001e-03,-4.7862000000000002e-02,-1.5089999999999999e-02,9.9871900000000002e-01,1.9528000000000001e-01,1.8486600000000000e-01,9.9493999999999999e-02,2.4923600000000001e-01,-2.7613799999999999e-01,-4.0982099999999999e-01,-7.8191999999999998e-02,1.1803300000000000e-01,2.6285199999999997e-01,-3.2046300000000000e-01,1.9213000000000001e-02,-1.2403379999999999e+00,1.0501460000000000e+00,-2.9594900000000002e-01,-4.0678300000000001e-01,-1.4090959999999999e+00,-8.8520900000000002e-01,-1.6512700000000000e-01,-6.1487199999999997e-01
1.7594299999999999e-01,-1.6690500000000000e-01,1.0085890000000000e+00,-4.4759999999999999e-03,-5.0198000000000000e-02,-1.5136000000000000e-02,9.9861500000000003e-01,1.9933300000000001e-01,1.8788700000000000e-01,1.0914500000000001e-01,2.4288899999999999e-01,-2.6667299999999999e-01,-4.1010900000000000e-01,-8.0501000000000003e-02,1.2881799999999999e-01,2.5953500000000002e-01,-3.2613900000000001e-01,1.3195000000000000e-02,-1.3435500000000000e+00,1.0821229999999999e+00,-3.0982700000000002e-01,-3.9299299999999998e-01,-1.4654030000000000e+00,-9.1299900000000000e-01,-2.0103399999999999e-01,-6.8690200000000001e-01
1.7949100000000001e-01,-1.7127400000000001e-01,1.0079830000000001e+00,-2.4540000000000000e-03,-5.2720000000000003e-02,-1.6482000000000000e-02,9.9846999999999997e-01,2.0208400000000001e-01,1.9039400000000001e-01,1.2060000000000000e-01,2.3685000000000000e-01,-2.5891399999999998e-01,-4.0949999999999998e-01,-8.3721000000000004e-02,1.3875399999999999e-01,2.5719900000000001e-01,-3.3189000000000002e-01,7.4960000000000001e-03,-1.4331879999999999e+00,1.1185600000000000e+00,-3.2282899999999998e-01,-3.9285700000000001e-01,-1.4837549999999999e+00,-9.3628199999999995e-01,-2.2788300000000000e-01,-7.8216600000000003e-01
1.8307699999999999e-01,-1.7488999999999999e-01,1.0071559999999999e+00,-4.6200000000000001e-04,-5.5565999999999997e-02,-1.8830000000000000e-02,9.9827699999999997e-01,2.0332800000000001e-01,1.9215299999999999e-01,1.3231999999999999e-01,2.3431199999999999e-01,-2.5491200000000003e-01,-4.0760700000000000e-01,-8.7807999999999997e-02,1.4689600000000000e-01,2.5836399999999998e-01,-3.3859400000000001e-01,1.6940000000000000e-03,-1.4828600000000001e+00,1.1514899999999999e+00,-3.1839299999999998e-01,-4.0984199999999998e-01,-1.4850820000000000e+00,-9.5669099999999996e-01,-2.4242800000000000e-01,-8.6585800000000002e-01
1.8676899999999999e-01,-1.7781100000000000e-01,1.0061490000000000e+00,1.3799999999999999e-03,-5.8345000000000001e-02,-2.2009000000000001e-02,9.9805299999999997e-01,2.0454900000000001e-01,1.9337499999999999e-01,1.4355999999999999e-01,2.3435100000000000e-01,-2.5469999999999998e-01,-4.0383100000000000e-01,-9.2021000000000006e-02,1.5309700000000001e-01,2.6276800000000000e-01,-3.4600900000000001e-01,-4.4450000000000002e-03,-1.4855989999999999e+00,1.1796469999999999e+00,-2.7772700000000000e-01,-4.4832000000000000e-01,-1.4830330000000000e+00,-9.7121500000000005e-01,-2.4791400000000000e-01,-9.0095300000000000e-01
1.9067300000000001e-01,-1.8008399999999999e-01,1.0050140000000001e+00,2.9700000000000000e-03,-6.1490999999999997e-02,-2.4917999999999999e-02,9.9779200000000001e-01,2.0613500000000001e-01,1.9462900000000000e-01,1.5513299999999999e-01,2.3548200000000000e-01,-2.5642500000000001e-01,-3.9913799999999999e-01,-9.6734000000000001e-02,1.6023599999999999e-01,2.6781700000000003e-01,-3.5330800000000001e-01,-1.0958000000000001e-02,-1.4857540000000000e+00,1.2035880000000001e+00,-2.3239299999999999e-01,-4.8543700000000001e-01,-1.4685910000000000e+00,-9.8787899999999995e-01,-2.5593100000000002e-01,-8.7283599999999995e-01
1.9471200000000000e-01,-1.8170000000000000e-01,1.0038700000000000e+00,4.7210000000000004e-03,-6.5063999999999997e-02,-2.7223000000000001e-02,9.9749900000000002e-01,2.0836499999999999e-01,1.9510000000000000e-01,1.6775300000000001e-01,2.3588000000000001e-01,-2.5772899999999999e-01,-3.9421800000000001e-01,-1.0288500000000000e-01,1.6820599999999999e-01,2.7289099999999999e-01,-3.6005500000000001e-01,-1.7673999999999999e-02,-1.4857629999999999e+00,1.2249019999999999e+00,-1.8772400000000000e-01,-5.1875300000000002e-01,-1.4470670000000001e+00,-1.0185270000000000e+00,-2.5876600000000000e-01,-8.0791299999999999e-01
1.9870499999999999e-01,-1.8271899999999999e-01,1.0028459999999999e+00,6.8630000000000002e-03,-6.8550000000000000e-02,-2.8176000000000000e-02,9.9722599999999995e-01,2.0864099999999999e-01,1.9402100000000000e-01,1.8017200000000000e-01,2.3596200000000001e-01,-2.5723000000000001e-01,-3.9077200000000001e-01,-1.1053200000000001e-01,1.7580499999999999e-01,2.7765400000000001e-01,-3.6614300000000000e-01,-2.4028000000000001e-02,-1.4857629999999999e+00,1.2427930000000000e+00,-1.4058399999999999e-01,-5.5026799999999998e-01,-1.4380280000000001e+00,-1.0637730000000001e+00,-2.4206100000000000e-01,-7.5752799999999998e-01
2.0233899999999999e-01,-1.8322800000000000e-01,1.0021220000000000e+00,8.5800000000000008e-03,-7.1177000000000004e-02,-2.8115999999999999e-02,9.9702999999999997e-01,2.0654400000000001e-01,1.9265699999999999e-01,1.8940699999999999e-01,2.3786900000000000e-01,-2.5450899999999999e-01,-3.8756600000000002e-01,-1.1668300000000000e-01,1.8087900000000001e-01,2.8393000000000002e-01,-3.7197300000000000e-01,-2.9196000000000000e-02,-1.4857620000000000e+00,1.2567180000000000e+00,-9.0831999999999996e-02,-5.8677100000000004e-01,-1.4416430000000000e+00,-1.1154409999999999e+00,-1.9651099999999999e-01,-7.5589200000000001e-01
2.0536599999999999e-01,-1.8344199999999999e-01,1.0021080000000000e+00,1.0285000000000001e-02,-7.2563000000000002e-02,-2.8951000000000001e-02,9.9689099999999997e-01,2.0560000000000000e-01,1.9062200000000001e-01,1.9465800000000000e-01,2.4229400000000001e-01,-2.5057499999999999e-01,-3.8301900000000000e-01,-1.2118400000000000e-01,1.8127199999999999e-01,2.9197600000000001e-01,-3.7713300000000000e-01,-3.3246999999999999e-02,-1.4857430000000000e+00,1.2685679999999999e+00,-6.3565999999999998e-02,-6.3505599999999995e-01,-1.4514609999999999e+00,-1.1429400000000001e+00,-1.3589399999999999e-01,-8.4272899999999995e-01
2.0801900000000001e-01,-1.8378700000000001e-01,1.0043519999999999e+00,1.1573000000000000e-02,-7.2761999999999993e-02,-3.0716000000000000e-02,9.9680899999999995e-01,2.0453099999999999e-01,1.9232299999999999e-01,1.9844500000000001e-01,2.4980500000000000e-01,-2.4696499999999999e-01,-3.7903399999999998e-01,-1.2291100000000001e-01,1.7865700000000001e-01,2.9926900000000001e-01,-3.8057299999999999e-01,-3.5432999999999999e-02,-1.4857430000000000e+00,1.2947270000000000e+00,6.1050000000000002e-03,-6.6782699999999995e-01,-1.4771120000000000e+00,-1.1687300000000000e+00,-1.0420200000000000e-01,-9.3306100000000003e-01
2.1042600000000000e-01,-1.8408900000000000e-01,1.0046510000000000e+00,1.1514000000000000e-02,-7.3007000000000002e-02,-3.2952000000000002e-02,9.9672000000000005e-01,2.0351400000000000e-01,1.9392100000000001e-01,2.0012600000000000e-01,2.5676800000000000e-01,-2.4776100000000001e-01,-3.7554100000000001e-01,-1.2277000000000000e-01,1.7822299999999999e-01,3.0409799999999998e-01,-3.8334299999999999e-01,-3.5711000000000000e-02,-1.4857380000000000e+00,1.3010370000000000e+00,4.0425000000000003e-02,-6.9699900000000004e-01,-1.4845699999999999e+00,-1.1852469999999999e+00,-8.1983000000000000e-02,-9.7853299999999999e-01
2.1296000000000001e-01,-1.8443300000000001e-01,1.0042500000000001e+00,1.0019999999999999e-02,-7.3963000000000001e-02,-3.4877999999999999e-02,9.9660099999999996e-01,2.0390300000000000e-01,1.9794000000000000e-01,2.0298400000000000e-01,2.6236300000000001e-01,-2.5205100000000003e-01,-3.7212299999999998e-01,-1.2103200000000000e-01,1.8115100000000001e-01,3.0854700000000002e-01,-3.8472299999999998e-01,-3.5168999999999999e-02,-1.4857359999999999e+00,1.3017660000000000e+00,5.3793000000000001e-02,-7.0757800000000004e-01,-1.4843280000000001e+00,-1.2008490000000001e+00,-9.7228999999999996e-02,-9.3457199999999996e-01
2.1565999999999999e-01,-1.8501899999999999e-01,1.0036419999999999e+00,8.3599999999999994e-03,-7.6267000000000001e-02,-3.7021999999999999e-02,9.9636499999999995e-01,2.0684200000000000e-01,2.0369699999999999e-01,2.0812800000000001e-01,2.6738299999999998e-01,-2.5422400000000001e-01,-3.6776399999999998e-01,-1.1998499999999999e-01,1.8845500000000001e-01,3.1148799999999999e-01,-3.8488299999999998e-01,-3.5261000000000001e-02,-1.4857359999999999e+00,1.3205659999999999e+00,6.0804999999999998e-02,-7.0017799999999997e-01,-1.4797600000000000e+00,-1.2160070000000001e+00,-1.2992899999999999e-01,-8.3112900000000001e-01
2.1812200000000001e-01,-1.8574800000000000e-01,1.0029410000000001e+00,6.5789999999999998e-03,-7.9261999999999999e-02,-3.8561999999999999e-02,9.9608600000000003e-01,2.0793200000000001e-01,2.1031200000000000e-01,2.1266499999999999e-01,2.7485300000000001e-01,-2.5484800000000002e-01,-3.6349100000000001e-01,-1.1894399999999999e-01,1.9692599999999999e-01,3.1553300000000001e-01,-3.8517200000000001e-01,-3.6254000000000002e-02,-1.4857350000000000e+00,1.3190290000000000e+00,7.0541000000000006e-02,-6.7866099999999996e-01,-1.4685770000000000e+00,-1.2231140000000000e+00,-1.4753800000000000e-01,-7.4173699999999998e-01
2.1993099999999999e-01,-1.8643599999999999e-01,1.0021979999999999e+00,4.2339999999999999e-03,-8.1617999999999996e-02,-3.9267000000000003e-02,9.9588100000000002e-01,2.0613799999999999e-01,2.1745300000000001e-01,2.1055800000000000e-01,2.9060999999999998e-01,-2.5539800000000001e-01,-3.5957600000000001e-01,-1.1583200000000000e-01,2.0136999999999999e-01,3.2491900000000001e-01,-3.8704300000000003e-01,-3.7643999999999997e-02,-1.4857350000000000e+00,1.3122410000000000e+00,8.3337999999999995e-02,-6.6685200000000000e-01,-1.4653060000000000e+00,-1.2355940000000001e+00,-1.3478299999999999e-01,-6.9868300000000005e-01
2.2089500000000001e-01,-1.8711100000000000e-01,1.0014099999999999e+00,1.5730000000000000e-03,-8.2390000000000005e-02,-3.9094999999999998e-02,9.9583200000000005e-01,2.0280599999999999e-01,2.2458300000000000e-01,1.9932700000000000e-01,3.1502900000000000e-01,-2.5768700000000000e-01,-3.5669299999999998e-01,-1.1014300000000000e-01,1.9989000000000001e-01,3.3899200000000002e-01,-3.9062100000000000e-01,-3.9301000000000003e-02,-1.4857370000000001e+00,1.3015129999999999e+00,8.4083000000000005e-02,-6.6167500000000001e-01,-1.4624250000000001e+00,-1.2181800000000000e+00,-1.2884499999999999e-01,-7.1202699999999997e-01
2.2106600000000001e-01,-1.8767600000000001e-01,1.0004090000000001e+00,-1.6940000000000000e-03,-8.1106999999999999e-02,-3.7009000000000000e-02,9.9601700000000004e-01,1.9715099999999999e-01,2.3175200000000001e-01,1.7881500000000000e-01,3.4641600000000000e-01,-2.6543499999999998e-01,-3.5660700000000001e-01,-1.0129900000000000e-01,1.9405700000000001e-01,3.5413499999999998e-01,-3.9658100000000002e-01,-4.1300999999999997e-02,-1.4857370000000001e+00,1.2649990000000000e+00,8.9398000000000005e-02,-6.8598599999999998e-01,-1.4661360000000001e+00,-1.1991280000000000e+00,-1.2666600000000000e-01,-7.7863899999999997e-01
2.2079099999999999e-01,-1.8789800000000001e-01,9.9917100000000003e-01,-4.9100000000000003e-03,-7.9655000000000004e-02,-3.3672000000000001e-02,9.9624199999999996e-01,1.8989200000000001e-01,2.3796600000000001e-01,1.5753600000000001e-01,3.7805100000000003e-01,-2.7749800000000002e-01,-3.5939700000000002e-01,-9.3019000000000004e-02,1.8917000000000000e-01,3.6574200000000001e-01,-4.0292699999999998e-01,-4.3610999999999997e-02,-1.4857389999999999e+00,1.2290310000000000e+00,8.8636999999999994e-02,-7.3094599999999998e-01,-1.4723770000000000e+00,-1.1823980000000001e+00,-1.2271500000000000e-01,-8.5721700000000001e-01
2.2038400000000000e-01,-1.8748899999999999e-01,9.9770700000000001e-01,-8.6520000000000000e-03,-7.8044000000000002e-02,-3.0280999999999999e-02,9.9645200000000000e-01,1.8216599999999999e-01,2.4385100000000001e-01,1.3917800000000000e-01,4.0518799999999999e-01,-2.9553499999999999e-01,-3.6211199999999999e-01,-8.4347000000000005e-02,1.8512200000000001e-01,3.7522299999999997e-01,-4.0899099999999999e-01,-4.6635999999999997e-02,-1.4857410000000000e+00,1.1904239999999999e+00,8.8339000000000001e-02,-7.8324899999999997e-01,-1.4773670000000001e+00,-1.1660100000000000e+00,-1.2349700000000000e-01,-9.0519000000000005e-01
2.2009100000000001e-01,-1.8633900000000000e-01,9.9631899999999995e-01,-1.2120000000000001e-02,-7.6535000000000006e-02,-2.7923000000000000e-02,9.9660199999999999e-01,1.7575399999999999e-01,2.4804300000000001e-01,1.2660800000000000e-01,4.2385400000000001e-01,-3.1491900000000000e-01,-3.6314999999999997e-01,-7.7022999999999994e-02,1.8230900000000000e-01,3.8120599999999999e-01,-4.1394999999999998e-01,-5.0552000000000000e-02,-1.4857450000000001e+00,1.1758810000000000e+00,8.5039000000000003e-02,-8.1996000000000002e-01,-1.4798030000000000e+00,-1.1589220000000000e+00,-1.4258499999999999e-01,-8.8904899999999998e-01
2.2011900000000001e-01,-1.8446899999999999e-01,9.9534800000000001e-01,-1.4982000000000001e-02,-7.5985999999999998e-02,-2.6582999999999999e-02,9.9664200000000003e-01,1.7266899999999999e-01,2.5114500000000001e-01,1.2239999999999999e-01,4.3104799999999999e-01,-3.2951100000000000e-01,-3.6387399999999998e-01,-7.2644000000000000e-02,1.8339400000000000e-01,3.8080199999999997e-01,-4.1598299999999999e-01,-5.4193999999999999e-02,-1.4857610000000001e+00,1.1592229999999999e+00,9.1123999999999997e-02,-8.3021000000000000e-01,-1.4810770000000000e+00,-1.1663850000000000e+00,-1.5703400000000001e-01,-8.2670200000000005e-01
2.2055500000000000e-01,-1.8166700000000000e-01,9.9508799999999997e-01,-1.6423000000000000e-02,-7.5789999999999996e-02,-2.7080000000000000e-02,9.9662099999999998e-01,1.7316899999999999e-01,2.5078699999999998e-01,1.2587300000000001e-01,4.2698100000000000e-01,-3.3577400000000002e-01,-3.6541699999999999e-01,-7.3527999999999996e-02,1.8526799999999999e-01,3.7511000000000000e-01,-4.1322700000000001e-01,-5.6542000000000002e-02,-1.4857480000000001e+00,1.1500010000000001e+00,8.3385000000000001e-02,-7.8914700000000004e-01,-1.4773419999999999e+00,-1.1611940000000001e+00,-1.3712600000000000e-01,-7.5776200000000005e-01
2.2121399999999999e-01,-1.7785599999999999e-01,9.9530099999999999e-01,-1.7073000000000001e-02,-7.5587000000000001e-02,-2.9052999999999999e-02,9.9656999999999996e-01,1.7617500000000000e-01,2.4744099999999999e-01,1.3509800000000000e-01,4.1360599999999997e-01,-3.3804800000000002e-01,-3.6532700000000001e-01,-7.7561000000000005e-02,1.8634400000000001e-01,3.6740800000000001e-01,-4.0609099999999998e-01,-5.7611999999999997e-02,-1.4857460000000000e+00,1.1561939999999999e+00,8.2506999999999997e-02,-7.4032399999999998e-01,-1.4792449999999999e+00,-1.1750069999999999e+00,-1.2455400000000000e-01,-7.1047800000000005e-01
2.2188600000000000e-01,-1.7334100000000000e-01,9.9544699999999997e-01,-1.6563999999999999e-02,-7.5309000000000001e-02,-3.2883999999999997e-02,9.9648000000000003e-01,1.8372600000000000e-01,2.4117900000000000e-01,1.4710400000000001e-01,3.9428299999999999e-01,-3.3821699999999999e-01,-3.6231300000000000e-01,-8.4352999999999997e-02,1.8824800000000000e-01,3.5418200000000000e-01,-3.9740199999999998e-01,-5.7909000000000002e-02,-1.4857430000000000e+00,1.1757590000000000e+00,8.6443000000000006e-02,-7.0196599999999998e-01,-1.4826070000000000e+00,-1.1925829999999999e+00,-1.0526900000000000e-01,-6.9725300000000001e-01
2.2242000000000001e-01,-1.6814999999999999e-01,9.9422200000000005e-01,-1.5391000000000000e-02,-7.4087000000000000e-02,-3.8037000000000001e-02,9.9640700000000004e-01,1.9597300000000001e-01,2.3073399999999999e-01,1.5826499999999999e-01,3.6761300000000002e-01,-3.3748800000000001e-01,-3.5773100000000002e-01,-9.2760999999999996e-02,1.9009799999999999e-01,3.3500000000000002e-01,-3.8757900000000001e-01,-5.7362999999999997e-02,-1.4857359999999999e+00,1.2008770000000000e+00,9.5480999999999996e-02,-6.8766700000000003e-01,-1.4842709999999999e+00,-1.2021550000000001e+00,-1.1372200000000000e-01,-7.3062499999999997e-01
2.2312000000000001e-01,-1.6285700000000000e-01,9.9501099999999998e-01,-1.3995000000000000e-02,-7.1803000000000006e-02,-4.3867000000000003e-02,9.9635499999999999e-01,2.1091399999999999e-01,2.2229900000000000e-01,1.7120199999999999e-01,3.3880399999999999e-01,-3.3612999999999998e-01,-3.5329800000000000e-01,-1.0038300000000000e-01,1.8992500000000001e-01,3.1444800000000001e-01,-3.7639600000000001e-01,-5.6057000000000003e-02,-1.4857279999999999e+00,1.2031010000000000e+00,9.9141999999999994e-02,-6.9957199999999997e-01,-1.4851939999999999e+00,-1.1911920000000000e+00,-1.0821400000000000e-01,-8.2062000000000002e-01
2.2384999999999999e-01,-1.5743599999999999e-01,9.9597500000000005e-01,-1.2578000000000001e-02,-6.9366999999999998e-02,-4.9328999999999998e-02,9.9629100000000004e-01,2.2563500000000000e-01,2.1378800000000001e-01,1.8376600000000001e-01,3.1108999999999998e-01,-3.3679799999999999e-01,-3.4974699999999997e-01,-1.0786400000000000e-01,1.8798899999999999e-01,2.9671300000000000e-01,-3.6564799999999997e-01,-5.3827000000000000e-02,-1.4857170000000000e+00,1.1959900000000001e+00,6.9022000000000000e-02,-7.4905100000000002e-01,-1.4855640000000001e+00,-1.1771890000000000e+00,-9.7828999999999999e-02,-9.2421900000000001e-01
2.2478100000000001e-01,-1.5198600000000001e-01,9.9663999999999997e-01,-1.1509999999999999e-02,-6.7414000000000002e-02,-5.4088999999999998e-02,9.9619100000000005e-01,2.3831700000000000e-01,2.0576100000000000e-01,1.9675400000000001e-01,2.8545700000000002e-01,-3.4062300000000001e-01,-3.4616999999999998e-01,-1.1497300000000001e-01,1.8621699999999999e-01,2.8269000000000000e-01,-3.5663600000000001e-01,-5.1534000000000003e-02,-1.4857100000000001e+00,1.1870289999999999e+00,5.3655000000000001e-02,-8.0745000000000000e-01,-1.4856350000000000e+00,-1.1744079999999999e+00,-1.0192700000000000e-01,-9.8528400000000005e-01
2.2601499999999999e-01,-1.4669199999999999e-01,9.9706499999999998e-01,-1.0411999999999999e-02,-6.6821000000000005e-02,-5.8730999999999998e-02,9.9598100000000001e-01,2.5078699999999998e-01,1.9869400000000001e-01,2.1221699999999999e-01,2.6076700000000003e-01,-3.4335500000000002e-01,-3.4093800000000002e-01,-1.2281800000000000e-01,1.8603400000000000e-01,2.7250400000000002e-01,-3.4799799999999997e-01,-5.0168999999999998e-02,-1.4857039999999999e+00,1.1792950000000000e+00,4.3392000000000000e-02,-8.5080900000000004e-01,-1.4856490000000000e+00,-1.1780430000000000e+00,-1.3249000000000000e-01,-9.7012200000000004e-01
2.2746600000000000e-01,-1.4161199999999999e-01,9.9734599999999995e-01,-8.7150000000000005e-03,-6.7127999999999993e-02,-6.3245999999999997e-02,9.9570000000000003e-01,2.6280599999999998e-01,1.9138700000000000e-01,2.2964999999999999e-01,2.3634500000000000e-01,-3.4344700000000000e-01,-3.3413300000000001e-01,-1.3198900000000000e-01,1.8571699999999999e-01,2.6665000000000000e-01,-3.4050900000000001e-01,-4.9938000000000003e-02,-1.4856950000000000e+00,1.1871799999999999e+00,6.9848999999999994e-02,-8.5663599999999995e-01,-1.4856060000000000e+00,-1.1864070000000000e+00,-1.6321600000000000e-01,-9.1216600000000003e-01
2.2885800000000001e-01,-1.3663100000000000e-01,9.9753700000000001e-01,-6.6880000000000004e-03,-6.7353999999999997e-02,-6.6988000000000006e-02,9.9545499999999998e-01,2.7272800000000003e-01,1.8336800000000000e-01,2.4324299999999999e-01,2.1895800000000001e-01,-3.4288999999999997e-01,-3.2645000000000002e-01,-1.4117900000000000e-01,1.8161500000000000e-01,2.6833299999999999e-01,-3.3548000000000000e-01,-5.0325000000000002e-02,-1.4856849999999999e+00,1.1868479999999999e+00,7.9420000000000004e-02,-8.5116000000000003e-01,-1.4855080000000001e+00,-1.1934240000000000e+00,-1.8567400000000001e-01,-8.5374399999999995e-01
2.2992499999999999e-01,-1.3177400000000000e-01,9.9774099999999999e-01,-4.5149999999999999e-03,-6.7002999999999993e-02,-6.9889000000000007e-02,9.9529199999999995e-01,2.7990700000000002e-01,1.7465400000000000e-01,2.4993099999999999e-01,2.1167600000000000e-01,-3.4238400000000002e-01,-3.1886999999999999e-01,-1.4946599999999999e-01,1.7252600000000001e-01,2.7723799999999998e-01,-3.3282499999999998e-01,-5.0847000000000003e-02,-1.4856849999999999e+00,1.1894600000000000e+00,9.1146000000000005e-02,-8.4704199999999996e-01,-1.4850190000000001e+00,-1.2021839999999999e+00,-1.9535000000000000e-01,-8.2382500000000003e-01
2.3061799999999999e-01,-1.2701699999999999e-01,9.9801499999999999e-01,-2.0830000000000002e-03,-6.5409999999999996e-02,-7.2902999999999996e-02,9.9519000000000002e-01,2.8507500000000002e-01,1.6437399999999999e-01,2.4821499999999999e-01,2.1585699999999999e-01,-3.4361900000000001e-01,-3.0987399999999998e-01,-1.5642600000000001e-01,1.5736200000000000e-01,2.9226799999999997e-01,-3.3183900000000000e-01,-5.1258999999999999e-02,-1.4856840000000000e+00,1.2061700000000000e+00,1.0845800000000000e-01,-8.4889899999999996e-01,-1.4838510000000000e+00,-1.2124850000000000e+00,-1.9660200000000000e-01,-8.2178700000000005e-01
2.3112700000000000e-01,-1.2234200000000001e-01,9.9826999999999999e-01,1.1700000000000000e-04,-6.3801999999999998e-02,-7.6354000000000005e-02,9.9503699999999995e-01,2.8914499999999999e-01,1.5426899999999999e-01,2.4278200000000000e-01,2.2747899999999999e-01,-3.4693700000000000e-01,-3.0007299999999998e-01,-1.6260700000000000e-01,1.4085100000000000e-01,3.0944199999999999e-01,-3.3017200000000002e-01,-5.1269000000000002e-02,-1.4856849999999999e+00,1.2095620000000000e+00,1.3404600000000000e-01,-8.5689300000000002e-01,-1.4826649999999999e+00,-1.2115610000000001e+00,-1.6868100000000000e-01,-8.4888300000000005e-01
2.3158400000000001e-01,-1.1768700000000000e-01,9.9839599999999995e-01,2.6050000000000001e-03,-6.2823000000000004e-02,-8.0472000000000002e-02,9.9477199999999999e-01,2.9314699999999999e-01,1.4366000000000001e-01,2.3733000000000001e-01,2.4249899999999999e-01,-3.5174400000000000e-01,-2.8979800000000000e-01,-1.6996200000000000e-01,1.2422900000000001e-01,3.2792300000000002e-01,-3.2774399999999998e-01,-5.0840999999999997e-02,-1.4856520000000000e+00,1.1970040000000000e+00,1.5176400000000001e-01,-8.6449600000000004e-01,-1.4746030000000001e+00,-1.1946749999999999e+00,-1.8749299999999999e-01,-8.9035699999999995e-01
2.3206099999999999e-01,-1.1303700000000000e-01,9.9827399999999999e-01,5.5090000000000000e-03,-6.2325999999999999e-02,-8.5142999999999996e-02,9.9440200000000001e-01,2.9698600000000003e-01,1.3236700000000001e-01,2.3139999999999999e-01,2.6141199999999998e-01,-3.5751800000000000e-01,-2.7871299999999999e-01,-1.7845500000000000e-01,1.0791100000000001e-01,3.4712199999999999e-01,-3.2639600000000002e-01,-4.9910999999999997e-02,-1.4854959999999999e+00,1.1992490000000000e+00,1.5655300000000000e-01,-8.7895000000000001e-01,-1.4633710000000000e+00,-1.1756240000000000e+00,-2.0001200000000000e-01,-9.2246300000000003e-01
2.3258000000000001e-01,-1.0819800000000000e-01,9.9778599999999995e-01,8.9269999999999992e-03,-6.2094000000000003e-02,-9.0352000000000002e-02,9.9393200000000004e-01,3.0069800000000002e-01,1.1977200000000000e-01,2.2547200000000001e-01,2.8286499999999998e-01,-3.6483900000000002e-01,-2.6688299999999998e-01,-1.8839900000000001e-01,9.0302999999999994e-02,3.6899700000000002e-01,-3.2707100000000000e-01,-4.8079999999999998e-02,-1.4844299999999999e+00,1.2031060000000000e+00,1.5298400000000001e-01,-8.9392099999999997e-01,-1.4487250000000000e+00,-1.1537660000000001e+00,-2.1031400000000000e-01,-9.2941799999999997e-01
2.3312099999999999e-01,-1.0297700000000000e-01,9.9683299999999997e-01,1.2866000000000001e-02,-6.1984999999999998e-02,-9.5956000000000000e-02,9.9336999999999998e-01,3.0389400000000000e-01,1.0536300000000000e-01,2.1869500000000000e-01,3.0804300000000001e-01,-3.7475700000000001e-01,-2.5328699999999998e-01,-1.9987400000000000e-01,7.1071999999999996e-02,3.9437499999999998e-01,-3.3025199999999999e-01,-4.5272000000000000e-02,-1.4797430000000000e+00,1.2077150000000001e+00,1.5620400000000001e-01,-9.0368999999999999e-01,-1.4343280000000000e+00,-1.1309730000000000e+00,-2.1945799999999999e-01,-9.1261800000000004e-01
2.3369699999999999e-01,-9.7281999999999993e-02,9.9546000000000001e-01,1.7233999999999999e-02,-6.2231000000000002e-02,-1.0170999999999999e-01,9.9271600000000004e-01,3.0637300000000001e-01,8.9306999999999997e-02,2.1201600000000001e-01,3.3579999999999999e-01,-3.8653199999999999e-01,-2.3808900000000000e-01,-2.1293799999999999e-01,5.2276000000000003e-02,4.2079000000000000e-01,-3.3536700000000003e-01,-4.1672000000000001e-02,-1.4683420000000000e+00,1.2117750000000000e+00,1.6278699999999999e-01,-9.0536399999999995e-01,-1.4158320000000000e+00,-1.1078720000000000e+00,-2.3066999999999999e-01,-8.9112499999999994e-01
2.3424000000000000e-01,-9.1090000000000004e-02,9.9391399999999996e-01,2.2540999999999999e-02,-6.2712000000000004e-02,-1.0738499999999999e-01,9.9198200000000003e-01,3.0877300000000002e-01,7.0527999999999993e-02,2.0508799999999999e-01,3.6652699999999999e-01,-3.9922099999999999e-01,-2.2135500000000000e-01,-2.2817899999999999e-01,3.3848999999999997e-02,4.4774500000000000e-01,-3.4378399999999998e-01,-3.7458999999999999e-02,-1.4548639999999999e+00,1.2150060000000000e+00,1.7196400000000001e-01,-8.9607199999999998e-01,-1.3978580000000000e+00,-1.0863630000000000e+00,-2.3963400000000001e-01,-8.6906899999999998e-01
2.3485500000000001e-01,-8.4292000000000006e-02,9.9357700000000004e-01,2.9052999999999999e-02,-6.3164999999999999e-02,-1.1265000000000000e-01,9.9119900000000005e-01,3.0998199999999998e-01,5.0139999999999997e-02,1.9876099999999999e-01,4.0273599999999998e-01,-4.1176699999999999e-01,-2.0600099999999999e-01,-2.4602900000000000e-01,1.3410000000000000e-02,4.7705199999999998e-01,-3.5396600000000000e-01,-3.2537999999999997e-02,-1.4448330000000000e+00,1.2204969999999999e+00,1.7809700000000001e-01,-8.7293200000000004e-01,-1.3835949999999999e+00,-1.0690219999999999e+00,-2.3826300000000000e-01,-8.5019599999999995e-01
2.3534200000000000e-01,-7.6740000000000003e-02,9.9139900000000003e-01,3.6648000000000000e-02,-6.3108999999999998e-02,-1.1741600000000001e-01,9.9039800000000000e-01,3.1047999999999998e-01,2.4048000000000000e-02,1.8925800000000001e-01,4.3787100000000001e-01,-4.2336099999999999e-01,-1.9318700000000000e-01,-2.6795500000000000e-01,-1.0392999999999999e-02,5.0873500000000005e-01,-3.6609000000000003e-01,-2.6706000000000001e-02,-1.4407040000000000e+00,1.2314560000000001e+00,1.8040900000000001e-01,-8.3448400000000000e-01,-1.3753679999999999e+00,-1.0564819999999999e+00,-2.2752500000000001e-01,-8.3389800000000003e-01
2.3573800000000000e-01,-6.8803000000000003e-02,9.8857200000000001e-01,4.5273000000000001e-02,-6.2899999999999998e-02,-1.2183300000000000e-01,9.8951999999999996e-01,3.1177800000000000e-01,-4.9399999999999999e-03,1.8088899999999999e-01,4.6865200000000001e-01,-4.3191700000000000e-01,-1.8168999999999999e-01,-2.9292600000000002e-01,-3.5979999999999998e-02,5.4157599999999995e-01,-3.7899200000000000e-01,-2.0018000000000001e-02,-1.4416549999999999e+00,1.2485320000000000e+00,1.7480399999999999e-01,-7.8636099999999998e-01,-1.3750089999999999e+00,-1.0487839999999999e+00,-2.0805899999999999e-01,-8.1810899999999998e-01
2.3594100000000001e-01,-6.0962000000000002e-02,9.8543099999999995e-01,5.5034000000000000e-02,-6.2420000000000003e-02,-1.2580700000000000e-01,9.8855800000000005e-01,3.1502700000000000e-01,-3.5656000000000000e-02,1.7321800000000001e-01,4.9561300000000003e-01,-4.3763999999999997e-01,-1.6951800000000000e-01,-3.1997700000000001e-01,-6.3301999999999997e-02,5.7689500000000005e-01,-3.9364500000000002e-01,-1.2813000000000000e-02,-1.4438260000000001e+00,1.2698410000000000e+00,1.6037299999999999e-01,-7.3950000000000005e-01,-1.3857690000000000e+00,-1.0430779999999999e+00,-1.7824400000000001e-01,-8.0548799999999998e-01
2.3599899999999999e-01,-5.3739000000000002e-02,9.8227399999999998e-01,6.4609000000000000e-02,-6.1393000000000003e-02,-1.2830900000000001e-01,9.8772099999999996e-01,3.2351600000000003e-01,-6.3458000000000001e-02,1.6661599999999999e-01,5.1583500000000004e-01,-4.4249600000000000e-01,-1.5845999999999999e-01,-3.4604299999999999e-01,-9.0789999999999996e-02,6.1276600000000003e-01,-4.0693699999999999e-01,-5.5820000000000002e-03,-1.4546630000000000e+00,1.2934630000000000e+00,1.3877900000000001e-01,-6.9663299999999995e-01,-1.4077700000000000e+00,-1.0423300000000000e+00,-1.4116400000000001e-01,-7.9215999999999998e-01
2.3602699999999999e-01,-4.7865999999999999e-02,9.7961399999999998e-01,7.2958999999999996e-02,-6.0094000000000002e-02,-1.2852800000000000e-01,9.8719100000000004e-01,3.3178700000000000e-01,-8.6568000000000006e-02,1.6243400000000000e-01,5.2714700000000003e-01,-4.4569799999999998e-01,-1.5010499999999999e-01,-3.6807299999999998e-01,-1.1351200000000000e-01,6.4306900000000000e-01,-4.1694700000000001e-01,1.5020000000000001e-03,-1.4705690000000000e+00,1.3138470000000000e+00,1.1137300000000000e-01,-6.5954400000000002e-01,-1.4358890000000000e+00,-1.0467020000000000e+00,-1.0293300000000000e-01,-7.8031399999999995e-01
2.3628399999999999e-01,-4.4131999999999998e-02,9.7770800000000002e-01,7.8882999999999995e-02,-5.9388000000000003e-02,-1.2501499999999999e-01,9.8722900000000002e-01,3.3776299999999998e-01,-1.0117100000000000e-01,1.6027900000000000e-01,5.3248200000000001e-01,-4.4769100000000001e-01,-1.4623900000000001e-01,-3.8301299999999999e-01,-1.2584100000000001e-01,6.6424499999999997e-01,-4.2466799999999999e-01,7.9690000000000004e-03,-1.4825470000000001e+00,1.3247960000000001e+00,7.9017000000000004e-02,-6.3369200000000003e-01,-1.4604560000000000e+00,-1.0554420000000000e+00,-6.8548999999999999e-02,-7.7290899999999996e-01
2.3705599999999999e-01,-4.2935000000000001e-02,9.7673299999999996e-01,8.0629000000000006e-02,-5.9846999999999997e-02,-1.1704199999999999e-01,9.8803799999999997e-01,3.3838600000000002e-01,-1.0339800000000000e-01,1.5934899999999999e-01,5.3399200000000002e-01,-4.5075100000000001e-01,-1.4547199999999999e-01,-3.8729599999999997e-01,-1.2209800000000000e-01,6.7307799999999995e-01,-4.3093100000000001e-01,1.2203000000000000e-02,-1.4854190000000000e+00,1.3240920000000000e+00,4.4520999999999998e-02,-6.2491699999999994e-01,-1.4739910000000001e+00,-1.0640460000000000e+00,-4.4332999999999997e-02,-7.7118900000000001e-01
2.3858799999999999e-01,-4.4144000000000003e-02,9.7725799999999996e-01,7.8494999999999995e-02,-6.2363000000000002e-02,-1.0625100000000000e-01,9.8927299999999996e-01,3.3368100000000001e-01,-9.4426999999999997e-02,1.6288500000000000e-01,5.2983700000000000e-01,-4.5182000000000000e-01,-1.4673100000000000e-01,-3.8267299999999999e-01,-1.0228000000000000e-01,6.7006900000000003e-01,-4.3342000000000003e-01,1.3539000000000001e-02,-1.4856650000000000e+00,1.3104819999999999e+00,9.7459999999999995e-03,-6.2923099999999998e-01,-1.4773210000000001e+00,-1.0681130000000001e+00,-3.1843999999999997e-02,-7.7447600000000005e-01
2.4132799999999999e-01,-4.7636999999999999e-02,9.8120700000000005e-01,7.4279999999999999e-02,-6.6822000000000006e-02,-9.5953999999999998e-02,9.9035899999999999e-01,3.2169999999999999e-01,-7.9903000000000002e-02,1.7290100000000000e-01,5.1958099999999996e-01,-4.4434299999999999e-01,-1.5011400000000000e-01,-3.7579499999999999e-01,-7.1168999999999996e-02,6.6005400000000003e-01,-4.2926500000000001e-01,1.3162999999999999e-02,-1.4857070000000001e+00,1.2902769999999999e+00,-1.7552999999999999e-02,-6.3613299999999995e-01,-1.4761629999999999e+00,-1.0655129999999999e+00,-2.7399000000000000e-02,-7.8080700000000003e-01
2.4492000000000000e-01,-5.3387999999999998e-02,9.8437799999999998e-01,6.8080000000000002e-02,-7.2846999999999995e-02,-8.5597999999999994e-02,9.9132799999999999e-01,3.0742799999999998e-01,-5.7322999999999999e-02,1.8768199999999999e-01,5.0463499999999994e-01,-4.2855199999999999e-01,-1.5801200000000001e-01,-3.6165399999999998e-01,-3.2793999999999997e-02,6.3860600000000001e-01,-4.1980400000000001e-01,1.1342000000000000e-02,-1.4857250000000000e+00,1.2828910000000000e+00,-4.2138000000000002e-02,-6.4460600000000001e-01,-1.4729589999999999e+00,-1.0646960000000001e+00,-3.3771000000000002e-02,-7.8663899999999998e-01
2.4917100000000000e-01,-6.1022000000000000e-02,9.8743499999999995e-01,5.9985999999999998e-02,-7.9625000000000001e-02,-7.7234999999999998e-02,9.9201600000000001e-01,2.9318000000000000e-01,-2.7493000000000000e-02,2.0508299999999999e-01,4.8755300000000001e-01,-4.0844100000000000e-01,-1.7141500000000001e-01,-3.4356300000000001e-01,6.0520000000000001e-03,6.1452700000000005e-01,-4.0565699999999999e-01,9.0010000000000003e-03,-1.4857350000000000e+00,1.2600119999999999e+00,-5.9115000000000001e-02,-6.5661599999999998e-01,-1.4698119999999999e+00,-1.0577780000000001e+00,-4.2230999999999998e-02,-7.9417899999999997e-01
2.5360600000000000e-01,-7.0174000000000000e-02,9.9028700000000003e-01,5.0699000000000001e-02,-8.6322999999999997e-02,-6.9970000000000004e-02,9.9251299999999998e-01,2.7718399999999999e-01,5.4270000000000004e-03,2.2079199999999999e-01,4.7332999999999997e-01,-3.8833400000000001e-01,-1.9138100000000000e-01,-3.2382200000000000e-01,4.1432999999999998e-02,5.9234900000000001e-01,-3.8699600000000001e-01,6.5529999999999998e-03,-1.4857570000000000e+00,1.2356450000000001e+00,-6.7672999999999997e-02,-6.7040800000000000e-01,-1.4673940000000001e+00,-1.0500490000000000e+00,-5.4704000000000003e-02,-8.0292600000000003e-01
2.5774200000000003e-01,-8.0596000000000001e-02,9.9243899999999996e-01,4.0035000000000001e-02,-9.2603000000000005e-02,-6.3206999999999999e-02,9.9288799999999999e-01,2.5987800000000000e-01,4.1126000000000003e-02,2.3122899999999999e-01,4.6695900000000001e-01,-3.7312400000000001e-01,-2.1484500000000001e-01,-3.0179000000000000e-01,7.4057999999999999e-02,5.7337700000000003e-01,-3.6846099999999998e-01,3.4580000000000001e-03,-1.4857460000000000e+00,1.2094290000000001e+00,-6.7224999999999993e-02,-6.8462999999999996e-01,-1.4677410000000000e+00,-1.0428610000000000e+00,-4.0992000000000001e-02,-8.2014299999999996e-01
2.6128600000000002e-01,-9.2136999999999997e-02,9.9338400000000004e-01,2.7425000000000001e-02,-9.7972000000000004e-02,-5.6945999999999997e-02,9.9317999999999995e-01,2.4010200000000001e-01,8.0343999999999999e-02,2.3483899999999999e-01,4.7054000000000001e-01,-3.6721500000000001e-01,-2.3912400000000000e-01,-2.7508600000000000e-01,1.0580500000000000e-01,5.5642700000000000e-01,-3.5541800000000001e-01,-6.4000000000000005e-04,-1.4857480000000001e+00,1.1870849999999999e+00,-5.7127999999999998e-02,-6.9931600000000005e-01,-1.4605880000000000e+00,-1.0371109999999999e+00,-5.4144999999999999e-02,-8.3165299999999998e-01
2.6385599999999998e-01,-1.0453900000000001e-01,9.9280500000000005e-01,1.3769999999999999e-02,-1.0153500000000000e-01,-5.1619999999999999e-02,9.9339599999999995e-01,2.2157499999999999e-01,1.2211100000000000e-01,2.2784900000000000e-01,4.8795899999999998e-01,-3.7242999999999998e-01,-2.5830500000000001e-01,-2.4273100000000000e-01,1.3408500000000001e-01,5.4536700000000005e-01,-3.5307600000000000e-01,-6.2129999999999998e-03,-1.4857510000000000e+00,1.1706150000000000e+00,-3.9712999999999998e-02,-7.1616700000000000e-01,-1.4480020000000000e+00,-1.0323160000000000e+00,-7.9668000000000003e-02,-8.4099999999999997e-01
2.6549000000000000e-01,-1.1724600000000000e-01,9.9099999999999999e-01,3.0899999999999998e-04,-1.0382300000000000e-01,-4.7865999999999999e-02,9.9344299999999996e-01,2.0364299999999999e-01,1.6349500000000000e-01,2.1366900000000000e-01,5.1584600000000003e-01,-3.8231399999999999e-01,-2.7463199999999999e-01,-2.0839500000000000e-01,1.5924199999999999e-01,5.3668300000000002e-01,-3.6048500000000000e-01,-1.2782999999999999e-02,-1.4857640000000001e+00,1.1625710000000000e+00,-1.6567999999999999e-02,-7.3769300000000004e-01,-1.4311000000000000e+00,-1.0297940000000001e+00,-1.4300199999999999e-01,-8.3899100000000004e-01
2.6641700000000001e-01,-1.2974200000000000e-01,9.8850899999999997e-01,-1.2576000000000000e-02,-1.0599100000000000e-01,-4.5530000000000001e-02,9.9324500000000004e-01,1.8706500000000001e-01,2.0388100000000001e-01,1.9609499999999999e-01,5.5154999999999998e-01,-3.8956000000000002e-01,-2.8783500000000001e-01,-1.7408799999999999e-01,1.8304999999999999e-01,5.3006699999999995e-01,-3.7239100000000003e-01,-1.9976000000000001e-02,-1.4857640000000001e+00,1.1577780000000000e+00,3.1599999999999998e-04,-7.6149599999999995e-01,-1.4130490000000000e+00,-1.0308079999999999e+00,-1.7334600000000000e-01,-8.3790799999999999e-01
2.6663799999999999e-01,-1.4161699999999999e-01,9.8555300000000001e-01,-2.5309000000000002e-02,-1.0746400000000000e-01,-4.3304000000000002e-02,9.9294300000000002e-01,1.7337200000000000e-01,2.4414600000000000e-01,1.7439499999999999e-01,5.9177800000000003e-01,-3.9584399999999997e-01,-2.9909999999999998e-01,-1.3908200000000001e-01,2.0292499999999999e-01,5.2864900000000004e-01,-3.8584000000000002e-01,-2.7713000000000002e-02,-1.4857640000000001e+00,1.1569959999999999e+00,8.7469999999999996e-03,-7.9381100000000004e-01,-1.4010039999999999e+00,-1.0560790000000000e+00,-1.8201700000000001e-01,-8.2991199999999998e-01
2.6612599999999997e-01,-1.5238599999999999e-01,9.8230899999999999e-01,-3.7330000000000002e-02,-1.0776800000000000e-01,-4.1163999999999999e-02,9.9262200000000000e-01,1.6167200000000001e-01,2.8145100000000001e-01,1.5151899999999999e-01,6.3006899999999999e-01,-4.0497800000000000e-01,-3.0918000000000001e-01,-1.0518500000000000e-01,2.1582999999999999e-01,5.3400599999999998e-01,-3.9899400000000002e-01,-3.5776000000000002e-02,-1.4857510000000000e+00,1.1511380000000000e+00,5.7990000000000003e-03,-8.2043999999999995e-01,-1.3932020000000001e+00,-1.0716230000000000e+00,-1.6057299999999999e-01,-8.2206100000000004e-01
2.6481500000000002e-01,-1.6175500000000001e-01,9.7905200000000003e-01,-4.8608999999999999e-02,-1.0669900000000000e-01,-3.6916999999999998e-02,9.9241599999999996e-01,1.4798500000000001e-01,3.1449700000000003e-01,1.2738099999999999e-01,6.6498400000000002e-01,-4.1790300000000002e-01,-3.1680599999999998e-01,-7.1538000000000004e-02,2.2000400000000001e-01,5.4975399999999996e-01,-4.1046400000000000e-01,-4.4013999999999998e-02,-1.4857499999999999e+00,1.1343840000000001e+00,4.4879999999999998e-03,-8.4204299999999999e-01,-1.3856010000000001e+00,-1.0963080000000001e+00,-1.6410700000000000e-01,-8.0380399999999996e-01
2.6286599999999999e-01,-1.6960100000000000e-01,9.7623499999999996e-01,-5.8783000000000002e-02,-1.0479400000000000e-01,-3.2439000000000003e-02,9.9222500000000002e-01,1.3676199999999999e-01,3.4363700000000003e-01,1.0354900000000000e-01,6.9438699999999998e-01,-4.3074400000000002e-01,-3.2354800000000000e-01,-3.9625000000000000e-02,2.1871599999999999e-01,5.6830199999999997e-01,-4.1999100000000000e-01,-5.2838999999999997e-02,-1.4857499999999999e+00,1.1091960000000001e+00,-1.5799999999999999e-04,-8.4951900000000002e-01,-1.3746560000000001e+00,-1.1178740000000000e+00,-1.7558199999999999e-01,-7.8713800000000000e-01
2.6057500000000000e-01,-1.7552799999999999e-01,9.7444299999999995e-01,-6.6586000000000006e-02,-1.0172600000000000e-01,-2.9006000000000001e-02,9.9215799999999998e-01,1.2799500000000000e-01,3.6453300000000000e-01,8.1961999999999993e-02,7.1624800000000000e-01,-4.4002900000000000e-01,-3.3175399999999999e-01,-1.4792000000000000e-02,2.1310799999999999e-01,5.8251200000000003e-01,-4.2573699999999998e-01,-6.1934999999999997e-02,-1.4857499999999999e+00,1.0851350000000000e+00,1.3170000000000000e-03,-8.6477499999999996e-01,-1.3773940000000000e+00,-1.1584310000000000e+00,-1.7596100000000001e-01,-7.6822599999999996e-01
2.5804600000000000e-01,-1.7962200000000000e-01,9.7411800000000004e-01,-7.2640999999999997e-02,-9.7573999999999994e-02,-2.6537999999999999e-02,9.9221899999999996e-01,1.2339100000000000e-01,3.7908799999999998e-01,6.2635999999999997e-02,7.2830200000000000e-01,-4.4363100000000000e-01,-3.3606599999999998e-01,5.6940000000000003e-03,2.0612500000000000e-01,5.8890699999999996e-01,-4.2565799999999998e-01,-7.1618000000000001e-02,-1.4857499999999999e+00,1.0656200000000000e+00,5.2420000000000001e-03,-8.8573500000000005e-01,-1.3921859999999999e+00,-1.2026969999999999e+00,-1.6892900000000000e-01,-7.5342100000000001e-01
2.5522800000000001e-01,-1.8223300000000001e-01,9.7542600000000002e-01,-7.7313000000000007e-02,-9.2527999999999999e-02,-2.5238000000000000e-02,9.9238300000000002e-01,1.2564900000000001e-01,3.8951400000000003e-01,4.3790999999999997e-02,7.3058199999999995e-01,-4.3949199999999999e-01,-3.3349800000000002e-01,2.4840000000000001e-02,1.9790099999999999e-01,5.8839900000000001e-01,-4.1957499999999998e-01,-8.2359000000000002e-02,-1.4857499999999999e+00,1.0516920000000001e+00,1.0789999999999999e-02,-9.0721399999999996e-01,-1.4159160000000000e+00,-1.2441750000000000e+00,-1.5872900000000001e-01,-7.4846400000000002e-01
2.5243500000000002e-01,-1.8343400000000001e-01,9.7819500000000004e-01,-8.0498000000000000e-02,-8.7136000000000005e-02,-2.5280000000000000e-02,9.9261699999999997e-01,1.3318099999999999e-01,3.9535799999999999e-01,2.8801000000000000e-02,7.2160400000000002e-01,-4.2863299999999999e-01,-3.2847999999999999e-01,3.9902000000000000e-02,1.8986300000000000e-01,5.8016900000000005e-01,-4.0706700000000001e-01,-9.3568999999999999e-02,-1.4857499999999999e+00,1.0414990000000000e+00,1.6322000000000000e-02,-9.2574400000000001e-01,-1.4426270000000001e+00,-1.2787329999999999e+00,-1.4796599999999999e-01,-7.5433799999999995e-01
2.4998699999999999e-01,-1.8341700000000000e-01,9.8179700000000003e-01,-8.2847000000000004e-02,-8.2195000000000004e-02,-2.6572999999999999e-02,9.9281100000000000e-01,1.4307000000000000e-01,3.9823599999999998e-01,1.9887999999999999e-02,7.0437200000000000e-01,-4.1411100000000001e-01,-3.2292500000000002e-01,5.0516999999999999e-02,1.8276600000000001e-01,5.6850999999999996e-01,-3.8965100000000003e-01,-1.0441400000000001e-01,-1.4857499999999999e+00,1.0302020000000001e+00,1.8578000000000001e-02,-9.3876599999999999e-01,-1.4712419999999999e+00,-1.2881520000000000e+00,-1.7332500000000001e-01,-7.6452200000000003e-01
2.4796000000000001e-01,-1.8234900000000001e-01,9.8547600000000002e-01,-8.5564000000000001e-02,-7.8270000000000006e-02,-2.8962000000000002e-02,9.9283100000000002e-01,1.5461500000000000e-01,4.0114800000000000e-01,1.8131000000000001e-02,6.7975699999999994e-01,-4.0126899999999999e-01,-3.1681799999999999e-01,5.9296000000000001e-02,1.7847199999999999e-01,5.5464899999999995e-01,-3.6833800000000000e-01,-1.1456600000000000e-01,-1.4857490000000000e+00,1.0173900000000000e+00,2.0388000000000000e-02,-9.5072100000000004e-01,-1.4822150000000001e+00,-1.3143629999999999e+00,-1.7701300000000000e-01,-7.9216100000000000e-01
2.4635799999999999e-01,-1.7989500000000000e-01,9.8813300000000004e-01,-8.7526999999999994e-02,-7.5375999999999999e-02,-3.3831000000000000e-02,9.9273000000000000e-01,1.6803599999999999e-01,4.0123999999999999e-01,2.3276000000000002e-02,6.5298900000000004e-01,-3.9766499999999999e-01,-3.1075900000000001e-01,6.2825000000000006e-02,1.7215800000000001e-01,5.4600199999999999e-01,-3.5055700000000001e-01,-1.2363000000000000e-01,-1.4857469999999999e+00,1.0039419999999999e+00,2.2303000000000000e-02,-9.6100699999999994e-01,-1.4850380000000001e+00,-1.3412189999999999e+00,-1.8637400000000001e-01,-8.2442499999999996e-01
2.4518100000000001e-01,-1.7599899999999999e-01,9.8897000000000002e-01,-8.7635000000000005e-02,-7.4054999999999996e-02,-4.2958000000000003e-02,9.9246699999999999e-01,1.8209700000000001e-01,3.9645000000000002e-01,3.5858000000000001e-02,6.3060600000000000e-01,-4.0678199999999998e-01,-2.9909400000000003e-01,6.0483000000000002e-02,1.6197900000000001e-01,5.4680499999999999e-01,-3.4390100000000001e-01,-1.3120000000000001e-01,-1.4857410000000000e+00,9.9395199999999995e-01,2.3009000000000002e-02,-9.7108099999999997e-01,-1.4854560000000001e+00,-1.3576390000000000e+00,-2.0109900000000000e-01,-8.5107900000000003e-01
2.4440799999999999e-01,-1.7045800000000000e-01,9.8792899999999995e-01,-8.5605000000000001e-02,-7.4438000000000004e-02,-5.7845000000000001e-02,9.9185900000000005e-01,1.9452500000000000e-01,3.8495400000000002e-01,5.6884999999999998e-02,6.1481600000000003e-01,-4.2603000000000002e-01,-2.8118399999999999e-01,5.1492000000000003e-02,1.4542200000000000e-01,5.6026600000000004e-01,-3.5009499999999999e-01,-1.3503899999999999e-01,-1.4857300000000000e+00,9.8641500000000004e-01,2.2669999999999999e-02,-9.8046500000000003e-01,-1.4855419999999999e+00,-1.3585940000000001e+00,-2.1005799999999999e-01,-8.7009700000000001e-01
2.4394299999999999e-01,-1.6351399999999999e-01,9.8559900000000000e-01,-8.1543000000000004e-02,-7.5941999999999996e-02,-7.7219999999999997e-02,9.9076799999999998e-01,2.0938000000000001e-01,3.6757899999999999e-01,7.7676999999999996e-02,6.1116599999999999e-01,-4.4923800000000003e-01,-2.5719500000000001e-01,3.7289000000000003e-02,1.2248700000000000e-01,5.8467400000000003e-01,-3.6440800000000001e-01,-1.3531499999999999e-01,-1.4857149999999999e+00,9.8012900000000003e-01,2.5269000000000000e-02,-9.8770300000000000e-01,-1.4856180000000001e+00,-1.3441710000000000e+00,-2.0155799999999999e-01,-8.8558499999999996e-01
2.4376999999999999e-01,-1.5539800000000001e-01,9.8272800000000005e-01,-7.6490000000000002e-02,-7.8250000000000000e-02,-9.7861000000000004e-02,9.8916599999999999e-01,2.2795499999999999e-01,3.4749799999999997e-01,9.1912999999999995e-02,6.2162799999999996e-01,-4.7031600000000001e-01,-2.2800500000000001e-01,2.0389000000000001e-02,9.9173999999999998e-02,6.1112999999999995e-01,-3.8188400000000000e-01,-1.3361100000000001e-01,-1.4852090000000000e+00,9.7145899999999996e-01,2.8229000000000001e-02,-9.9240499999999998e-01,-1.4855400000000001e+00,-1.3234349999999999e+00,-1.8364400000000000e-01,-9.0084799999999998e-01
2.4386500000000000e-01,-1.4612600000000001e-01,9.8011800000000004e-01,-7.0448999999999998e-02,-7.9411999999999996e-02,-1.1607600000000000e-01,9.8755099999999996e-01,2.4888099999999999e-01,3.2405400000000001e-01,1.0033499999999999e-01,6.3292999999999999e-01,-4.9095800000000001e-01,-1.9775100000000001e-01,6.0700000000000001e-04,7.5068999999999997e-02,6.3422800000000001e-01,-3.9521800000000001e-01,-1.3158500000000001e-01,-1.4788900000000000e+00,9.5947800000000005e-01,3.3411999999999997e-02,-9.9739599999999995e-01,-1.4852850000000000e+00,-1.3082769999999999e+00,-1.7508099999999999e-01,-9.1682200000000003e-01
2.4444800000000000e-01,-1.3595299999999999e-01,9.7830200000000000e-01,-6.3149999999999998e-02,-7.9838999999999993e-02,-1.3058000000000000e-01,9.8619800000000002e-01,2.7658899999999997e-01,2.9908699999999999e-01,1.0928000000000000e-01,6.3038300000000003e-01,-5.1105100000000003e-01,-1.7430599999999999e-01,-2.4500000000000001e-02,5.6173000000000001e-02,6.4460899999999999e-01,-4.0300999999999998e-01,-1.3051800000000000e-01,-1.4615359999999999e+00,9.4287500000000002e-01,4.6051000000000002e-02,-1.0044679999999999e+00,-1.4854170000000000e+00,-1.3009809999999999e+00,-1.7977899999999999e-01,-9.3148500000000001e-01
2.4573600000000001e-01,-1.2518099999999999e-01,9.7789800000000004e-01,-5.4146000000000000e-02,-8.0503000000000005e-02,-1.4177400000000001e-01,9.8513300000000004e-01,3.0620799999999998e-01,2.7160699999999999e-01,1.2792500000000001e-01,6.0514100000000004e-01,-5.2267500000000000e-01,-1.5421099999999999e-01,-5.4309000000000003e-02,4.6600000000000003e-02,6.3921200000000000e-01,-4.0431000000000000e-01,-1.3089100000000001e-01,-1.4428179999999999e+00,9.2636399999999997e-01,6.5631999999999996e-02,-1.0044459999999999e+00,-1.4855790000000000e+00,-1.2988550000000001e+00,-1.8984300000000001e-01,-9.3863300000000005e-01
2.4763600000000000e-01,-1.1394200000000000e-01,9.7899899999999995e-01,-4.4734000000000003e-02,-8.1765000000000004e-02,-1.5060100000000001e-01,9.8419100000000004e-01,3.3126400000000000e-01,2.4311099999999999e-01,1.5188900000000000e-01,5.7198199999999999e-01,-5.1998200000000006e-01,-1.3202200000000000e-01,-8.4600999999999996e-02,4.4068000000000003e-02,6.2495800000000001e-01,-3.9750099999999999e-01,-1.3265500000000000e-01,-1.4261189999999999e+00,9.2249700000000001e-01,9.4352000000000005e-02,-9.8521300000000001e-01,-1.4856370000000001e+00,-1.3037230000000000e+00,-2.0005100000000001e-01,-9.3452299999999999e-01
2.5018000000000001e-01,-1.0243300000000000e-01,9.8120399999999997e-01,-3.4874000000000002e-02,-8.2890000000000005e-02,-1.5829199999999999e-01,9.8328899999999997e-01,3.5351900000000003e-01,2.1371999999999999e-01,1.7808599999999999e-01,5.3540500000000002e-01,-5.0258999999999998e-01,-1.1160200000000001e-01,-1.1590499999999999e-01,4.3822000000000000e-02,6.0692999999999997e-01,-3.8413799999999998e-01,-1.3463500000000000e-01,-1.4097860000000000e+00,9.3017899999999998e-01,1.3020100000000001e-01,-9.5142199999999999e-01,-1.4851399999999999e+00,-1.3169329999999999e+00,-2.1926499999999999e-01,-9.1932700000000001e-01
2.5332800000000000e-01,-9.0827000000000005e-02,9.8329100000000003e-01,-2.4544000000000000e-02,-8.5976999999999998e-02,-1.6591000000000000e-01,9.8207900000000004e-01,3.7586300000000000e-01,1.8511100000000000e-01,2.1322800000000000e-01,4.9206800000000001e-01,-4.8015200000000002e-01,-9.4765000000000002e-02,-1.4997099999999999e-01,4.7301999999999997e-02,5.8926800000000001e-01,-3.7052099999999999e-01,-1.3556900000000000e-01,-1.3884069999999999e+00,9.5085600000000003e-01,1.6714300000000001e-01,-9.0297099999999997e-01,-1.4853110000000000e+00,-1.3284760000000000e+00,-2.3967800000000000e-01,-8.8388500000000003e-01
2.5678600000000001e-01,-7.9117000000000007e-02,9.8421999999999998e-01,-1.3388000000000001e-02,-8.9563000000000004e-02,-1.7512100000000000e-01,9.8037300000000005e-01,3.9359300000000003e-01,1.5352700000000000e-01,2.5487300000000002e-01,4.4681100000000001e-01,-4.6212700000000001e-01,-7.9283999999999993e-02,-1.8703900000000001e-01,4.5655000000000001e-02,5.8130899999999996e-01,-3.6120600000000003e-01,-1.3266400000000000e-01,-1.3637779999999999e+00,9.8323799999999995e-01,2.0343700000000001e-01,-8.4033300000000000e-01,-1.4857039999999999e+00,-1.3317060000000001e+00,-2.5539699999999999e-01,-8.3711199999999997e-01
2.6023499999999999e-01,-6.7321000000000006e-02,9.8347300000000004e-01,-2.0530000000000001e-03,-9.3935000000000005e-02,-1.8482899999999999e-01,9.7826900000000006e-01,4.0426600000000001e-01,1.1903700000000000e-01,2.9615000000000002e-01,4.1236000000000000e-01,-4.5243600000000000e-01,-6.4387000000000000e-02,-2.2635300000000000e-01,3.6498000000000003e-02,5.8990500000000001e-01,-3.5787400000000003e-01,-1.2529499999999999e-01,-1.3396630000000000e+00,1.0196620000000001e+00,2.3229500000000000e-01,-7.6668000000000003e-01,-1.4856810000000000e+00,-1.3246199999999999e+00,-2.6423799999999997e-01,-7.8732199999999997e-01
2.6316099999999998e-01,-5.5808000000000003e-02,9.8127699999999995e-01,9.6310000000000007e-03,-9.8008999999999999e-02,-1.9481799999999999e-01,9.7588299999999994e-01,4.1011900000000001e-01,8.1573999999999994e-02,3.2662000000000002e-01,4.0007399999999999e-01,-4.5096900000000001e-01,-4.8044999999999997e-02,-2.6566400000000001e-01,1.9779000000000001e-02,6.1200600000000005e-01,-3.6043399999999998e-01,-1.1473600000000000e-01,-1.3170329999999999e+00,1.0564169999999999e+00,2.5162000000000001e-01,-6.9137499999999996e-01,-1.4856879999999999e+00,-1.3091999999999999e+00,-2.6615499999999997e-01,-7.4189600000000000e-01
2.6526000000000000e-01,-4.4852999999999997e-02,9.7803899999999999e-01,2.1163000000000001e-02,-1.0128600000000000e-01,-2.0363800000000001e-01,9.7356299999999996e-01,4.1321300000000000e-01,4.3459999999999999e-02,3.3955600000000002e-01,4.1641400000000001e-01,-4.5778000000000002e-01,-3.4243999999999997e-02,-3.0340499999999998e-01,-2.6909999999999998e-03,6.4218799999999998e-01,-3.6713200000000001e-01,-1.0266599999999999e-01,-1.2954530000000000e+00,1.0929709999999999e+00,2.6163399999999998e-01,-6.2114899999999995e-01,-1.4856900000000000e+00,-1.2893559999999999e+00,-2.5935999999999998e-01,-7.0210300000000003e-01
2.6645600000000003e-01,-3.4685000000000001e-02,9.7437700000000005e-01,3.2872999999999999e-02,-1.0390199999999999e-01,-2.0959500000000000e-01,9.7169600000000000e-01,4.1355300000000000e-01,4.3410000000000002e-03,3.3737899999999998e-01,4.5392900000000003e-01,-4.6742699999999998e-01,-2.4160000000000001e-02,-3.3984399999999998e-01,-2.5153999999999999e-02,6.7236799999999997e-01,-3.7553500000000001e-01,-8.9827000000000004e-02,-1.2714350000000001e+00,1.1241680000000001e+00,2.6789000000000002e-01,-5.6217399999999995e-01,-1.4856830000000001e+00,-1.2732450000000000e+00,-2.4175700000000000e-01,-6.6630900000000004e-01
2.6681199999999999e-01,-2.5623000000000000e-02,9.7062999999999999e-01,4.4762999999999997e-02,-1.0532999999999999e-01,-2.1187400000000001e-01,9.7057300000000002e-01,4.1305799999999998e-01,-3.4299999999999997e-02,3.2615100000000002e-01,4.9828400000000000e-01,-4.7631200000000001e-01,-1.6562000000000000e-02,-3.7364900000000001e-01,-4.4431999999999999e-02,6.9836200000000004e-01,-3.8649400000000000e-01,-7.7534000000000006e-02,-1.2494660000000000e+00,1.1489750000000001e+00,2.6797799999999999e-01,-5.1358000000000004e-01,-1.4856620000000000e+00,-1.2657320000000001e+00,-2.1475800000000000e-01,-6.3645300000000005e-01
2.6606700000000000e-01,-1.8051999999999999e-02,9.6670900000000004e-01,5.5478000000000000e-02,-1.0574900000000000e-01,-2.0959500000000000e-01,9.7046900000000003e-01,4.1197499999999998e-01,-6.8612999999999993e-02,3.0663499999999999e-01,5.4706200000000005e-01,-4.8800100000000002e-01,-9.1400000000000006e-03,-3.9948899999999998e-01,-5.8304000000000002e-02,7.2100699999999995e-01,-4.0254099999999998e-01,-6.7132999999999998e-02,-1.2333350000000001e+00,1.1663859999999999e+00,2.5429700000000000e-01,-4.7415700000000000e-01,-1.4855959999999999e+00,-1.2642400000000000e+00,-1.8266800000000000e-01,-6.0894899999999996e-01
2.6430799999999999e-01,-1.2500000000000001e-02,9.6247700000000003e-01,6.4315999999999998e-02,-1.0569000000000001e-01,-2.0351600000000000e-01,9.7122299999999995e-01,4.1293299999999999e-01,-9.3301999999999996e-02,2.8606599999999999e-01,5.8900200000000003e-01,-5.0085800000000003e-01,2.1200000000000000e-04,-4.1327199999999997e-01,-6.5176999999999999e-02,7.4043000000000003e-01,-4.2364600000000002e-01,-5.9530000000000000e-02,-1.2257300000000000e+00,1.1808980000000000e+00,2.2613500000000000e-01,-4.3912699999999999e-01,-1.4854400000000001e+00,-1.2675479999999999e+00,-1.5014300000000000e-01,-5.8194900000000005e-01
2.6183899999999999e-01,-9.0530000000000003e-03,9.5668900000000001e-01,6.9816000000000003e-02,-1.0388400000000000e-01,-1.9367100000000001e-01,9.7304900000000005e-01,4.1148800000000002e-01,-1.0764799999999999e-01,2.7153600000000000e-01,6.0841400000000001e-01,-5.2059500000000003e-01,8.1770000000000002e-03,-4.1260300000000000e-01,-7.0064000000000001e-02,7.5645399999999996e-01,-4.4821000000000000e-01,-5.7098999999999997e-02,-1.2287470000000000e+00,1.1990259999999999e+00,1.8813299999999999e-01,-4.0693400000000002e-01,-1.4816370000000001e+00,-1.2727610000000000e+00,-1.2605700000000000e-01,-5.5966600000000000e-01
2.5895499999999999e-01,-7.9389999999999999e-03,9.5427200000000001e-01,7.4069999999999997e-02,-1.0141799999999999e-01,-1.8271799999999999e-01,9.7511099999999995e-01,4.1136299999999998e-01,-1.1456500000000000e-01,2.6032400000000000e-01,6.1377400000000004e-01,-5.3618100000000002e-01,7.8659999999999997e-03,-4.1327100000000000e-01,-7.6105000000000006e-02,7.7186999999999995e-01,-4.6653699999999998e-01,-5.7040000000000000e-02,-1.2415110000000000e+00,1.2261780000000000e+00,1.3854200000000000e-01,-3.7772400000000000e-01,-1.4720540000000000e+00,-1.2776350000000001e+00,-1.1416999999999999e-01,-5.4424499999999998e-01
2.5612900000000000e-01,-8.9420000000000003e-03,9.5435300000000001e-01,7.7411999999999995e-02,-9.7840999999999997e-02,-1.7212200000000000e-01,9.7714299999999998e-01,4.0895599999999999e-01,-1.1855100000000000e-01,2.5134400000000001e-01,6.0699800000000004e-01,-5.4145699999999997e-01,-8.7399999999999999e-04,-4.1350599999999998e-01,-8.3256999999999998e-02,7.7826399999999996e-01,-4.7401199999999999e-01,-5.6582000000000000e-02,-1.2654360000000000e+00,1.2568109999999999e+00,8.1845000000000001e-02,-3.4824200000000000e-01,-1.4633910000000001e+00,-1.2970320000000000e+00,-9.9610000000000004e-02,-5.3554000000000002e-01
2.5381999999999999e-01,-1.2498000000000000e-02,9.5704999999999996e-01,7.9587000000000005e-02,-9.5723000000000003e-02,-1.6058400000000000e-01,9.7914000000000001e-01,4.0389000000000003e-01,-1.1626499999999999e-01,2.4793100000000001e-01,5.9040499999999996e-01,-5.3066400000000002e-01,-1.9164000000000000e-02,-4.1381699999999999e-01,-7.9869999999999997e-02,7.6595400000000002e-01,-4.7038200000000002e-01,-5.6028000000000001e-02,-1.2846089999999999e+00,1.2910250000000001e+00,1.1840000000000000e-02,-3.3200400000000002e-01,-1.4556910000000001e+00,-1.3088820000000001e+00,-8.7123999999999993e-02,-5.2383000000000002e-01
2.5233800000000001e-01,-1.8665000000000001e-02,9.6222500000000000e-01,7.9051999999999997e-02,-9.4652000000000000e-02,-1.4646600000000001e-01,9.8149900000000001e-01,3.9465699999999998e-01,-1.0412200000000001e-01,2.4990899999999999e-01,5.6077100000000002e-01,-5.0878400000000001e-01,-5.2768000000000002e-02,-4.1298000000000001e-01,-6.5275000000000000e-02,7.3287800000000003e-01,-4.5641500000000002e-01,-5.6786999999999997e-02,-1.3103240000000000e+00,1.3193060000000001e+00,-6.7033999999999996e-02,-3.2159500000000002e-01,-1.4420109999999999e+00,-1.3246340000000001e+00,-8.0814999999999998e-02,-5.1484099999999999e-01
2.5141999999999998e-01,-2.7653000000000000e-02,9.7077300000000000e-01,7.5053999999999996e-02,-9.4714999999999994e-02,-1.2930400000000000e-01,9.8421400000000003e-01,3.7659900000000002e-01,-8.3094000000000001e-02,2.5732600000000000e-01,5.1770700000000003e-01,-4.7959299999999999e-01,-9.5503000000000005e-02,-4.0887499999999999e-01,-3.4526000000000001e-02,6.8148500000000001e-01,-4.3410799999999999e-01,-5.9915000000000003e-02,-1.3456450000000000e+00,1.3404739999999999e+00,-1.4802399999999999e-01,-3.1300200000000000e-01,-1.4169350000000001e+00,-1.3480360000000000e+00,-8.3949999999999997e-02,-5.0980099999999995e-01
2.5090400000000002e-01,-3.8899999999999997e-02,9.7774099999999997e-01,6.7115999999999995e-02,-9.5626000000000003e-02,-1.1035800000000000e-01,9.8700200000000005e-01,3.4789599999999998e-01,-5.4101000000000003e-02,2.6586799999999999e-01,4.7288100000000000e-01,-4.5067600000000002e-01,-1.3459299999999999e-01,-3.8823600000000003e-01,8.1849999999999996e-03,6.1919599999999997e-01,-4.1221799999999997e-01,-6.5097000000000002e-02,-1.3835360000000001e+00,1.3518370000000000e+00,-2.3223600000000000e-01,-3.0819200000000002e-01,-1.3828210000000001e+00,-1.3755839999999999e+00,-9.1603000000000004e-02,-5.0791900000000001e-01
2.5092300000000001e-01,-5.1652999999999998e-02,9.8321000000000003e-01,5.8035999999999997e-02,-9.7336000000000006e-02,-9.1620999999999994e-02,9.8932500000000001e-01,3.1638899999999998e-01,-2.1170999999999999e-02,2.7432699999999999e-01,4.3345499999999998e-01,-4.2546600000000001e-01,-1.7894599999999999e-01,-3.6281300000000000e-01,5.2491000000000003e-02,5.5598599999999998e-01,-3.9251500000000000e-01,-7.0629999999999998e-02,-1.4115260000000001e+00,1.3543920000000000e+00,-3.1236500000000000e-01,-3.0564500000000000e-01,-1.3445170000000000e+00,-1.3989270000000000e+00,-1.0380100000000000e-01,-5.0810999999999995e-01
2.5127300000000002e-01,-6.4825999999999995e-02,9.8655599999999999e-01,4.8751999999999997e-02,-9.9228999999999998e-02,-7.4519000000000002e-02,9.9107199999999995e-01,2.8560999999999998e-01,1.2197000000000000e-02,2.7859899999999999e-01,4.0741300000000003e-01,-4.0769600000000000e-01,-2.2786000000000001e-01,-3.3861799999999997e-01,9.1413999999999995e-02,4.9934800000000001e-01,-3.7629499999999999e-01,-7.5280000000000000e-02,-1.4269570000000000e+00,1.3533219999999999e+00,-3.8197100000000000e-01,-3.0614799999999998e-01,-1.3010120000000001e+00,-1.4099269999999999e+00,-1.2291299999999999e-01,-5.0993299999999997e-01
2.5148500000000001e-01,-7.7820000000000000e-02,9.8672099999999996e-01,3.9643999999999999e-02,-1.0151700000000000e-01,-6.1622000000000003e-02,9.9213200000000001e-01,2.5954500000000003e-01,4.4792999999999999e-02,2.7666700000000000e-01,4.0016600000000002e-01,-3.9984300000000000e-01,-2.6963100000000001e-01,-3.1452599999999997e-01,1.2246000000000000e-01,4.5577699999999999e-01,-3.6789300000000003e-01,-7.9677999999999999e-02,-1.4218750000000000e+00,1.3486750000000001e+00,-4.3114200000000003e-01,-3.0884699999999998e-01,-1.2562059999999999e+00,-1.3986369999999999e+00,-1.4324700000000001e-01,-5.1499499999999998e-01
2.5162800000000002e-01,-9.0258000000000005e-02,9.8688500000000001e-01,3.1941999999999998e-02,-1.0434900000000000e-01,-5.3172999999999998e-02,9.9260400000000004e-01,2.3709700000000000e-01,7.3166999999999996e-02,2.7324100000000001e-01,4.0439999999999998e-01,-3.9842499999999997e-01,-2.9522500000000002e-01,-2.9272500000000001e-01,1.4821500000000001e-01,4.3342199999999997e-01,-3.7001000000000001e-01,-8.2425999999999999e-02,-1.3854709999999999e+00,1.3405140000000000e+00,-4.5224300000000001e-01,-3.1802500000000000e-01,-1.2107570000000001e+00,-1.3638749999999999e+00,-1.6058300000000000e-01,-5.2521899999999999e-01
2.5176399999999999e-01,-1.0228000000000000e-01,9.8620900000000000e-01,2.5603999999999998e-02,-1.0810900000000000e-01,-4.8412999999999998e-02,9.9262899999999998e-01,2.1864000000000000e-01,9.8160999999999998e-02,2.7174900000000002e-01,4.1424400000000000e-01,-4.0078799999999998e-01,-3.0765700000000001e-01,-2.7255400000000002e-01,1.7219100000000001e-01,4.2173300000000002e-01,-3.8075900000000001e-01,-8.3390000000000006e-02,-1.3059920000000000e+00,1.3271370000000000e+00,-4.4048500000000002e-01,-3.4004200000000001e-01,-1.1620820000000001e+00,-1.3117600000000000e+00,-1.7240000000000000e-01,-5.4125800000000002e-01
2.5186799999999998e-01,-1.1375800000000000e-01,9.8497000000000001e-01,2.0857000000000001e-02,-1.1224099999999999e-01,-4.6713999999999999e-02,9.9236300000000000e-01,2.0611599999999999e-01,1.1982300000000000e-01,2.7080900000000002e-01,4.2738300000000001e-01,-4.0454400000000001e-01,-3.1124299999999999e-01,-2.5486900000000001e-01,1.9205400000000000e-01,4.1926500000000000e-01,-3.9601199999999998e-01,-8.4181000000000006e-02,-1.1841699999999999e+00,1.3078110000000001e+00,-3.9802199999999999e-01,-3.7671300000000002e-01,-1.1038900000000000e+00,-1.2451859999999999e+00,-1.7945800000000001e-01,-5.6466400000000005e-01
2.5208500000000000e-01,-1.2461700000000001e-01,9.8377999999999999e-01,1.6237999999999999e-02,-1.1677999999999999e-01,-4.6544000000000002e-02,9.9193399999999998e-01,1.9943200000000000e-01,1.4208799999999999e-01,2.7341100000000002e-01,4.3511800000000000e-01,-4.0568900000000002e-01,-3.1402700000000000e-01,-2.3890500000000001e-01,2.1131900000000001e-01,4.1722999999999999e-01,-4.0745300000000001e-01,-8.5334999999999994e-02,-1.0224860000000000e+00,1.2798909999999999e+00,-3.3525300000000002e-01,-4.3786500000000000e-01,-1.0175000000000001e+00,-1.1684980000000000e+00,-1.8743799999999999e-01,-6.0321499999999995e-01
2.5229000000000001e-01,-1.3479099999999999e-01,9.8295500000000002e-01,1.3210000000000000e-02,-1.2079800000000000e-01,-4.7641000000000003e-02,9.9144500000000002e-01,1.9655200000000000e-01,1.6098999999999999e-01,2.7966700000000000e-01,4.3479600000000002e-01,-4.0263599999999999e-01,-3.1649500000000003e-01,-2.2673499999999999e-01,2.2837099999999999e-01,4.1303000000000001e-01,-4.1595700000000002e-01,-8.6812000000000000e-02,-8.3185799999999999e-01,1.2269310000000000e+00,-2.5884099999999999e-01,-4.9468699999999999e-01,-9.2276000000000002e-01,-1.0836580000000000e+00,-1.8358099999999999e-01,-6.3459900000000002e-01
2.5219200000000003e-01,-1.4411900000000000e-01,9.8246199999999995e-01,1.2119000000000000e-02,-1.2393000000000000e-01,-4.9847000000000002e-02,9.9096399999999996e-01,1.9501499999999999e-01,1.7432900000000001e-01,2.8696800000000000e-01,4.3051600000000001e-01,-3.9603600000000000e-01,-3.1487100000000001e-01,-2.1740599999999999e-01,2.4115400000000001e-01,4.1027799999999998e-01,-4.2411700000000002e-01,-8.8136000000000006e-02,-6.2321599999999999e-01,1.1438670000000000e+00,-1.7917300000000000e-01,-5.5157500000000004e-01,-8.1993400000000005e-01,-9.9948899999999996e-01,-1.6946400000000000e-01,-6.6093299999999999e-01
2.5171500000000002e-01,-1.5256800000000001e-01,9.8209199999999996e-01,1.1752000000000000e-02,-1.2562999999999999e-01,-5.2165999999999997e-02,9.9063500000000004e-01,1.9325000000000001e-01,1.8404100000000001e-01,2.9190899999999997e-01,4.2578300000000002e-01,-3.8831800000000000e-01,-3.1243199999999999e-01,-2.0878500000000000e-01,2.4737500000000001e-01,4.1212399999999999e-01,-4.3307899999999999e-01,-8.7702000000000002e-02,-4.1865100000000000e-01,1.0310140000000001e+00,-1.1500000000000000e-01,-5.9927799999999998e-01,-7.0227799999999996e-01,-9.2060900000000001e-01,-1.5332100000000001e-01,-6.8466099999999996e-01
2.5098199999999998e-01,-1.6034000000000001e-01,9.8151299999999997e-01,9.9860000000000001e-03,-1.2497300000000000e-01,-5.3006999999999999e-02,9.9069300000000005e-01,1.8963300000000000e-01,1.9482600000000000e-01,2.8960399999999997e-01,4.2519299999999999e-01,-3.8487700000000002e-01,-3.1324800000000003e-01,-1.9658600000000001e-01,2.4608900000000000e-01,4.2073400000000000e-01,-4.4330900000000001e-01,-8.3599999999999994e-02,-2.4417800000000001e-01,8.9652699999999996e-01,-8.0841999999999997e-02,-6.2283200000000005e-01,-5.6969199999999998e-01,-8.3259300000000003e-01,-1.4796799999999999e-01,-7.0160000000000000e-01
2.5020500000000001e-01,-1.6763400000000001e-01,9.8052600000000001e-01,6.8630000000000002e-03,-1.2274800000000000e-01,-5.1060000000000001e-02,9.9109999999999998e-01,1.8203600000000000e-01,2.0688500000000001e-01,2.8046300000000002e-01,4.3043799999999999e-01,-3.8676199999999999e-01,-3.2048100000000002e-01,-1.8233099999999999e-01,2.4045300000000000e-01,4.3395600000000001e-01,-4.5442500000000002e-01,-7.5512999999999997e-02,-1.0175600000000000e-01,7.4403900000000001e-01,-6.7229999999999998e-02,-6.1758800000000003e-01,-4.1130400000000000e-01,-7.4644400000000000e-01,-1.4324100000000001e-01,-7.1730799999999995e-01
2.4950900000000001e-01,-1.7475599999999999e-01,9.7904899999999995e-01,2.4930000000000000e-03,-1.2034400000000001e-01,-4.5867999999999999e-02,9.9166900000000002e-01,1.6985700000000001e-01,2.2112100000000001e-01,2.6712200000000003e-01,4.4074500000000000e-01,-3.9149400000000001e-01,-3.3187400000000000e-01,-1.6591900000000001e-01,2.3653900000000000e-01,4.4763100000000000e-01,-4.6618700000000002e-01,-6.4183000000000004e-02,1.4723000000000000e-02,5.8463900000000002e-01,-6.7447999999999994e-02,-5.8945300000000000e-01,-2.4329400000000001e-01,-6.5538200000000002e-01,-1.3146700000000000e-01,-7.1505399999999997e-01
2.4896900000000000e-01,-1.8193599999999999e-01,9.7692900000000005e-01,-3.2280000000000000e-03,-1.1865500000000000e-01,-3.6922000000000003e-02,9.9224400000000001e-01,1.5285399999999999e-01,2.3861299999999999e-01,2.5069300000000000e-01,4.5606200000000002e-01,-3.9737000000000000e-01,-3.4533900000000001e-01,-1.4664099999999999e-01,2.3817700000000000e-01,4.6023500000000001e-01,-4.7893900000000000e-01,-5.1397999999999999e-02,1.0705000000000001e-01,4.3337399999999998e-01,-7.0928000000000005e-02,-5.4160299999999995e-01,-7.8317999999999999e-02,-5.5945599999999995e-01,-1.1616100000000000e-01,-6.8672100000000003e-01
2.4855700000000000e-01,-1.8903900000000001e-01,9.7390500000000002e-01,-1.0348000000000000e-02,-1.1757200000000000e-01,-2.4879999999999999e-02,9.9269900000000000e-01,1.3155500000000001e-01,2.5839800000000002e-01,2.3349000000000000e-01,4.7171400000000002e-01,-4.0622900000000001e-01,-3.6212100000000003e-01,-1.2560399999999999e-01,2.4479300000000001e-01,4.7049400000000002e-01,-4.9136400000000002e-01,-3.8830999999999997e-02,1.8417800000000001e-01,2.9331900000000000e-01,-6.7460999999999993e-02,-4.7907400000000000e-01,7.1471000000000007e-02,-4.5793400000000001e-01,-1.0514100000000000e-01,-6.3428300000000004e-01
2.4803200000000000e-01,-1.9592499999999999e-01,9.6903600000000001e-01,-1.6826000000000001e-02,-1.1618500000000000e-01,-1.2130000000000000e-02,9.9301099999999998e-01,1.0960499999999999e-01,2.7348299999999998e-01,2.1425200000000000e-01,4.8403200000000002e-01,-4.1726300000000000e-01,-3.7803999999999999e-01,-1.0570499999999999e-01,2.5101400000000001e-01,4.8139700000000002e-01,-5.0420200000000004e-01,-2.7917999999999998e-02,2.5496300000000000e-01,1.7489499999999999e-01,-6.5551999999999999e-02,-4.2626399999999998e-01,1.9500300000000001e-01,-3.6981799999999998e-01,-9.0440999999999994e-02,-5.6906100000000004e-01
2.4748899999999999e-01,-2.0267900000000000e-01,9.6668100000000001e-01,-2.2551000000000002e-02,-1.1291200000000000e-01,5.3700000000000004e-04,9.9334900000000004e-01,8.7767999999999999e-02,2.9027300000000000e-01,1.9458800000000001e-01,4.9699800000000000e-01,-4.2637599999999998e-01,-3.9328299999999999e-01,-8.4819000000000006e-02,2.5435500000000000e-01,4.8902699999999999e-01,-5.1482600000000001e-01,-2.0521999999999999e-02,3.2016099999999997e-01,9.3112000000000000e-02,-7.7480999999999994e-02,-3.8609599999999999e-01,2.9474800000000001e-01,-2.8647600000000001e-01,-7.9851000000000005e-02,-5.0893800000000000e-01
2.4666500000000000e-01,-2.0906200000000000e-01,9.6556900000000001e-01,-2.7848000000000001e-02,-1.0866700000000000e-01,1.2971999999999999e-02,9.9360300000000001e-01,7.0041000000000006e-02,3.0694600000000000e-01,1.7379500000000001e-01,5.0577200000000000e-01,-4.3029299999999998e-01,-4.0691400000000000e-01,-6.3842999999999997e-02,2.5911400000000001e-01,4.8797499999999999e-01,-5.2145799999999998e-01,-1.5927000000000000e-02,3.7422800000000001e-01,5.9198000000000001e-02,-1.1250400000000001e-01,-3.5765300000000000e-01,3.7046600000000002e-01,-2.1269700000000000e-01,-7.7479000000000006e-02,-4.6763399999999999e-01
2.4528800000000001e-01,-2.1467500000000000e-01,9.6575500000000003e-01,-3.1968000000000003e-02,-1.0417999999999999e-01,2.2002000000000001e-02,9.9380100000000005e-01,6.1901999999999999e-02,3.2184900000000000e-01,1.5411900000000001e-01,5.0793999999999995e-01,-4.2554999999999998e-01,-4.1386400000000001e-01,-4.4315000000000000e-02,2.6395200000000002e-01,4.7953499999999999e-01,-5.2279699999999996e-01,-1.1084000000000000e-02,4.0936000000000000e-01,6.4102000000000006e-02,-1.6150600000000001e-01,-3.4083799999999997e-01,4.2200900000000002e-01,-1.5498200000000001e-01,-6.1752000000000001e-02,-4.5465800000000001e-01
2.4338499999999999e-01,-2.1897000000000000e-01,9.6743299999999999e-01,-3.4160000000000003e-02,-9.9514000000000005e-02,2.5794999999999998e-02,9.9411499999999997e-01,6.3751000000000002e-02,3.3157900000000001e-01,1.3949300000000001e-01,4.9975500000000000e-01,-4.1068100000000002e-01,-4.1518100000000002e-01,-2.9246000000000001e-02,2.6617800000000003e-01,4.6566299999999999e-01,-5.1852299999999996e-01,-4.2079999999999999e-03,4.3069299999999999e-01,9.6932000000000004e-02,-2.0311799999999999e-01,-3.3451199999999998e-01,4.5491100000000001e-01,-1.1473700000000001e-01,-4.5813000000000000e-02,-4.5332400000000000e-01
2.4097600000000000e-01,-2.2151000000000001e-01,9.7057000000000004e-01,-3.4001000000000003e-02,-9.4842999999999997e-02,2.4417000000000001e-02,9.9461200000000005e-01,7.2813000000000003e-02,3.3379500000000001e-01,1.3333000000000000e-01,4.7925099999999998e-01,-3.8891900000000001e-01,-4.1529800000000000e-01,-2.2171000000000000e-02,2.6370199999999999e-01,4.4834499999999999e-01,-5.0826400000000005e-01,2.0839999999999999e-03,4.4396900000000000e-01,1.2749900000000000e-01,-2.2173599999999999e-01,-3.2786100000000001e-01,4.6662500000000001e-01,-1.0446900000000001e-01,-2.0233999999999999e-02,-4.5537400000000000e-01
2.3818000000000000e-01,-2.2208600000000001e-01,9.7506000000000004e-01,-3.2915000000000000e-02,-9.0290999999999996e-02,1.9245000000000002e-02,9.9518499999999999e-01,8.7221999999999994e-02,3.3117900000000000e-01,1.3667199999999999e-01,4.4540299999999999e-01,-3.6397699999999999e-01,-4.1527300000000000e-01,-2.0542000000000001e-02,2.5876800000000000e-01,4.2641600000000002e-01,-4.9218499999999998e-01,7.6790000000000001e-03,4.4534000000000001e-01,1.6871000000000000e-01,-2.3413500000000001e-01,-3.2316000000000000e-01,4.5393899999999998e-01,-1.1928200000000000e-01,1.2376000000000000e-02,-4.4818200000000002e-01
2.3818000000000000e-01,-2.2208600000000001e-01,9.7519832000000006e-01,-3.2915000000000000e-02,-9.0290999999999996e-02,1.9245000000000002e-02,9.9518499999999999e-01,8.7692239442913239e-02,3.3127626063623955e-01,1.3708815300031887e-01,4.4407484034035744e-01,-3.6397699999999999e-01,-4.1549572467631801e-01,-2.0640307791267958e-02,2.5944209502542065e-01,4.2488928504353041e-01,-4.9218499999999998e-01,7.4639880000000004e-03,4.3847048000000000e-01,1.6398611999999999e-01,-2.2757922000000000e-01,-2.9731152000000000e-01,4.4682870799999996e-01,-1.1594210400000000e-01,1.2029471999999999e-02,-4.1883290400000001e-01
2.3818000000000000e-01,-2.2208600000000001e-01,9.7557376000000007e-01,-3.2915000000000000e-02,-9.0290999999999996e-02,1.9245000000000002e-02,9.9518499999999999e-01,8.8987057142095677e-02,3.3154561044676284e-01,1.3822708827909402e-01,4.4043408036400306e-01,-3.6397699999999999e-01,-4.1611184379739924e-01,-2.0912677973439996e-02,2.6129583728297717e-01,4.2069326444950600e-01,-4.9218499999999998e-01,6.8803839999999998e-03,4.1982464000000003e-01,1.5116415999999999e-01,-2.0978495999999999e-01,-2.2715135999999997e-01,4.2752934399999998e-01,-1.0687667199999999e-01,1.1088895999999999e-02,-3.3917107200000002e-01
2.3818000000000000e-01,-2.2208600000000001e-01,9.7612704000000006e-01,-3.2915000000000000e-02,-9.0290999999999996e-02,1.9245000000000002e-02,9.9518499999999999e-01,9.0934031017121636e-02,3.3195309728262784e-01,1.3992346689058169e-01,4.3499702980128591e-01,-3.6397699999999999e-01,-4.1704477825126729e-01,-2.1325483167931519e-02,2.6407664343321380e-01,4.1440303025024661e-01,-4.9218499999999998e-01,6.0203360000000003e-03,3.9234656000000001e-01,1.3226863999999999e-01,-1.8356184000000000e-01,-1.2375744000000000e-01,3.9908817600000002e-01,-9.3517087999999998e-02,9.7027839999999990e-03,-2.2177468800000003e-01
2.3818000000000000e-01,-2.2208600000000001e-01,9.7679888000000004e-01,-3.2915000000000000e-02,-9.0290999999999996e-02,1.9245000000000002e-02,9.9518499999999999e-01,9.3353028016926451e-02,3.3246194136886009e-01,1.4200540905002182e-01,4.2830007812366450e-01,-3.6397699999999999e-01,-4.1821393897653247e-01,-2.1842738505405634e-02,2.6751929381236872e-01,4.0662016735190398e-01,-4.9218499999999998e-01,4.9759919999999994e-03,3.5898032000000002e-01,1.0932407999999999e-01,-1.5171947999999999e-01,1.7923200000000694e-03,3.6455247199999996e-01,-7.7294735999999989e-02,8.0196479999999990e-03,-7.9221935999999937e-02
2.3818000000000000e-01,-2.2208600000000001e-01,9.7753000000000001e-01,-3.2915000000000000e-02,-9.0290999999999996e-02,1.9245000000000002e-02,9.9518499999999999e-01,9.6053808268189669e-02,3.3303279689265564e-01,1.4429744777010700e-01,4.2089604837943623e-01,-3.6397699999999999e-01,-4.1953256172126607e-01,-2.2425807043997211e-02,2.7134784158154496e-01,3.9796981854251456e-01,-4.9218499999999998e-01,3.8395000000000000e-03,3.2267000000000001e-01,8.4354999999999999e-02,-1.1706750000000000e-01,1.3841999999999999e-01,3.2696950000000002e-01,-5.9641000000000000e-02,6.1879999999999999e-03,7.5908999999999949e-02
2.3818000000000000e-01,-2.2208600000000001e-01,9.7826111999999998e-01,-3.2915000000000000e-02,-9.0290999999999996e-02,1.9245000000000002e-02,9.9518499999999999e-01,9.8828587106184543e-02,3.3362198337451643e-01,1.4661777671464823e-01,4.1336664707532433e-01,-3.6397699999999999e-01,-4.2090243955401058e-01,-2.3031148528708877e-02,2.7526654465031963e-01,3.8912074110537131e-01,-4.9218499999999998e-01,2.7030079999999998e-03,2.8635968000000001e-01,5.9385919999999995e-02,-8.2415519999999992e-02,2.7504768000000002e-01,2.8938652799999998e-01,-4.1987263999999996e-02,4.3563519999999991e-03,2.3103993600000000e-01
2.3818000000000000e-01,-2.2208600000000001e-01,9.7893295999999996e-01,-3.2915000000000000e-02,-9.0290999999999996e-02,1.9245000000000002e-02,9.9518499999999999e-01,1.0144736499224645e-01,3.3418041594248060e-01,1.4877673807015951e-01,4.0632992952981906e-01,-3.6397699999999999e-01,-4.2221006790580895e-01,-2.3608660809584917e-02,2.7895373850073774e-01,3.8079903472636101e-01,-4.9218499999999998e-01,1.6586640000000007e-03,2.5299344000000001e-01,3.6441360000000006e-02,-5.0573160000000034e-02,4.0059743999999986e-01,2.5485082400000003e-01,-2.5764912000000015e-02,2.6732160000000008e-03,3.7359268799999984e-01
2.3818000000000000e-01,-2.2208600000000001e-01,9.7948623999999995e-01,-3.2915000000000000e-02,-9.0290999999999996e-02,1.9245000000000002e-02,9.9518499999999999e-01,1.0365754931924119e-01,3.3465359444934284e-01,1.5057681556743566e-01,4.0044078499718111e-01,-3.6397699999999999e-01,-4.2332551569147125e-01,-2.4101190091002034e-02,2.8206037639855125e-01,3.7379157734128121e-01,-4.9218499999999998e-01,7.9861599999999939e-04,2.2551535999999997e-01,1.7545839999999979e-02,-2.4350039999999962e-02,5.0399136000000011e-01,2.2640965599999999e-01,-1.2405327999999979e-02,1.2871039999999990e-03,4.9098907200000003e-01
2.3818000000000000e-01,-2.2208600000000001e-01,9.7986167999999996e-01,-3.2915000000000000e-02,-9.0290999999999996e-02,1.9245000000000002e-02,9.9518499999999999e-01,1.0518976110059894e-01,3.3498307260587079e-01,1.5181436931118281e-01,3.9638213338010486e-01,-3.6397699999999999e-01,-4.2410589641375068e-01,-2.4446016544952268e-02,2.8421550140915020e-01,3.6893389629646628e-01,-4.9218499999999998e-01,2.1501200000000054e-04,2.0686952000000003e-01,4.7238800000000136e-03,-6.5557800000000110e-03,5.7415151999999992e-01,2.0711029200000003e-01,-3.3398960000000089e-03,3.4652800000000046e-04,5.7065090399999985e-01
2.3818000000000000e-01,-2.2208600000000001e-01,9.7999999999999998e-01,-3.2915000000000000e-02,-9.0290999999999996e-02,1.9245000000000002e-02,9.9518499999999999e-01,1.0577143178252732e-01,3.3510975669163562e-01,1.5228336327798517e-01,3.9484476883349540e-01,-3.6397699999999999e-01,-4.2440522722212526e-01,-2.4579084667114094e-02,2.8504092314655399e-01,3.6707721181239916e-01,-4.9218499999999998e-01,0.0000000000000000e+00,2.0000000000000001e-01,0.0000000000000000e+00,0.0000000000000000e+00,5.9999999999999998e-01,2.0000000000000001e-01,0.0000000000000000e+00,0.0000000000000000e+00,5.9999999999999987e-01
2.3818000000000000e-01,-2.2520600000000002e-01,9.7999999999999998e-01,-3.2915000000000000e-02,-9.0290999999999996e-02,1.9245000000000002e-02,9.9518499999999999e-01,1.0936820279098049e-01,3.4017946500835561e-01,1.5581374461449832e-01,3.8213822846161755e-01,-3.6397699999999999e-01,-4.2590417141432335e-01,-2.1141929916206271e-02,2.8555237670082495e-01,3.6897458750002432e-01,-4.9218499999999998e-01,0.0000000000000000e+00,2.0000000000000001e-01,0.0000000000000000e+00,0.0000000000000000e+00,5.9999999999999998e-01,2.0000000000000001e-01,0.0000000000000000e+00,0.0000000000000000e+00,5.9999999999999998e-01
2.3818000000000000e-01,-2.3264600000000002e-01,9.7999999999999998e-01,-3.2915000000000000e-02,-9.0290999999999996e-02,1.9245000000000002e-02,9.9518499999999999e-01,1.1960893351933452e-01,3.5262021056798243e-01,1.6434730422124891e-01,3.4977500469282213e-01,-3.6397699999999999e-01,-4.2962167264813106e-01,-1.3010457674965659e-02,2.8710213257146600e-01,3.7282694358974183e-01,-4.9218499999999998e-01,0.0000000000000000e+00,2.0000000000000001e-01,0.0000000000000000e+00,0.0000000000000000e+00,5.9999999999999998e-01,2.0000000000000001e-01,0.0000000000000000e+00,0.0000000000000000e+00,5.9999999999999998e-01
2.3818000000000000e-01,-2.4152600000000002e-01,9.7999999999999998e-01,-3.2915000000000000e-02,-9.0290999999999996e-02,1.9245000000000002e-02,9.9518499999999999e-01,1.3553297932792882e-01,3.6820838978710763e-01,1.7477000247571048e-01,3.0651414750903083e-01,-3.6397699999999999e-01,-4.2999999999999994e-01,-1.4356144922132688e-03,2.9044136182327795e-01,3.7584854329305462e-01,-4.9218499999999998e-01,0.0000000000000000e+00,2.0000000000000001e-01,0.0000000000000000e+00,0.0000000000000000e+00,5.9999999999999998e-01,2.0000000000000001e-01,0.0000000000000000e+00,0.0000000000000000e+00,5.9999999999999998e-01
2.3818000000000000e-01,-2.4896600000000002e-01,9.7999999999999998e-01,-3.2915000000000000e-02,-9.0290999999999996e-02,1.9245000000000002e-02,9.9518499999999999e-01,1.5319297368208523e-01,3.8208823464765762e-01,1.8360416005244465e-01,2.6515511808940190e-01,-3.6397699999999999e-01,-4.2999999999999994e-01,8.4400929707188089e-03,2.9378963270169717e-01,3.7731058203150974e-01,-4.9218499999999998e-01,0.0000000000000000e+00,2.0000000000000001e-01,0.0000000000000000e+00,0.0000000000000000e+00,5.9999999999999998e-01,2.0000000000000001e-01,0.0000000000000000e+00,0.0000000000000000e+00,5.9999999999999998e-01
2.3818000000000000e-01,-2.5208600000000003e-01,9.7999999999999998e-01,-3.2915000000000000e-02,-9.0290999999999996e-02,1.9245000000000002e-02,9.9518499999999999e-01,1.6241404374333795e-01,3.8825938733919380e-01,1.8755581545539707e-01,2.4526378974171242e-01,-3.6397699999999999e-01,-4.2999999999999994e-01,1.2590796541222230e-02,2.9532652882043114e-01,3.7763663898516919e-01,-4.9218499999999998e-01,0.0000000000000000e+00,2.0000000000000001e-01,0.0000000000000000e+00,0.0000000000000000e+00,5.9999999999999998e-01,2.0000000000000001e-01,0.0000000000000000e+00,0.0000000000000000e+00,5.9999999999999998e-01
2.3818000000000000e-01,-2.5208600000000003e-01,9.7999999999999998e-01,-3.1504950391089886e-02,-8.6423013087100015e-02,1.8420561150737504e-02,9.9558986728305643e-01,1.2507581702548687e-01,3.6330206759393296e-01,1.5460444927630709e-01,3.2368670022974089e-01,-3.6397699999999999e-01,-4.2654699310889610e-01,1.4269814805242059e-02,2.7798832956891228e-01,3.9348549329399218e-01,-4.9218499999999998e-01,0.0000000000000000e+00,2.0000000000000001e-01,0.0000000000000000e+00,0.0000000000000000e+00,5.9999999999999998e-01,2.0000000000000001e-01,0.0000000000000000e+00,0.0000000000000000e+00,5.9999999999999998e-01
2.3818000000000000e-01,-2.5208600000000003e-01,9.7999999999999998e-01,-2.7784900127128240e-02,-7.6218332595428720e-02,1.6245493025872190e-02,9.9657154738515619e-01,6.5336718702608446e-02,3.0893498211154197e-01,6.9282703344207996e-02,4.7889681430144199e-01,-3.6397699999999999e-01,-4.1813536838213894e-01,1.8110990814955701e-02,2.3345003433543621e-01,4.3247103939048248e-01,-4.9218499999999998e-01,0.0000000000000000e+00,2.0000000000000001e-01,0.0000000000000000e+00,0.0000000000000000e+00,5.9999999999999998e-01,2.0000000000000001e-01,0.0000000000000000e+00,0.0000000000000000e+00,5.9999999999999998e-01
2.3818000000000000e-01,-2.5208600000000003e-01,9.7999999999999998e-01,-2.2519764008923714e-02,-6.1775239621137193e-02,1.3167032002179460e-02,9.9774912140627170e-01,1.1308323986296592e-02,2.4464325259749414e-01,-4.1198126698166110e-02,6.3298530806986186e-01,-3.6397699999999999e-01,-4.0736829306218525e-01,2.2474105305964252e-02,1.7311924261480602e-01,4.8142541175408438e-01,-4.9218499999999998e-01,0.0000000000000000e+00,2.0000000000000001e-01,0.0000000000000000e+00,0.0000000000000000e+00,5.9999999999999998e-01,2.0000000000000001e-01,0.0000000000000000e+00,0.0000000000000000e+00,5.9999999999999998e-01
2.3818000000000000e-01,-2.5208600000000003e-01,9.7999999999999998e-01,-1.6477350168743320e-02,-4.5199952121707521e-02,9.6341061521332261e-03,9.9879559733624246e-01,-3.4107559990094051e-02,1.8159553425294900e-01,-1.5985830719072733e-01,7.6180128373212874e-01,-3.6397699999999999e-01,-3.9611302617902394e-01,2.6333129171696668e-02,1.0701392498203621e-01,5.3039089682920304e-01,-4.9218499999999998e-01,0.0000000000000000e+00,2.0000000000000001e-01,0.0000000000000000e+00,0.0000000000000000e+00,5.9999999999999998e-01,2.0000000000000001e-01,0.0000000000000000e+00,0.0000000000000000e+00,5.9999999999999998e-01
2.3818000000000000e-01,-2.5208600000000003e-01,9.7999999999999998e-01,-1.0429584030492160e-02,-2.8609982430416764e-02,6.0980508785302024e-03,9.9951763689179851e-01,-7.1075524367743351e-02,1.2688416905502287e-01,-2.7354073901798887e-01,8.5892813869741369e-01,-3.6397699999999999e-01,-3.8565737308322989e-01,2.9261146477615373e-02,4.3437254786346108e-02,5.7335480904850289e-01,-4.9218499999999998e-01,0.0000000000000000e+00,2.0000000000000001e-01,0.0000000000000000e+00,0.0000000000000000e+00,5.9999999999999998e-01,2.0000000000000001e-01,0.0000000000000000e+00,0.0000000000000000e+00,5.9999999999999998e-01
2.3818000000000000e-01,-2.5208600000000003e-01,9.7999999999999998e-01,-5.1510381528678756e-03,-1.4130104385860336e-02,3.0117493316707336e-03,9.9988236124153906e-01,-9.9180339645330531e-02,8.4755928252050444e-02,-3.6970517742199949e-01,9.2439952852904472e-01,-3.6397699999999999e-01,-3.7701472687822235e-01,3.1203326044283039e-02,-1.0365803484394896e-02,6.0683936380928516e-01,-4.9218499999999998e-01,0.0000000000000000e+00,2.0000000000000001e-01,0.0000000000000000e+00,0.0000000000000000e+00,5.9999999999999998e-01,2.0000000000000001e-01,0.0000000000000000e+00,0.0000000000000000e+00,5.9999999999999998e-01
2.3818000000000000e-01,-2.5208600000000003e-01,9.7999999999999998e-01,-1.4165868401979430e-03,-3.8859195621544079e-03,8.2826108885338326e-04,9.9999110340765007e-01,-1.1738519096532861e-01,5.7705741622481120e-02,-4.3617982935671479e-01,9.6156965071591427e-01,-3.6397699999999999e-01,-3.7110913924329592e-01,3.2284328935144484e-02,-4.7642882107426954e-02,6.2861690690139804e-01,-4.9218499999999998e-01,0.0000000000000000e+00,2.0000000000000001e-01,0.0000000000000000e+00,0.0000000000000000e+00,5.9999999999999998e-01,2.0000000000000001e-01,0.0000000000000000e+00,0.0000000000000000e+00,5.9999999999999998e-01
2.3818000000000000e-01,-2.5208600000000003e-01,9.7999999999999998e-01,7.1557343384043277e-18,1.3986208025063004e-17,-3.4694469519536134e-18,1.0000000000000000e+00,-1.2402759998211051e-01,4.7987200266629254e-02,-4.6108872533727879e-01,9.7392103101431637e-01,-3.6397699999999999e-01,-3.6889417607740738e-01,3.2641901836215681e-02,-6.1680355262309076e-02,6.3660009617923496e-01,-4.9218499999999998e-01,0.0000000000000000e+00,2.0000000000000001e-01,0.0000000000000000e+00,0.0000000000000000e+00,5.9999999999999998e-01,2.0000000000000001e-01,0.0000000000000000e+00,0.0000000000000000e+00,5.9999999999999998e-01
2.3818000000000000e-01,-2.5208600000000003e-01,9.7999999999999998e-01,7.1557343384043277e-18,1.3986208025063004e-17,-3.4694469519536134e-18,1.0000000000000000e+00,-1.2404003738236628e-01,4.7982600745733912e-02,-4.6112758244391439e-01,9.7399407721028930e-01,-3.6397699999999999e-01,-3.6888443255946735e-01,3.2646355547640803e-02,-6.1729861114465302e-02,6.3669683784478959e-01,-4.9218499999999998e-01,0.0000000000000000e+00,2.0000000000000001e-01,0.0000000000000000e+00,0.0000000000000000e+00,5.9999999999999998e-01,2.0000000000000001e-01,0.0000000000000000e+00,0.0000000000000000e+00,5.9999999999999998e-01
2.3818000000000000e-01,-2.5208600000000003e-01,9.7999999999999998e-01,7.1557343384043277e-18,1.3986208025063004e-17,-3.4694469519536134e-18,1.0000000000000000e+00,-1.2404008060637253e-01,4.7982589789617787e-02,-4.6112771532264446e-01,9.7399434579076594e-01,-3.6397699999999999e-01,-3.6888435522244578e-01,3.2646392032975188e-02,-6.1730251382818312e-02,6.3669762189866697e-01,-4.9218499999999998e-01,0.0000000000000000e+00,2.0000000000000001e-01,0.0000000000000000e+00,0.0000000000000000e+00,5.9999999999999998e-01,2.0000000000000001e-01,0.0000000000000000e+00,0.0000000000000000e+00,5.9999999999999998e-01
2.3818000000000000e-01,-2.5208600000000003e-01,9.7999999999999998e-01,7.1557343384043277e-18,1.3986208025063004e-17,-3.4694469519536134e-18,1.0000000000000000e+00,-1.2404008076248846e-01,4.7982589751044892e-02,-4.6112771580225059e-01,9.7399434676314844e-01,-3.6397699999999999e-01,-3.6888435459938723e-01,3.2646392327162155e-02,-6.1730254526768252e-02,6.3669762821788156e-01,-4.9218499999999998e-01,0.0000000000000000e+00,2.0000000000000001e-01,0.0000000000000000e+00,0.0000000000000000e+00,5.9999999999999998e-01,2.0000000000000001e-01,0.0000000000000000e+00,0.0000000000000000e+00,5.9999999999999998e-01
2.3818000000000000e-01,-2.5208600000000003e-01,9.7999999999999998e-01,7.1557343384043277e-18,1.3986208025063004e-17,-3.4694469519536134e-18,1.0000000000000000e+00,-1.2404008076248846e-01,4.7982589751044892e-02,-4.6112771580225059e-01,9.7399434676314844e-01,-3.6397699999999999e-01,-3.6888435459938723e-01,3.2646392327162155e-02,-6.1730254526768252e-02,6.3669762821788156e-01,-4.9218499999999998e-01,0.0000000000000000e+00,2.0000000000000001e-01,0.0000000000000000e+00,0.0000000000000000e+00,5.9999999999999998e-01,2.0000000000000001e-01,0.0000000000000000e+00,0.0000000000000000e+00,5.9999999999999998e-01
2.3818000000000000e-01,-2.5208600000000003e-01,9.7999999999999998e-01,7.1557343384043277e-18,1.3986208025063004e-17,-3.4694469519536134e-18,1.0000000000000000e+00,-1.2404008076248846e-01,4.7982589751044892e-02,-4.6112771580225059e-01,9.7399434676314844e-01,-3.6397699999999999e-01,-3.6888435459938723e-01,3.2646392327162155e-02,-6.1730254526768252e-02,6.3669762821788156e-01,-4.9218499999999998e-01,0.0000000000000000e+00,2.0000000000000001e-01,0.0000000000000000e+00,0.0000000000000000e+00,5.9999999999999998e-01,2.0000000000000001e-01,0.0000000000000000e+00,0.0000000000000000e+00,5.9999999999999998e-01
2.3818000000000000e-01,-2.5208600000000003e-01,9.7999999999999998e-01,7.1557343384043277e-18,1.3986208025063004e-17,-3.4694469519536134e-18,1.0000000000000000e+00,-1.2188343865534380e-01,4.7733184604953453e-02,-4.5456227531118726e-01,9.5976062238099624e-01,-3.6397699999999999e-01,-3.6888435459436597e-01,3.2646392329532981e-02,-6.1730254552105276e-02,6.3669762826880860e-01,-4.9218499999999998e-01,0.0000000000000000e+00,2.0000000000000001e-01,0.0000000000000000e+00,0.0000000000000000e+00,5.9999999999999998e-01,2.0000000000000001e-01,0.0000000000000000e+00,0.0000000000000000e+00,5.9999999999999998e-01
2.3818000000000000e-01,-2.5208600000000003e-01,9.7999999999999998e-01,7.1557343384043277e-18,1.3986208025063004e-17,-3.4694469519536134e-18,1.0000000000000000e+00,-1.1632867320765448e-01,4.7110333226091906e-02,-4.3769771894523396e-01,9.2324604386570297e-01,-3.6397699999999999e-01,-3.6888435459432550e-01,3.2646392329552083e-02,-6.1730254552309502e-02,6.3669762826921894e-01,-4.9218499999999998e-01,0.0000000000000000e+00,2.0000000000000001e-01,0.0000000000000000e+00,0.0000000000000000e+00,5.9999999999999998e-01,2.0000000000000001e-01,0.0000000000000000e+00,0.0000000000000000e+00,5.9999999999999998e-01
2.3818000000000000e-01,-2.5208600000000003e-01,9.7999999999999998e-01,7.1557343384043277e-18,1.3986208025063004e-17,-3.4694469519536134e-18,1.0000000000000000e+00,-1.0871963320613445e-01,4.6297975533144742e-02,-4.1472935144741824e-01,8.7361110305913880e-01,-3.6397699999999999e-01,-3.6888435459432517e-01,3.2646392329552250e-02,-6.1730254552311140e-02,6.3669762826922238e-01,-4.9218499999999998e-01,0.0000000000000000e+00,2.0000000000000001e-01,0.0000000000000000e+00,0.0000000000000000e+00,5.9999999999999998e-01,2.0000000000000001e-01,0.0000000000000000e+00,0.0000000000000000e+00,5.9999999999999998e-01
2.3818000000000000e-01,-2.5208600000000003e-01,9.7999999999999998e-01,7.1557343384043277e-18,1.3986208025063004e-17,-3.4694469519536134e-18,1.0000000000000000e+00,-1.0058854585397867e-01,4.5477075545789017e-02,-3.9040603153872838e-01,8.2114745559608393e-01,-3.6397699999999999e-01,-3.6888435459432517e-01,3.2646392329552229e-02,-6.1730254552311153e-02,6.3669762826922238e-01,-4.9218499999999998e-01,0.0000000000000000e+00,2.0000000000000001e-01,0.0000000000000000e+00,0.0000000000000000e+00,5.9999999999999998e-01,2.0000000000000001e-01,0.0000000000000000e+00,0.0000000000000000e+00,5.9999999999999998e-01
2.3818000000000000e-01,-2.5208600000000003e-01,9.7999999999999998e-01,7.1557343384043277e-18,1.3986208025063004e-17,-3.4694469519536134e-18,1.0000000000000000e+00,-9.3900310372137363e-02,4.4836644810925516e-02,-3.7059389492831513e-01,7.7847886187598136e-01,-3.6397699999999999e-01,-3.6888435459432517e-01,3.2646392329552250e-02,-6.1730254552311146e-02,6.3669762826922238e-01,-4.9218499999999998e-01,0.0000000000000000e+00,2.0000000000000001e-01,0.0000000000000000e+00,0.0000000000000000e+00,5.9999999999999998e-01,2.0000000000000001e-01,0.0000000000000000e+00,0.0000000000000000e+00,5.9999999999999998e-01
2.3818000000000000e-01,-2.5208600000000003e-01,9.7999999999999998e-01,7.1557343384043277e-18,1.3986208025063004e-17,-3.4694469519536134e-18,1.0000000000000000e+00,-9.1090776143724933e-02,4.4580091114648800e-02,-3.6231045515511240e-01,7.6066026813140231e-01,-3.6397699999999999e-01,-3.6888435459432517e-01,3.2646392329552236e-02,-6.1730254552311153e-02,6.3669762826922238e-01,-4.9218499999999998e-01,0.0000000000000000e+00,2.0000000000000001e-01,0.0000000000000000e+00,0.0000000000000000e+00,5.9999999999999998e-01,2.0000000000000001e-01,0.0000000000000000e+00,0.0000000000000000e+00,5.9999999999999998e-01
2.3818000000000000e-01,-2.4584600000000004e-01,9.7999999999999998e-01,0.0000000000000000e+00,0.0000000000000000e+00,0.0000000000000000e+00,1.0000000000000000e+00,-9.2760096704179215e-02,3.6275887403585692e-02,-3.6676661530046789e-01,7.6874220930316128e-01,-3.6397699999999999e-01,-3.6705391125748527e-01,2.5111699214111622e-02,-6.3953250832612552e-02,6.3539524783781121e-01,-4.9218499999999998e-01,0.0000000000000000e+00,2.0000000000000001e-01,0.0000000000000000e+00,0.0000000000000000e+00,5.9999999999999998e-01,2.0000000000000001e-01,0.0000000000000000e+00,0.0000000000000000e+00,5.9999999999999998e-01
2.3818000000000000e-01,-2.3096600000000000e-01,9.7999999999999998e-01,0.0000000000000000e+00,0.0000000000000000e+00,0.0000000000000000e+00,1.0000000000000000e+00,-9.6241363640310093e-02,1.6398749584047658e-02,-3.7683084124658317e-01,7.8647079815176935e-01,-3.6397699999999999e-01,-3.6293755110140197e-01,7.0783608466132341e-03,-6.8392166473697377e-02,6.3060712566489008e-01,-4.9218499999999998e-01,0.0000000000000000e+00,2.0000000000000001e-01,0.0000000000000000e+00,0.0000000000000000e+00,5.9999999999999998e-01,2.0000000000000001e-01,0.0000000000000000e+00,0.0000000000000000e+00,5.9999999999999998e-01
2.3818000000000000e-01,-2.1320600000000001e-01,9.7999999999999998e-01,0.0000000000000000e+00,0.0000000000000000e+00,0.0000000000000000e+00,1.0000000000000000e+00,-9.9697311529235444e-02,-7.4382785526136167e-03,-3.8776093382379068e-01,8.0485212219338709e-01,-3.6397699999999999e-01,-3.5857419677000674e-01,-1.4561404962068102e-02,-7.2104374472199390e-02,6.2174238627629075e-01,-4.9218499999999998e-01,0.0000000000000000e+00,2.0000000000000001e-01,0.0000000000000000e+00,0.0000000000000000e+00,5.9999999999999998e-01,2.0000000000000001e-01,0.0000000000000000e+00,0.0000000000000000e+00,5.9999999999999998e-01
2.3818000000000000e-01,-1.9832600000000000e-01,9.7999999999999998e-01,0.0000000000000000e+00,0.0000000000000000e+00,0.0000000000000000e+00,1.0000000000000000e+00,-1.0213684361870325e-01,-2.7482680845250202e-02,-3.9599847313046566e-01,8.1800537801580553e-01,-3.6397699999999999e-01,-3.5546638581375384e-01,-3.2780148818312468e-02,-7.3882054845754788e-02,6.1160228882182066e-01,-4.9218499999999998e-01,0.0000000000000000e+00,2.0000000000000001e-01,0.0000000000000000e+00,0.0000000000000000e+00,5.9999999999999998e-01,2.0000000000000001e-01,0.0000000000000000e+00,0.0000000000000000e+00,5.9999999999999998e-01
2.3818000000000000e-01,-1.9208600000000001e-01,9.7999999999999998e-01,0.0000000000000000e+00,0.0000000000000000e+00,0.0000000000000000e+00,1.0000000000000000e+00,-1.0307294706835630e-01,-3.5905337492220274e-02,-3.9921415222643980e-01,8.2295421465735663e-01,-3.6397699999999999e-01,-3.5431874577250699e-01,-4.0439458257814510e-02,-7.4260223243960186e-02,6.0659008964054584e-01,-4.9218499999999998e-01,0.0000000000000000e+00,2.0000000000000001e-01,0.0000000000000000e+00,0.0000000000000000e+00,5.9999999999999998e-01,2.0000000000000001e-01,0.0000000000000000e+00,0.0000000000000000e+00,5.9999999999999998e-01
2.3818000000000000e-01,-1.9208600000000001e-01,9.7999999999999998e-01,0.0000000000000000e+00,0.0000000000000000e+00,0.0000000000000000e+00,1.0000000000000000e+00,-1.0307574080601549e-01,-3.5907661652973759e-02,-3.9922798376472618e-01,8.2298137357804813e-01,-3.6397699999999999e-01,-3.5022277177960148e-01,-3.8913723107116813e-02,-8.9379767125473797e-02,6.2295292313899553e-01,-4.9218499999999998e-01,0.0000000000000000e+00,2.0000000000000001e-01,0.0000000000000000e+00,0.0000000000000000e+00,5.9999999999999998e-01,2.0000000000000001e-01,0.0000000000000000e+00,0.0000000000000000e+00,5.9999999999999998e-01
2.3818000000000000e-01,-1.9208600000000001e-01,9.7999999999999998e-01,0.0000000000000000e+00,0.0000000000000000e+00,0.0000000000000000e+00,1.0000000000000000e+00,-1.0307575441048238e-01,-3.5907666062054887e-02,-3.9922805248301158e-01,8.2298150921328794e-01,-3.6397699999999999e-01,-3.3985926030018232e-01,-3.5196978088799930e-02,-1.2905742997209924e-01,6.6387182263331590e-01,-4.9218499999999998e-01,0.0000000000000000e+00,2.0000000000000001e-01,0.0000000000000000e+00,0.0000000000000000e+00,5.9999999999999998e-01,2.0000000000000001e-01,0.0000000000000000e+00,0.0000000000000000e+00,5.9999999999999998e-01
2.3818000000000000e-01,-1.9208600000000001e-01,9.7999999999999998e-01,0.0000000000000000e+00,0.0000000000000000e+00,0.0000000000000000e+00,1.0000000000000000e+00,-1.0307575447820022e-01,-3.5907666082721279e-02,-3.9922805282532958e-01,8.2298150988900132e-01,-3.6397699999999999e-01,-3.2605541583532910e-01,-3.0684434889374730e-02,-1.8426559849384797e-01,7.1589550072809449e-01,-4.9218499999999998e-01,0.0000000000000000e+00,2.0000000000000001e-01,0.0000000000000000e+00,0.0000000000000000e+00,5.9999999999999998e-01,2.0000000000000001e-01,0.0000000000000000e+00,0.0000000000000000e+00,5.9999999999999998e-01
2.3818000000000000e-01,-1.9208600000000001e-01,9.7999999999999998e-01,0.0000000000000000e+00,0.0000000000000000e+00,0.0000000000000000e+00,1.0000000000000000e+00,-1.0307575447853760e-01,-3.5907666082823982e-02,-3.9922805282703516e-01,8.2298150989236785e-01,-3.6397699999999999e-01,-3.1102163179019410e-01,-2.6512741768820083e-02,-2.4686414016800831e-01,7.6783443801760964e-01,-4.9218499999999998e-01,0.0000000000000000e+00,2.0000000000000001e-01,0.0000000000000000e+00,0.0000000000000000e+00,5.9999999999999998e-01,2.0000000000000001e-01,0.0000000000000000e+00,0.0000000000000000e+00,5.9999999999999998e-01
2.3818000000000000e-01,-1.9208600000000001e-01,9.7999999999999998e-01,0.0000000000000000e+00,0.0000000000000000e+00,0.0000000000000000e+00,1.0000000000000000e+00,-1.0307575447853917e-01,-3.5907666082824530e-02,-3.9922805282704310e-01,8.2298150989238361e-01,-3.6397699999999999e-01,-2.9629849830033039e-01,-2.3365941033125278e-02,-3.1027636259740804e-01,8.1250367045000127e-01,-4.9218499999999998e-01,0.0000000000000000e+00,2.0000000000000001e-01,0.0000000000000000e+00,0.0000000000000000e+00,5.9999999999999998e-01,2.0000000000000001e-01,0.0000000000000000e+00,0.0000000000000000e+00,5.9999999999999998e-01
2.3818000000000000e-01,-1.9208600000000001e-01,9.7999999999999998e-01,0.0000000000000000e+00,0.0000000000000000e+00,0.0000000000000000e+00,1.0000000000000000e+00,-1.0307575447853917e-01,-3.5907666082824530e-02,-3.9922805282704310e-01,8.2298150989238361e-01,-3.6397699999999999e-01,-2.8297659513326717e-01,-2.1481756916079370e-02,-3.6932111954666830e-01,8.4636584945703186e-01,-4.9218499999999998e-01,0.0000000000000000e+00,2.0000000000000001e-01,0.0000000000000000e+00,0.0000000000000000e+00,5.9999999999999998e-01,2.0000000000000001e-01,0.0000000000000000e+00,0.0000000000000000e+00,5.9999999999999998e-01
2.3818000000000000e-01,-1.9208600000000001e-01,9.7999999999999998e-01,0.0000000000000000e+00,0.0000000000000000e+00,0.0000000000000000e+00,1.0000000000000000e+00,-1.0307575447853917e-01,-3.5907666082824530e-02,-3.9922805282704310e-01,8.2298150989238361e-01,-3.6397699999999999e-01,-2.7184054783902784e-01,-2.0729239780890613e-02,-4.1997358635862808e-01,8.6881288609173934e-01,-4.9218499999999998e-01,0.0000000000000000e+00,2.0000000000000001e-01,0.0000000000000000e+00,0.0000000000000000e+00,5.9999999999999998e-01,2.0000000000000001e-01,0.0000000000000000e+00,0.0000000000000000e+00,5.9999999999999998e-01
2.3818000000000000e-01,-1.9208600000000001e-01,9.7999999999999998e-01,0.0000000000000000e+00,0.0000000000000000e+00,0.0000000000000000e+00,1.0000000000000000e+00,-1.0307575447853917e-01,-3.5907666082824530e-02,-3.9922805282704310e-01,8.2298150989238361e-01,-3.6397699999999999e-01,-2.6343179875966810e-01,-2.0731895321968560e-02,-4.5916142402450832e-01,8.8142566547274448e-01,-4.9218499999999998e-01,0.0000000000000000e+00,2.0000000000000001e-01,0.0000000000000000e+00,0.0000000000000000e+00,5.9999999999999998e-01,2.0000000000000001e-01,0.0000000000000000e+00,0.0000000000000000e+00,5.9999999999999998e-01
2.3818000000000000e-01,-1.9208600000000001e-01,9.7999999999999998e-01,0.0000000000000000e+00,0.0000000000000000e+00,0.0000000000000000e+00,1.0000000000000000e+00,-1.0307575447853917e-01,-3.5907666082824530e-02,-3.9922805282704310e-01,8.2298150989238361e-01,-3.6397699999999999e-01,-2.5811641466778756e-01,-2.1019210881594693e-02,-4.8445989474242823e-01,8.8706753865697763e-01,-4.9218499999999998e-01,0.0000000000000000e+00,2.0000000000000001e-01,0.0000000000000000e+00,0.0000000000000000e+00,5.9999999999999998e-01,2.0000000000000001e-01,0.0000000000000000e+00,0.0000000000000000e+00,5.9999999999999998e-01
2.3818000000000000e-01,-1.9208600000000001e-01,9.7999999999999998e-01,0.0000000000000000e+00,0.0000000000000000e+00,0.0000000000000000e+00,1.0000000000000000e+00,-1.0307575447853917e-01,-3.5907666082824530e-02,-3.9922805282704310e-01,8.2298150989238361e-01,-3.6397699999999999e-01,-2.5623582479827983e-01,-2.1177892606423693e-02,-4.9352747882535591e-01,8.8858260778028353e-01,-4.9218499999999998e-01,0.0000000000000000e+00,2.0000000000000001e-01,0.0000000000000000e+00,0.0000000000000000e+00,5.9999999999999998e-01,2.0000000000000001e-01,0.0000000000000000e+00,0.0000000000000000e+00,5.9999999999999998e-01
2.3818000000000000e-01,-1.9208600000000001e-01,9.7999999999999998e-01,0.0000000000000000e+00,0.0000000000000000e+00,0.0000000000000000e+00,1.0000000000000000e+00,-1.0307575447853917e-01,-3.5907666082824530e-02,-3.9922805282704310e-01,8.2298150989238361e-01,-3.6397699999999999e-01,-2.5623258784388570e-01,-2.1177470603768015e-02,-4.9353900674100465e-01,8.8860335553201830e-01,-4.9218499999999998e-01,0.0000000000000000e+00,2.0000000000000001e-01,0.0000000000000000e+00,0.0000000000000000e+00,5.9999999999999998e-01,2.0000000000000001e-01,0.0000000000000000e+00,0.0000000000000000e+00,5.9999999999999998e-01
2.3818000000000000e-01,-1.9208600000000001e-01,9.7999999999999998e-01,0.0000000000000000e+00,0.0000000000000000e+00,0.0000000000000000e+00,1.0000000000000000e+00,-1.0307575447853917e-01,-3.5907666082824530e-02,-3.9922805282704310e-01,8.2298150989238361e-01,-3.6397699999999999e-01,-2.5623257466106519e-01,-2.1177468477430558e-02,-4.9353905212531490e-01,8.8860344663025359e-01,-4.9218499999999998e-01,0.0000000000000000e+00,2.0000000000000001e-01,0.0000000000000000e+00,0.0000000000000000e+00,5.9999999999999998e-01,2.0000000000000001e-01,0.0000000000000000e+00,0.0000000000000000e+00,5.9999999999999998e-01
2.3818000000000000e-01,-1.9208600000000001e-01,9.7999999999999998e-01,0.0000000000000000e+00,0.0000000000000000e+00,0.0000000000000000e+00,1.0000000000000000e+00,-1.0307575447853917e-01,-3.5907666082824530e-02,-3.9922805282704310e-01,8.2298150989238361e-01,-3.6397699999999999e-01,-2.5623257460462279e-01,-2.1177468468235393e-02,-4.9353905231937434e-01,8.8860344702130600e-01,-4.9218499999999998e-01,0.0000000000000000e+00,2.0000000000000001e-01,0.0000000000000000e+00,0.0000000000000000e+00,5.9999999999999998e-01,2.0000000000000001e-01,0.0000000000000000e+00,0.0000000000000000e+00,5.9999999999999998e-01
2.3818000000000000e-01,-1.9208600000000001e-01,9.7999999999999998e-01,0.0000000000000000e+00,0.0000000000000000e+00,0.0000000000000000e+00,1.0000000000000000e+00,-1.0307575447853917e-01,-3.5907666082824530e-02,-3.9922805282704310e-01,8.2298150989238361e-01,-3.6397699999999999e-01,-2.5623257460462279e-01,-2.1177468468235393e-02,-4.9353905231937434e-01,8.8860344702130600e-01,-4.9218499999999998e-01,0.0000000000000000e+00,2.0000000000000001e-01,0.0000000000000000e+00,0.0000000000000000e+00,5.9999999999999998e-01,2.0000000000000001e-01,0.0000000000000000e+00,0.0000000000000000e+00,5.9999999999999998e-01
2.3818000000000000e-01,-1.9208600000000001e-01,9.7999999999999998e-01,0.0000000000000000e+00,0.0000000000000000e+00,0.0000000000000000e+00,1.0000000000000000e+00,-1.0307575447853917e-01,-3.5907666082824530e-02,-3.9922805282704310e-01,8.2298150989238361e-01,-3.6397699999999999e-01,-2.5623257460462279e-01,-2.1177468468235393e-02,-4.9353905231937434e-01,8.8860344702130600e-01,-4.9218499999999998e-01,0.0000000000000000e+00,2.0000000000000001e-01,0.0000000000000000e+00,0.0000000000000000e+00,5.9999999999999998e-01,2.0000000000000001e-01,0.0000000000000000e+00,0.0000000000000000e+00,5.9999999999999998e-01
2.3818000000000000e-01,-1.9208600000000001e-01,9.7999999999999998e-01,0.0000000000000000e+00,0.0000000000000000e+00,0.0000000000000000e+00,1.0000000000000000e+00,-1.0307575447853917e-01,-3.5907666082824530e-02,-3.9922805282704310e-01,8.2298150989238361e-01,-3.6397699999999999e-01,-2.5729123142789506e-01,-2.1027236207373328e-02,-4.8980543698448975e-01,8.8093195666725344e-01,-4.9218499999999998e-01,0.0000000000000000e+00,2.0000000000000001e-01,0.0000000000000000e+00,0.0000000000000000e+00,5.9999999999999998e-01,2.0000000000000001e-01,0.0000000000000000e+00,0.0000000000000000e+00,5.9999999999999998e-01
2.3818000000000000e-01,-1.9208600000000001e-01,9.7999999999999998e-01,0.0000000000000000e+00,0.0000000000000000e+00,0.0000000000000000e+00,1.0000000000000000e+00,-1.0307575447853917e-01,-3.5907666082824530e-02,-3.9922805282704310e-01,8.2298150989238361e-01,-3.6397699999999999e-01,-2.5998536377002845e-01,-2.0649335431337925e-02,-4.8032227422197921e-01,8.6144357153173257e-01,-4.9218499999999998e-01,0.0000000000000000e+00,2.0000000000000001e-01,0.0000000000000000e+00,0.0000000000000000e+00,5.9999999999999998e-01,2.0000000000000001e-01,0.0000000000000000e+00,0.0000000000000000e+00,5.9999999999999998e-01
2.3818000000000000e-01,-1.9208600000000001e-01,9.7999999999999998e-01,0.0000000000000000e+00,0.0000000000000000e+00,0.0000000000000000e+00,1.0000000000000000e+00,-1.0307575447853917e-01,-3.5907666082824530e-02,-3.9922805282704310e-01,8.2298150989238361e-01,-3.6397699999999999e-01,-2.6359150868198639e-01,-2.0151783827334641e-02,-4.6767037813890699e-01,8.3543504874319896e-01,-4.9218499999999998e-01,0.0000000000000000e+00,2.0000000000000001e-01,0.0000000000000000e+00,0.0000000000000000e+00,5.9999999999999998e-01,2.0000000000000001e-01,0.0000000000000000e+00,0.0000000000000000e+00,5.9999999999999998e-01
2.3818000000000000e-01,-1.9208600000000001e-01,9.7999999999999998e-01,0.0000000000000000e+00,0.0000000000000000e+00,0.0000000000000000e+00,1.0000000000000000e+00,-1.0307575447853917e-01,-3.5907666082824530e-02,-3.9922805282704310e-01,8.2298150989238361e-01,-3.6397699999999999e-01,-2.6732422105739467e-01,-1.9645466700397293e-02,-4.5462955311399267e-01,8.0861585726760909e-01,-4.9218499999999998e-01,0.0000000000000000e+00,2.0000000000000001e-01,0.0000000000000000e+00,0.0000000000000000e+00,5.9999999999999998e-01,2.0000000000000001e-01,0.0000000000000000e+00,0.0000000000000000e+00,5.9999999999999998e-01
2.3818000000000000e-01,-1.9208600000000001e-01,9.7999999999999998e-01,0.0000000000000000e+00,0.0000000000000000e+00,0.0000000000000000e+00,1.0000000000000000e+00,-1.0307575447853917e-01,-3.5907666082824530e-02,-3.9922805282704310e-01,8.2298150989238361e-01,-3.6397699999999999e-01,-2.7029220309647145e-01,-1.9249304516888416e-02,-4.4430203093898846e-01,7.8736839495772504e-01,-4.9218499999999998e-01,0.0000000000000000e+00,2.0000000000000001e-01,0.0000000000000000e+00,0.0000000000000000e+00,5.9999999999999998e-01,2.0000000000000001e-01,0.0000000000000000e+00,0.0000000000000000e+00,5.9999999999999998e-01
2.3818000000000000e-01,-1.9208600000000001e-01,9.7999999999999998e-01,0.0000000000000000e+00,0.0000000000000000e+00,0.0000000000000000e+00,1.0000000000000000e+00,-1.0307575447853917e-01,-3.5907666082824530e-02,-3.9922805282704310e-01,8.2298150989238361e-01,-3.6397699999999999e-01,-2.7151099044274302e-01,-1.9089869427016501e-02,-4.4006958940372087e-01,7.7865930471714717e-01,-4.9218499999999998e-01,0.0000000000000000e+00,2.0000000000000001e-01,0.0000000000000000e+00,0.0000000000000000e+00,5.9999999999999998e-01,2.0000000000000001e-01,0.0000000000000000e+00,0.0000000000000000e+00,5.9999999999999998e-01
2.3818000000000000e-01,-1.9292600000000001e-01,9.7999999999999998e-01,0.0000000000000000e+00,0.0000000000000000e+00,0.0000000000000000e+00,1.0000000000000000e+00,-1.0018963335314007e-01,-3.4902251432505443e-02,-3.9924966734788592e-01,8.2233802761539687e-01,-3.6498564400000000e-01,-2.6390868271034623e-01,-1.8555353083060038e-02,-4.3894764090041671e-01,7.7925684418506702e-01,-4.8960381999999997e-01,0.0000000000000000e+00,2.0000000000000001e-01,0.0000000000000000e+00,0.0000000000000000e+00,5.9999999999999998e-01,2.0000000000000001e-01,0.0000000000000000e+00,0.0000000000000000e+00,5.9999999999999987e-01
2.3818000000000000e-01,-1.9520600000000002e-01,9.7999999999999998e-01,0.0000000000000000e+00,0.0000000000000000e+00,0.0000000000000000e+00,1.0000000000000000e+00,-9.2355876012771093e-02,-3.2173268810210778e-02,-3.9930833533303062e-01,8.2059143286357572e-01,-3.6772339199999998e-01,-2.4327384743669772e-01,-1.7104523006606785e-02,-4.3590235210573391e-01,7.8087873702656385e-01,-4.8259775999999999e-01,0.0000000000000000e+00,2.0000000000000001e-01,0.0000000000000000e+00,0.0000000000000000e+00,5.9999999999999998e-01,2.0000000000000001e-01,0.0000000000000000e+00,0.0000000000000000e+00,5.9999999999999987e-01
2.3818000000000000e-01,-1.9856600000000002e-01,9.7999999999999998e-01,0.0000000000000000e+00,0.0000000000000000e+00,0.0000000000000000e+00,1.0000000000000000e+00,-8.0811391511174710e-02,-2.8151610208934433e-02,-3.9939479341640177e-01,8.1801750375562876e-01,-3.7175796799999999e-01,-2.1286461650711053e-01,-1.4966457630780937e-02,-4.3141455809251716e-01,7.8326889489824336e-01,-4.7227303999999998e-01,0.0000000000000000e+00,2.0000000000000001e-01,0.0000000000000000e+00,0.0000000000000000e+00,5.9999999999999998e-01,2.0000000000000001e-01,0.0000000000000000e+00,0.0000000000000000e+00,5.9999999999999987e-01
2.3818000000000000e-01,-2.0264600000000002e-01,9.7999999999999998e-01,0.0000000000000000e+00,0.0000000000000000e+00,0.0000000000000000e+00,1.0000000000000000e+00,-6.6793088902093373e-02,-2.3268167621670291e-02,-3.9949977823192395e-01,8.1489201841026460e-01,-3.7665709600000002e-01,-1.7593912180689747e-01,-1.2370235388706692e-02,-4.2596509393361115e-01,7.8617122945671136e-01,-4.5973587999999999e-01,0.0000000000000000e+00,2.0000000000000001e-01,0.0000000000000000e+00,0.0000000000000000e+00,5.9999999999999998e-01,2.0000000000000001e-01,0.0000000000000000e+00,0.0000000000000000e+00,5.9999999999999987e-01
2.3818000000000000e-01,-2.0708599999999999e-01,9.7999999999999998e-01,0.0000000000000000e+00,0.0000000000000000e+00,0.0000000000000000e+00,1.0000000000000000e+00,-5.1537877239269586e-02,-1.7953833041412265e-02,-3.9961402641352156e-01,8.1149075494619183e-01,-3.8198850000000001e-01,-1.3575549522137151e-01,-9.5449347135082505e-03,-4.2003479470186045e-01,7.8932965235857355e-01,-4.4609250000000000e-01,0.0000000000000000e+00,2.0000000000000001e-01,0.0000000000000000e+00,0.0000000000000000e+00,5.9999999999999998e-01,2.0000000000000001e-01,0.0000000000000000e+00,0.0000000000000000e+00,5.9999999999999987e-01
2.3818000000000000e-01,-2.1152599999999999e-01,9.7999999999999998e-01,0.0000000000000000e+00,0.0000000000000000e+00,0.0000000000000000e+00,1.0000000000000000e+00,-3.6282665576445786e-02,-1.2639498461154235e-02,-3.9972827459511917e-01,8.0808949148211906e-01,-3.8731990399999999e-01,-9.5571868635845547e-02,-6.7196340383098071e-03,-4.1410449547010975e-01,7.9248807526043585e-01,-4.3244912000000002e-01,0.0000000000000000e+00,2.0000000000000001e-01,0.0000000000000000e+00,0.0000000000000000e+00,5.9999999999999998e-01,2.0000000000000001e-01,0.0000000000000000e+00,0.0000000000000000e+00,5.9999999999999998e-01
2.3818000000000000e-01,-2.1560599999999999e-01,9.7999999999999998e-01,0.0000000000000000e+00,0.0000000000000000e+00,0.0000000000000000e+00,1.0000000000000000e+00,-2.2264362967364476e-02,-7.7560558738901005e-03,-3.9983325941064135e-01,8.0496400613675489e-01,-3.9221903200000002e-01,-5.8646373935632518e-02,-4.1234117962355658e-03,-4.0865503131120373e-01,7.9539040981890385e-01,-4.1991196000000003e-01,0.0000000000000000e+00,2.0000000000000001e-01,0.0000000000000000e+00,0.0000000000000000e+00,5.9999999999999998e-01,2.0000000000000001e-01,0.0000000000000000e+00,0.0000000000000000e+00,5.9999999999999998e-01
2.3818000000000000e-01,-2.1896600000000002e-01,9.7999999999999998e-01,0.0000000000000000e+00,0.0000000000000000e+00,0.0000000000000000e+00,1.0000000000000000e+00,-1.0719878465768065e-02,-3.7343972726137445e-03,-3.9991971749401251e-01,8.0239007702880794e-01,-3.9625360800000003e-01,-2.8237143006045240e-02,-1.9853464204097129e-03,-4.0416723729798698e-01,7.9778056769058336e-01,-4.0958724000000002e-01,0.0000000000000000e+00,2.0000000000000001e-01,0.0000000000000000e+00,0.0000000000000000e+00,5.9999999999999998e-01,2.0000000000000001e-01,0.0000000000000000e+00,0.0000000000000000e+00,5.9999999999999998e-01
2.3818000000000000e-01,-2.2124600000000000e-01,9.7999999999999998e-01,0.0000000000000000e+00,0.0000000000000000e+00,0.0000000000000000e+00,1.0000000000000000e+00,-2.8861211253990993e-03,-1.0054146503190864e-03,-3.9997838547915721e-01,8.0064348227698678e-01,-3.9899135600000002e-01,-7.6023077323967847e-03,-5.3451634395646277e-04,-4.0112194850330418e-01,7.9940246053208019e-01,-4.0258118000000004e-01,0.0000000000000000e+00,2.0000000000000001e-01,0.0000000000000000e+00,0.0000000000000000e+00,5.9999999999999998e-01,2.0000000000000001e-01,0.0000000000000000e+00,0.0000000000000000e+00,5.9999999999999998e-01
2.3818000000000000e-01,-2.2208600000000001e-01,9.7999999999999998e-01,0.0000000000000000e+00,0.0000000000000000e+00,0.0000000000000000e+00,1.0000000000000000e+00,0.0000000000000000e+00,0.0000000000000000e+00,-4.0000000000000002e-01,8.0000000000000004e-01,-4.0000000000000002e-01,0.0000000000000000e+00,0.0000000000000000e+00,-4.0000000000000002e-01,8.0000000000000004e-01,-4.0000000000000002e-01,0.0000000000000000e+00,2.0000000000000001e-01,0.0000000000000000e+00,0.0000000000000000e+00,5.9999999999999998e-01,2.0000000000000001e-01,0.0000000000000000e+00,0.0000000000000000e+00,5.9999999999999998e-01
2.3818000000000000e-01,-2.2208600000000001e-01,9.7999999999999998e-01,0.0000000000000000e+00,0.0000000000000000e+00,0.0000000000000000e+00,1.0000000000000000e+00,0.0000000000000000e+00,0.0000000000000000e+00,-4.0000000000000002e-01,8.0000000000000004e-01,-4.0000000000000002e-01,0.0000000000000000e+00,0.0000000000000000e+00,-4.0000000000000002e-01,8.0000000000000004e-01,-4.0000000000000002e-01,0.0000000000000000e+00,2.0000000000000001e-01,0.0000000000000000e+00,0.0000000000000000e+00,5.9999999999999998e-01,2.0000000000000001e-01,0.0000000000000000e+00,0.0000000000000000e+00,5.9999999999999998e-01
2.3818000000000000e-01,-2.2208600000000001e-01,9.7999999999999998e-01,0.0000000000000000e+00,0.0000000000000000e+00,0.0000000000000000e+00,1.0000000000000000e+00,0.0000000000000000e+00,0.0000000000000000e+00,-4.0000000000000002e-01,8.0000000000000004e-01,-4.0000000000000002e-01,0.0000000000000000e+00,0.0000000000000000e+00,-4.0000000000000002e-01,8.0000000000000004e-01,-4.0000000000000002e-01,0.0000000000000000e+00,2.0000000000000001e-01,0.0000000000000000e+00,0.0000000000000000e+00,5.9999999999999998e-01,2.0000000000000001e-01,0.0000000000000000e+00,0.0000000000000000e+00,5.9999999999999998e-01
2.3818000000000000e-01,-2.2208600000000001e-01,9.7999999999999998e-01,0.0000000000000000e+00,0.0000000000000000e+00,0.0000000000000000e+00,1.0000000000000000e+00,0.0000000000000000e+00,0.0000000000000000e+00,-4.0000000000000002e-01,8.0000000000000004e-01,-4.0000000000000002e-01,0.0000000000000000e+00,0.0000000000000000e+00,-4.0000000000000002e-01,8.0000000000000004e-01,-4.0000000000000002e-01,0.0000000000000000e+00,2.0000000000000001e-01,0.0000000000000000e+00,0.0000000000000000e+00,5.9999999999999998e-01,2.0000000000000001e-01,0.0000000000000000e+00,0.0000000000000000e+00,5.9999999999999998e-01
2.3818000000000000e-01,-2.2208600000000001e-01,9.7999999999999998e-01,0.0000000000000000e+00,0.0000000000000000e+00,0.0000000000000000e+00,1.0000000000000000e+00,0.0000000000000000e+00,0.0000000000000000e+00,-4.0000000000000002e-01,8.0000000000000004e-01,-4.0000000000000002e-01,0.0000000000000000e+00,0.0000000000000000e+00,-4.0000000000000002e-01,8.0000000000000004e-01,-4.0000000000000002e-01,0.0000000000000000e+00,2.0000000000000001e-01,0.0000000000000000e+00,0.0000000000000000e+00,5.9999999999999998e-01,2.0000000000000001e-01,0.0000000000000000e+00,0.0000000000000000e+00,5.9999999999999998e-01
2.3818000000000000e-01,-2.2208600000000001e-01,9.7999999999999998e-01,0.0000000000000000e+00,0.0000000000000000e+00,0.0000000000000000e+00,1.0000000000000000e+00,0.0000000000000000e+00,0.0000000000000000e+00,-4.0000000000000002e-01,8.0000000000000004e-01,-4.0000000000000002e-01,0.0000000000000000e+00,0.0000000000000000e+00,-4.0000000000000002e-01,8.0000000000000004e-01,-4.0000000000000002e-01,0.0000000000000000e+00,2.0000000000000001e-01,0.0000000000000000e+00,0.0000000000000000e+00,5.9999999999999998e-01,2.0000000000000001e-01,0.0000000000000000e+00,0.0000000000000000e+00,5.9999999999999998e-01
2.3818000000000000e-01,-2.2208600000000001e-01,9.7999999999999998e-01,0.0000000000000000e+00,0.0000000000000000e+00,0.0000000000000000e+00,1.0000000000000000e+00,0.0000000000000000e+00,0.0000000000000000e+00,-4.0000000000000002e-01,8.0000000000000004e-01,-4.0000000000000002e-01,0.0000000000000000e+00,0.0000000000000000e+00,-4.0000000000000002e-01,8.0000000000000004e-01,-4.0000000000000002e-01,0.0000000000000000e+00,2.0000000000000001e-01,0.0000000000000000e+00,0.0000000000000000e+00,5.9999999999999998e-01,2.0000000000000001e-01,0.0000000000000000e+00,0.0000000000000000e+00,5.9999999999999998e-01
2.3818000000000000e-01,-2.2208600000000001e-01,9.7999999999999998e-01,0.0000000000000000e+00,0.0000000000000000e+00,0.0000000000000000e+00,1.0000000000000000e+00,0.0000000000000000e+00,0.0000000000000000e+00,-4.0000000000000002e-01,8.0000000000000004e-01,-4.0000000000000002e-01,0.0000000000000000e+00,0.0000000000000000e+00,-4.0000000000000002e-01,8.0000000000000004e-01,-4.0000000000000002e-01,0.0000000000000000e+00,2.0000000000000001e-01,0.0000000000000000e+00,0.0000000000000000e+00,5.9999999999999998e-01,2.0000000000000001e-01,0.0000000000000000e+00,0.0000000000000000e+00,5.9999999999999998e-01
2.3818000000000000e-01,-2.2208600000000001e-01,9.7999999999999998e-01,0.0000000000000000e+00,0.0000000000000000e+00,0.0000000000000000e+00,1.0000000000000000e+00,0.0000000000000000e+00,0.0000000000000000e+00,-4.0000000000000002e-01,8.0000000000000004e-01,-4.0000000000000002e-01,0.0000000000000000e+00,0.0000000000000000e+00,-4.0000000000000002e-01,8.0000000000000004e-01,-4.0000000000000002e-01,0.0000000000000000e+00,2.0000000000000001e-01,0.0000000000000000e+00,0.0000000000000000e+00,5.9999999999999998e-01,2.0000000000000001e-01,0.0000000000000000e+00,0.0000000000000000e+00,5.9999999999999998e-01
2.3818000000000000e-01,-2.2208600000000001e-01,9.7999999999999998e-01,0.0000000000000000e+00,0.0000000000000000e+00,0.0000000000000000e+00,1.0000000000000000e+00,0.0000000000000000e+00,0.0000000000000000e+00,-4.0000000000000002e-01,8.0000000000000004e-01,-4.0000000000000002e-01,0.0000000000000000e+00,0.0000000000000000e+00,-4.0000000000000002e-01,8.0000000000000004e-01,-4.0000000000000002e-01,0.0000000000000000e+00,2.0000000000000001e-01,0.0000000000000000e+00,0.0000000000000000e+00,5.9999999999999998e-01,2.0000000000000001e-01,0.0000000000000000e+00,0.0000000000000000e+00,5.9999999999999998e-01
2.3818000000000000e-01,-2.2208600000000001e-01,9.7999999999999998e-01,0.0000000000000000e+00,0.0000000000000000e+00,0.0000000000000000e+00,1.0000000000000000e+00,0.0000000000000000e+00,0.0000000000000000e+00,-4.0000000000000002e-01,8.0000000000000004e-01,-4.0000000000000002e-01,0.0000000000000000e+00,0.0000000000000000e+00,-4.0000000000000002e-01,8.0000000000000004e-01,-4.0000000000000002e-01,0.0000000000000000e+00,2.0000000000000001e-01,0.0000000000000000e+00,0.0000000000000000e+00,5.9999999999999998e-01,2.0000000000000001e-01,0.0000000000000000e+00,0.0000000000000000e+00,5.9999999999999998e-01
2.3818000000000000e-01,-2.2208600000000001e-01,9.7999999999999998e-01,0.0000000000000000e+00,0.0000000000000000e+00,0.0000000000000000e+00,1.0000000000000000e+00,0.0000000000000000e+00,0.0000000000000000e+00,-4.0000000000000002e-01,8.0000000000000004e-01,-4.0000000000000002e-01,0.0000000000000000e+00,0.0000000000000000e+00,-4.0000000000000002e-01,8.0000000000000004e-01,-4.0000000000000002e-01,0.0000000000000000e+00,2.0000000000000001e-01,0.0000000000000000e+00,0.0000000000000000e+00,5.9999999999999998e-01,2.0000000000000001e-01,0.0000000000000000e+00,0.0000000000000000e+00,5.9999999999999998e-01
2.3818000000000000e-01,-2.2208600000000001e-01,9.7999999999999998e-01,0.0000000000000000e+00,0.0000000000000000e+00,0.0000000000000000e+00,1.0000000000000000e+00,0.0000000000000000e+00,0.0000000000000000e+00,-4.0000000000000002e-01,8.0000000000000004e-01,-4.0000000000000002e-01,0.0000000000000000e+00,0.0000000000000000e+00,-4.0000000000000002e-01,8.0000000000000004e-01,-4.0000000000000002e-01,0.0000000000000000e+00,2.0000000000000001e-01,0.0000000000000000e+00,0.0000000000000000e+00,5.9999999999999998e-01,2.0000000000000001e-01,0.0000000000000000e+00,0.0000000000000000e+00,5.9999999999999998e-01
2.3818000000000000e-01,-2.2208600000000001e-01,9.7999999999999998e-01,0.0000000000000000e+00,0.0000000000000000e+00,0.0000000000000000e+00,1.0000000000000000e+00,0.0000000000000000e+00,0.0000000000000000e+00,-4.0000000000000002e-01,8.0000000000000004e-01,-4.0000000000000002e-01,0.0000000000000000e+00,0.0000000000000000e+00,-4.0000000000000002e-01,8.0000000000000004e-01,-4.0000000000000002e-01,0.0000000000000000e+00,2.0000000000000001e-01,0.0000000000000000e+00,0.0000000000000000e+00,5.9999999999999998e-01,2.0000000000000001e-01,0.0000000000000000e+00,0.0000000000000000e+00,5.9999999999999998e-01
2.3818000000000000e-01,-2.2208600000000001e-01,9.7999999999999998e-01,0.0000000000000000e+00,0.0000000000000000e+00,0.0000000000000000e+00,1.0000000000000000e+00,0.0000000000000000e+00,0.0000000000000000e+00,-4.0000000000000002e-01,8.0000000000000004e-01,-4.0000000000000002e-01,0.0000000000000000e+00,0.0000000000000000e+00,-4.0000000000000002e-01,8.0000000000000004e-01,-4.0000000000000002e-01,0.0000000000000000e+00,2.0000000000000001e-01,0.0000000000000000e+00,0.0000000000000000e+00,5.9999999999999998e-01,2.0000000000000001e-01,0.0000000000000000e+00,0.0000000000000000e+00,5.9999999999999998e-01
2.3818000000000000e-01,-2.2208600000000001e-01,9.7999999999999998e-01,0.0000000000000000e+00,0.0000000000000000e+00,0.0000000000000000e+00,1.0000000000000000e+00,0.0000000000000000e+00,0.0000000000000000e+00,-4.0000000000000002e-01,8.0000000000000004e-01,-4.0000000000000002e-01,0.0000000000000000e+00,0.0000000000000000e+00,-4.0000000000000002e-01,8.0000000000000004e-01,-4.0000000000000002e-01,0.0000000000000000e+00,2.0000000000000001e-01,0.0000000000000000e+00,0.0000000000000000e+00,5.9999999999999998e-01,2.0000000000000001e-01,0.0000000000000000e+00,0.0000000000000000e+00,5.9999999999999998e-01
2.3818000000000000e-01,-2.2208600000000001e-01,9.7999999999999998e-01,0.0000000000000000e+00,0.0000000000000000e+00,0.0000000000000000e+00,1.0000000000000000e+00,0.0000000000000000e+00,0.0000000000000000e+00,-4.0000000000000002e-01,8.0000000000000004e-01,-4.0000000000000002e-01,0.0000000000000000e+00,0.0000000000000000e+00,-4.0000000000000002e-01,8.0000000000000004e-01,-4.0000000000000002e-01,0.0000000000000000e+00,2.0000000000000001e-01,0.0000000000000000e+00,0.0000000000000000e+00,5.9999999999999998e-01,2.0000000000000001e-01,0.0000000000000000e+00,0.0000000000000000e+00,5.9999999999999998e-01
2.3818000000000000e-01,-2.2208600000000001e-01,9.7999999999999998e-01,0.0000000000000000e+00,0.0000000000000000e+00,0.0000000000000000e+00,1.0000000000000000e+00,0.0000000000000000e+00,0.0000000000000000e+00,-4.0000000000000002e-01,8.0000000000000004e-01,-4.0000000000000002e-01,0.0000000000000000e+00,0.0000000000000000e+00,-4.0000000000000002e-01,8.0000000000000004e-01,-4.0000000000000002e-01,0.0000000000000000e+00,2.0000000000000001e-01,0.0000000000000000e+00,0.0000000000000000e+00,5.9999999999999998e-01,2.0000000000000001e-01,0.0000000000000000e+00,0.0000000000000000e+00,5.9999999999999998e-01
2.3818000000000000e-01,-2.2208600000000001e-01,9.7999999999999998e-01,0.0000000000000000e+00,0.0000000000000000e+00,0.0000000000000000e+00,1.0000000000000000e+00,0.0000000000000000e+00,0.0000000000000000e+00,-4.0000000000000002e-01,8.0000000000000004e-01,-4.0000000000000002e-01,0.0000000000000000e+00,0.0000000000000000e+00,-4.0000000000000002e-01,8.0000000000000004e-01,-4.0000000000000002e-01,0.0000000000000000e+00,2.0000000000000001e-01,0.0000000000000000e+00,0.0000000000000000e+00,5.9999999999999998e-01,2.0000000000000001e-01,0.0000000000000000e+00,0.0000000000000000e+00,5.9999999999999998e-01
2.3818000000000000e-01,-2.2208600000000001e-01,9.7999999999999998e-01,0.0000000000000000e+00,0.0000000000000000e+00,0.0000000000000000e+00,1.0000000000000000e+00,0.0000000000000000e+00,0.0000000000000000e+00,-4.0000000000000002e-01,8.0000000000000004e-01,-4.0000000000000002e-01,0.0000000000000000e+00,0.0000000000000000e+00,-4.0000000000000002e-01,8.0000000000000004e-01,-4.0000000000000002e-01,0.0000000000000000e+00,2.0000000000000001e-01,0.0000000000000000e+00,0.0000000000000000e+00,5.9999999999999998e-01,2.0000000000000001e-01,0.0000000000000000e+00,0.0000000000000000e+00,5.9999999999999998e-01
2.3818000000000000e-01,-2.2208600000000001e-01,9.7999999999999998e-01,0.0000000000000000e+00,0.0000000000000000e+00,0.0000000000000000e+00,1.0000000000000000e+00,0.0000000000000000e+00,0.0000000000000000e+00,-4.0000000000000002e-01,8.0000000000000004e-01,-4.0000000000000002e-01,0.0000000000000000e+00,0.0000000000000000e+00,-4.0000000000000002e-01,8.0000000000000004e-01,-4.0000000000000002e-01,0.0000000000000000e+00,2.0000000000000001e-01,0.0000000000000000e+00,0.0000000000000000e+00,5.9999999999999998e-01,2.0000000000000001e-01,0.0000000000000000e+00,0.0000000000000000e+00,5.9999999999999998e-01
2.3818000000000000e-01,-2.2208600000000001e-01,9.7999999999999998e-01,0.0000000000000000e+00,0.0000000000000000e+00,0.0000000000000000e+00,1.0000000000000000e+00,0.0000000000000000e+00,0.0000000000000000e+00,-4.0000000000000002e-01,8.0000000000000004e-01,-4.0000000000000002e-01,0.0000000000000000e+00,0.0000000000000000e+00,-4.0000000000000002e-01,8.0000000000000004e-01,-4.0000000000000002e-01,0.0000000000000000e+00,2.0000000000000001e-01,0.0000000000000000e+00,0.0000000000000000e+00,5.9999999999999998e-01,2.0000000000000001e-01,0.0000000000000000e+00,0.0000000000000000e+00,5.9999999999999998e-01
2.3818000000000000e-01,-2.2208600000000001e-01,9.7999999999999998e-01,0.0000000000000000e+00,0.0000000000000000e+00,0.0000000000000000e+00,1.0000000000000000e+00,0.0000000000000000e+00,0.0000000000000000e+00,-4.0000000000000002e-01,8.0000000000000004e-01,-4.0000000000000002e-01,0.0000000000000000e+00,0.0000000000000000e+00,-4.0000000000000002e-01,8.0000000000000004e-01,-4.0000000000000002e-01,0.0000000000000000e+00,2.0000000000000001e-01,0.0000000000000000e+00,0.0000000000000000e+00,5.9999999999999998e-01,2.0000000000000001e-01,0.0000000000000000e+00,0.0000000000000000e+00,5.9999999999999998e-01
2.3818000000000000e-01,-2.2208600000000001e-01,9.7999999999999998e-01,0.0000000000000000e+00,0.0000000000000000e+00,0.0000000000000000e+00,1.0000000000000000e+00,0.0000000000000000e+00,0.0000000000000000e+00,-4.0000000000000002e-01,8.0000000000000004e-01,-4.0000000000000002e-01,0.0000000000000000e+00,0.0000000000000000e+00,-4.0000000000000002e-01,8.0000000000000004e-01,-4.0000000000000002e-01,0.0000000000000000e+00,2.0000000000000001e-01,0.0000000000000000e+00,0.0000000000000000e+00,5.9999999999999998e-01,2.0000000000000001e-01,0.0000000000000000e+00,0.0000000000000000e+00,5.9999999999999998e-01
2.3818000000000000e-01,-2.2208600000000001e-01,9.7999999999999998e-01,0.0000000000000000e+00,0.0000000000000000e+00,0.0000000000000000e+00,1.0000000000000000e+00,0.0000000000000000e+00,0.0000000000000000e+00,-4.0000000000000002e-01,8.0000000000000004e-01,-4.0000000000000002e-01,0.0000000000000000e+00,0.0000000000000000e+00,-4.0000000000000002e-01,8.0000000000000004e-01,-4.0000000000000002e-01,0.0000000000000000e+00,2.0000000000000001e-01,0.0000000000000000e+00,0.0000000000000000e+00,5.9999999999999998e-01,2.0000000000000001e-01,0.0000000000000000e+00,0.0000000000000000e+00,5.9999999999999998e-01
2.3818000000000000e-01,-2.2208600000000001e-01,9.7999999999999998e-01,0.0000000000000000e+00,0.0000000000000000e+00,0.0000000000000000e+00,1.0000000000000000e+00,0.0000000000000000e+00,0.0000000000000000e+00,-4.0000000000000002e-01,8.0000000000000004e-01,-4.0000000000000002e-01,0.0000000000000000e+00,0.0000000000000000e+00,-4.0000000000000002e-01,8.0000000000000004e-01,-4.0000000000000002e-01,0.0000000000000000e+00,2.0000000000000001e-01,0.0000000000000000e+00,0.0000000000000000e+00,5.9999999999999998e-01,2.0000000000000001e-01,0.0000000000000000e+00,0.0000000000000000e+00,5.9999999999999998e-01
2.3818000000000000e-01,-2.2208600000000001e-01,9.7999999999999998e-01,0.0000000000000000e+00,0.0000000000000000e+00,0.0000000000000000e+00,1.0000000000000000e+00,0.0000000000000000e+00,0.0000000000000000e+00,-4.0000000000000002e-01,8.0000000000000004e-01,-4.0000000000000002e-01,0.0000000000000000e+00,0.0000000000000000e+00,-4.0000000000000002e-01,8.0000000000000004e-01,-4.0000000000000002e-01,0.0000000000000000e+00,2.0000000000000001e-01,0.0000000000000000e+00,0.0000000000000000e+00,5.9999999999999998e-01,2.0000000000000001e-01,0.0000000000000000e+00,0.0000000000000000e+00,5.9999999999999998e-01
2.3818000000000000e-01,-2.2208600000000001e-01,9.7999999999999998e-01,0.0000000000000000e+00,0.0000000000000000e+00,0.0000000000000000e+00,1.0000000000000000e+00,0.0000000000000000e+00,0.0000000000000000e+00,-4.0000000000000002e-01,8.0000000000000004e-01,-4.0000000000000002e-01,0.0000000000000000e+00,0.0000000000000000e+00,-4.0000000000000002e-01,8.0000000000000004e-01,-4.0000000000000002e-01,0.0000000000000000e+00,2.0000000000000001e-01,0.0000000000000000e+00,0.0000000000000000e+00,5.9999999999999998e-01,2.0000000000000001e-01,0.0000000000000000e+00,0.0000000000000000e+00,5.9999999999999998e-01
2.3818000000000000e-01,-2.2208600000000001e-01,9.7999999999999998e-01,0.0000000000000000e+00,0.0000000000000000e+00,0.0000000000000000e+00,1.0000000000000000e+00,0.0000000000000000e+00,0.0000000000000000e+00,-4.0000000000000002e-01,8.0000000000000004e-01,-4.0000000000000002e-01,0.0000000000000000e+00,0.0000000000000000e+00,-4.0000000000000002e-01,8.0000000000000004e-01,-4.0000000000000002e-01,0.0000000000000000e+00,2.0000000000000001e-01,0.0000000000000000e+00,0.0000000000000000e+00,5.9999999999999998e-01,2.0000000000000001e-01,0.0000000000000000e+00,0.0000000000000000e+00,5.9999999999999998e-01
2.3818000000000000e-01,-2.2208600000000001e-01,9.7999999999999998e-01,0.0000000000000000e+00,0.0000000000000000e+00,0.0000000000000000e+00,1.0000000000000000e+00,0.0000000000000000e+00,0.0000000000000000e+00,-4.0000000000000002e-01,8.0000000000000004e-01,-4.0000000000000002e-01,0.0000000000000000e+00,0.0000000000000000e+00,-4.0000000000000002e-01,8.0000000000000004e-01,-4.0000000000000002e-01,0.0000000000000000e+00,2.0000000000000001e-01,0.0000000000000000e+00,0.0000000000000000e+00,5.9999999999999998e-01,2.0000000000000001e-01,0.0000000000000000e+00,0.0000000000000000e+00,5.9999999999999998e-01
2.3818000000000000e-01,-2.2208600000000001e-01,9.7999999999999998e-01,0.0000000000000000e+00,0.0000000000000000e+00,0.0000000000000000e+00,1.0000000000000000e+00,0.0000000000000000e+00,0.0000000000000000e+00,-4.0000000000000002e-01,8.0000000000000004e-01,-4.0000000000000002e-01,0.0000000000000000e+00,0.0000000000000000e+00,-4.0000000000000002e-01,8.0000000000000004e-01,-4.0000000000000002e-01,0.0000000000000000e+00,2.0000000000000001e-01,0.0000000000000000e+00,0.0000000000000000e+00,5.9999999999999998e-01,2.0000000000000001e-01,0.0000000000000000e+00,0.0000000000000000e+00,5.9999999999999998e-01
